/*
SQLyog Ultimate v11.11 (64 bit)
MySQL - 5.5.5-10.1.13-MariaDB : Database - waihui
*********************************************************************
*/

/*!40101 SET NAMES utf8 */;

/*!40101 SET SQL_MODE=''*/;

/*!40014 SET @OLD_UNIQUE_CHECKS=@@UNIQUE_CHECKS, UNIQUE_CHECKS=0 */;
/*!40014 SET @OLD_FOREIGN_KEY_CHECKS=@@FOREIGN_KEY_CHECKS, FOREIGN_KEY_CHECKS=0 */;
/*!40101 SET @OLD_SQL_MODE=@@SQL_MODE, SQL_MODE='NO_AUTO_VALUE_ON_ZERO' */;
/*!40111 SET @OLD_SQL_NOTES=@@SQL_NOTES, SQL_NOTES=0 */;
CREATE DATABASE /*!32312 IF NOT EXISTS*/`waihui` /*!40100 DEFAULT CHARACTER SET utf8 */;

USE `waihui`;

/*Table structure for table `sport_user` */

DROP TABLE IF EXISTS `sport_user`;

CREATE TABLE `sport_user` (
  `id` varchar(36) NOT NULL COMMENT '主键，自增ID',
  `email` varchar(128) DEFAULT NULL COMMENT '登录注册时用的邮箱',
  `mobile` varchar(13) DEFAULT NULL COMMENT '登录注册时用的手机号码',
  `password` varchar(32) DEFAULT NULL,
  `nick_name` varchar(100) DEFAULT NULL COMMENT '别名',
  `cname` varchar(100) DEFAULT NULL COMMENT '中文名',
  `ename` varchar(100) DEFAULT NULL COMMENT '英文名',
  `gender` int(2) DEFAULT NULL COMMENT '性别(1.男  2.女)',
  `utype` int(4) DEFAULT NULL COMMENT '身份类型：1，普通会员；2，教练；3，队长；4，裁判',
  `trainer_level` int(4) DEFAULT NULL COMMENT '教练级别0：顶级教练，1：教练 2  vip用户可查看课件',
  `papers_pic` varchar(150) DEFAULT NULL COMMENT '证件图片',
  `province` varchar(36) DEFAULT NULL COMMENT '对应省份',
  `location` varchar(36) DEFAULT NULL COMMENT '用户所在地 区域',
  `position` varchar(20) DEFAULT NULL COMMENT '在团队中的位置，比如左边锋',
  `pic` varchar(200) DEFAULT NULL COMMENT '用户头像url',
  `micro_pic` varchar(150) DEFAULT NULL COMMENT '缩略图url',
  `description` varchar(2000) DEFAULT NULL COMMENT '自我介绍',
  `visible_stat` int(4) DEFAULT '0' COMMENT '是否可见（0：不可见，1：可见）',
  `last_login_time` datetime DEFAULT NULL COMMENT '最后登录时间',
  `last_update_time` datetime DEFAULT NULL COMMENT '最新更新时间',
  `create_time` datetime DEFAULT NULL COMMENT '创建时间',
  `audit` int(4) DEFAULT '0',
  `stat` int(4) NOT NULL DEFAULT '1' COMMENT '是否有效：1表示有效；0表示无效',
  `qq` varchar(100) DEFAULT NULL COMMENT 'QQ第三方登录ID',
  `weixin` varchar(100) DEFAULT NULL COMMENT '微信第三方登录ID                 ',
  `sina` varchar(100) DEFAULT NULL COMMENT '新浪第三方登录ID',
  `telephone` varchar(50) DEFAULT NULL COMMENT '座机号码',
  `postcode` varchar(6) DEFAULT NULL COMMENT '邮编',
  `detailed_address` varchar(500) DEFAULT NULL COMMENT '地址详情',
  `lecturer` int(4) DEFAULT '0' COMMENT '培训主讲人(0:不是;1:是培训主讲人)',
  `birthday` varchar(10) DEFAULT NULL COMMENT '生日',
  `team_id` varchar(36) DEFAULT NULL COMMENT '球队id',
  `area` varchar(36) DEFAULT NULL COMMENT '市',
  `qrcode` varchar(150) DEFAULT NULL COMMENT '二维码图片路径',
  PRIMARY KEY (`id`)
) ENGINE=InnoDB DEFAULT CHARSET=utf8 COMMENT='用户表';

/*Data for the table `sport_user` */

insert  into `sport_user`(`id`,`email`,`mobile`,`password`,`nick_name`,`cname`,`ename`,`gender`,`utype`,`trainer_level`,`papers_pic`,`province`,`location`,`position`,`pic`,`micro_pic`,`description`,`visible_stat`,`last_login_time`,`last_update_time`,`create_time`,`audit`,`stat`,`qq`,`weixin`,`sina`,`telephone`,`postcode`,`detailed_address`,`lecturer`,`birthday`,`team_id`,`area`,`qrcode`) values ('07c295e2-f85f-4b4d-97d5-bdde50f7e822',NULL,'13918029101','4f932163614ec20c6a25e1decb5a6189','juju_q5736',NULL,NULL,NULL,2,NULL,NULL,NULL,NULL,NULL,NULL,NULL,NULL,0,NULL,'2016-03-25 13:59:12','2016-03-25 13:59:11',0,1,NULL,NULL,NULL,NULL,NULL,NULL,0,NULL,NULL,NULL,'\\upload\\qrcodes\\07c295e2-f85f-4b4d-97d5-bdde50f7e822.png'),('0b6f77b1-92af-4a02-bcc7-ab5d3584e483','123@163.com','13455556666','e10adc3949ba59abbe56e057f20f883e','rt37555557','yy',NULL,1,1,NULL,'/upload/20151215/90108255ca524b22a9164f065af104e1.jpg','430000','430101',NULL,NULL,'/static/img/p_sim.png',NULL,1,NULL,'2015-12-15 11:59:18','2015-12-15 10:55:59',0,1,NULL,NULL,NULL,'0988-2333333-4',NULL,NULL,NULL,NULL,NULL,NULL,NULL),('0dd1d3a7-1d2c-4f95-bd02-4e076a944101','','156187855772','9628b500384657a6e5d52b64c1156ec0',NULL,NULL,NULL,NULL,1,NULL,'',NULL,NULL,NULL,NULL,NULL,NULL,0,NULL,NULL,'2016-01-19 09:15:56',0,1,NULL,NULL,NULL,NULL,NULL,NULL,0,NULL,NULL,NULL,NULL),('0dd1d3a7-1d2c-4f95-bd02-4e076a944108','','13521253960','e10adc3949ba59abbe56e057f20f883e',NULL,NULL,NULL,NULL,2,1,'/upload/20151208/868e5c6b904c46dba9d73bb1d2e7e18f.png',NULL,NULL,NULL,NULL,NULL,NULL,0,NULL,'2015-12-29 14:28:39','2015-12-08 17:02:50',0,0,NULL,NULL,NULL,NULL,NULL,NULL,NULL,NULL,NULL,NULL,NULL),('197729c6-3373-4a0f-a9c2-0e8a5af0ef12','','15921180740','e10adc3949ba59abbe56e057f20f883e','11111112','222222222',NULL,2,3,NULL,'/upload/20151210/8ea7cb6dbeaa4b4f8d5c88a2940f0170.jpg','120000','120101',NULL,NULL,'/static/img/p_sim.png',NULL,1,'2015-12-15 21:28:56','2015-12-15 21:28:56','2015-12-10 16:16:17',0,1,NULL,NULL,NULL,'021-111111111111-11',NULL,NULL,NULL,NULL,NULL,NULL,NULL),('2e97639c-0316-4132-af50-96f7617ea164','','18501718648','96e79218965eb72c92a549dd5a330112',NULL,NULL,NULL,NULL,3,NULL,'/upload/20151215/205cd45f0cfb463baf01b5f95948b2af.jpg',NULL,NULL,NULL,NULL,NULL,NULL,1,NULL,NULL,'2015-12-15 18:22:48',0,1,NULL,NULL,NULL,NULL,NULL,NULL,NULL,NULL,NULL,NULL,NULL),('30e80ddd-751b-46e2-bdc7-20abb1b7fb5e','jamhihi@126.com','13012817028','96e79218965eb72c92a549dd5a330112','juju_x2392',NULL,NULL,NULL,1,NULL,NULL,NULL,NULL,NULL,NULL,NULL,NULL,0,NULL,'2016-03-18 17:07:14','2016-03-18 09:47:23',0,1,NULL,NULL,NULL,NULL,NULL,NULL,0,NULL,'0bc20f4d-8028-4565-96d9-eedfaeebed82',NULL,'\\upload\\qrcodes\\30e80ddd-751b-46e2-bdc7-20abb1b7fb5e.png'),('32f73d77-dff8-49e0-bc13-b81fbb433b2a','99@99.com','15225562766','ba954023e9ee590ab082b65b81b6b93d',NULL,'12132',NULL,NULL,2,NULL,'/upload/20151216/e12ef2423af94785b3002155b60c9ec2.jpg','310000','310107',NULL,NULL,NULL,NULL,1,'2015-12-16 10:32:14','2015-12-29 14:29:36','2015-12-16 10:14:57',0,0,NULL,NULL,NULL,'0379-7458666-',NULL,NULL,NULL,NULL,NULL,NULL,NULL),('40b41478-1094-49da-b21a-9ab7c7cbb42f',NULL,'18721472363','e10adc3949ba59abbe56e057f20f883e','王翔','王翔',NULL,1,1,NULL,NULL,'上海市','黄浦区',NULL,'z:\\upload/20160325/796cc1264a3249aea86cde4f7a332577.jpg',NULL,NULL,0,NULL,'2016-03-25 13:55:55','2016-03-17 11:35:37',0,1,NULL,NULL,NULL,'0559-2563354121','245000','嘉华中心',0,NULL,'0bc20f4d-8028-4565-96d9-eedfaeebed82','330100','\\upload\\qrcodes\\40b41478-1094-49da-b21a-9ab7c7cbb42f.png'),('590325e0-9e03-4cd3-9362-efed84013dab','jam_yin@ssic.cn','18855446666','8d4975faca71b28d25a1c968c597b573','测试',NULL,NULL,1,NULL,NULL,NULL,NULL,NULL,NULL,NULL,NULL,NULL,0,NULL,'2016-03-14 17:18:25','2016-02-23 14:57:51',0,1,NULL,NULL,NULL,NULL,NULL,NULL,0,'1990-01-01',NULL,NULL,NULL),('706788b4-19da-4ce4-946c-c9a5eeb15aa2','1234@1234.cn','15225562766','ba954023e9ee590ab082b65b81b6b93d',NULL,'王毛蕤',NULL,NULL,3,NULL,'/upload/20151216/0d3bb2dfdf8742c1a81c35f1bf94f845.jpg','360000','360104',NULL,NULL,NULL,NULL,1,'2015-12-16 13:41:03','2015-12-16 13:45:17','2015-12-16 13:40:44',0,1,NULL,NULL,NULL,'0379-7458666-','000000',NULL,NULL,NULL,NULL,NULL,NULL),('7e207fef-4312-4b20-935c-14e9f4d67665','','13212817028','71b596cb42ee254f7416043d184fc970','ken222','老大111',NULL,1,3,NULL,'/upload/20151209/c32ecee52117446a95220e4c735d5db2.jpg','340000','341102',NULL,'/upload/20160318/e24911d5372b421fb5b343f7e5483fbe.jpg','/static/img/p_sim.png',NULL,1,'2015-12-24 17:38:03','2016-03-18 17:09:03','2015-12-09 17:38:03',0,1,NULL,NULL,NULL,NULL,NULL,NULL,NULL,NULL,NULL,'341100',NULL),('865da2b5-dbe2-42ce-97e8-597ea491eafc','12@12.cn','15225562766','e10adc3949ba59abbe56e057f20f883e',NULL,'张三',NULL,NULL,2,NULL,'/upload/20151209/2515bc0720c44a5199e046602606ae90.jpg',NULL,NULL,NULL,NULL,NULL,NULL,1,NULL,'2015-12-29 14:28:39','2015-12-09 13:29:39',0,0,NULL,NULL,NULL,'4103-7458666-0319',NULL,NULL,NULL,NULL,NULL,NULL,NULL),('8de82083-7bf3-4687-8f26-5c2329fb3b79','88@88.com','15225562766','ba954023e9ee590ab082b65b81b6b93d','你不知道的是','hello Mr',NULL,1,2,NULL,'/upload/20151216/de4be6d86c6e4c1ba83639e81928c896.jpg','410000','410103',NULL,NULL,'/upload/20151216/beb2e898498543dea5e3cef5f33e537e.jpg',NULL,1,'2015-12-16 13:29:45','2015-12-29 14:29:36','2015-12-16 10:50:34',0,0,NULL,NULL,NULL,'0379-7658666-0000','000000',NULL,NULL,NULL,NULL,NULL,NULL),('94a27c76-ec95-11e5-a885-00155d01ef04',NULL,'13524036926','0e9ec0b32522ab21038cbb847d19d25c',NULL,'夏斌',NULL,1,1,2,NULL,NULL,NULL,NULL,NULL,NULL,NULL,0,NULL,NULL,'2016-03-28 14:14:30',0,1,NULL,NULL,NULL,NULL,NULL,NULL,0,NULL,NULL,NULL,NULL),('a3cd1960-b9f7-11e5-a885-00155d01ef04',NULL,'15800766589','d626ac9a4e02d883db66fa280759c139',NULL,'朱晓婷',NULL,1,1,2,NULL,NULL,NULL,NULL,NULL,NULL,NULL,0,NULL,NULL,'2016-01-15 10:00:37',0,1,NULL,NULL,NULL,NULL,NULL,NULL,0,NULL,NULL,NULL,NULL),('a3efc072-0142-4fff-b951-3adc659a70c9',NULL,'15221235675','e10adc3949ba59abbe56e057f20f883e','zgy','张妹妹',NULL,1,3,NULL,NULL,'210000','210624',NULL,NULL,NULL,NULL,0,NULL,'2016-03-17 16:25:32','2016-03-16 17:24:20',0,1,NULL,NULL,NULL,'0559-125002121','245000','一个测试',0,NULL,'0bc20f4d-8028-4565-96d9-eedfaeebed82','210600','\\upload\\qrcodes\\a3efc072-0142-4fff-b951-3adc659a70c9.png'),('b8c4880a-3d1c-491a-a6fa-b8332e83b32a','','13112817028','71b596cb42ee254f7416043d184fc970',NULL,NULL,NULL,NULL,3,NULL,'/upload/20151127/7f4237760158480381e83c2984ac4a45.jpg',NULL,NULL,NULL,NULL,NULL,NULL,1,NULL,'2015-12-25 15:50:00','2015-11-27 10:51:08',1,1,NULL,NULL,NULL,NULL,NULL,NULL,NULL,NULL,NULL,NULL,NULL),('c0e6babf-b9f3-11e5-a885-00155d01ef04',NULL,'15800766589','d626ac9a4e02d883db66fa280759c139',NULL,'朱晓婷',NULL,1,1,2,NULL,NULL,NULL,NULL,NULL,NULL,NULL,0,'2016-01-15 09:33:31','2016-01-15 09:33:31','2016-01-15 09:50:17',0,1,NULL,NULL,NULL,NULL,NULL,NULL,0,NULL,NULL,NULL,NULL),('cf952504-25ed-46cf-bfbf-6d96a0138f48','zpp6411639@163.com',NULL,'96e79218965eb72c92a549dd5a330112',NULL,NULL,NULL,NULL,2,NULL,NULL,NULL,NULL,NULL,NULL,NULL,NULL,0,NULL,NULL,'2016-03-17 16:07:03',0,1,NULL,NULL,NULL,NULL,NULL,NULL,0,NULL,NULL,NULL,NULL),('d4ba96c5-b9f7-11e5-a885-00155d01ef04',NULL,'15800766589','d626ac9a4e02d883db66fa280759c139',NULL,'朱晓婷',NULL,1,1,2,NULL,NULL,NULL,NULL,NULL,NULL,NULL,0,NULL,NULL,'2016-01-15 10:01:59',0,1,NULL,NULL,NULL,NULL,NULL,NULL,0,NULL,NULL,NULL,NULL),('d4bb9b48-b9f7-11e5-a885-00155d01ef04',NULL,'13917620884','2f2d2cbb97a16d7e5948613e059e2036',NULL,'陶天明',NULL,1,1,2,NULL,NULL,NULL,NULL,NULL,NULL,NULL,0,NULL,NULL,'2016-01-15 10:01:59',0,1,NULL,NULL,NULL,NULL,NULL,NULL,0,NULL,NULL,NULL,NULL),('d4bc3ada-b9f7-11e5-a885-00155d01ef04',NULL,'15921416919','6d4ca9df9fe72d2b5827ab45cea53b05',NULL,'赵佳韡',NULL,1,1,2,NULL,NULL,NULL,NULL,NULL,NULL,NULL,0,NULL,NULL,'2016-01-15 10:01:59',0,1,NULL,NULL,NULL,NULL,NULL,NULL,0,NULL,NULL,NULL,NULL),('d4bd08c5-b9f7-11e5-a885-00155d01ef04',NULL,'13918957285','db4f2d16568924de73aee89c998a7a76',NULL,'鞠国际',NULL,1,1,2,NULL,NULL,NULL,NULL,NULL,NULL,NULL,0,NULL,NULL,'2016-01-15 10:01:59',0,1,NULL,NULL,NULL,NULL,NULL,NULL,0,NULL,NULL,NULL,NULL),('d4bdd366-b9f7-11e5-a885-00155d01ef04',NULL,'18321848110','23a1a391d76a975fb4abeefff36fcc54',NULL,'朱冯平',NULL,1,1,2,NULL,NULL,NULL,NULL,NULL,NULL,NULL,0,NULL,NULL,'2016-01-15 10:01:59',0,1,NULL,NULL,NULL,NULL,NULL,NULL,0,NULL,NULL,NULL,NULL),('d4be9d4c-b9f7-11e5-a885-00155d01ef04',NULL,'18964794661','be9db649fffc1c6cfd327faed2d2e693',NULL,'陈旭东',NULL,1,1,2,NULL,NULL,NULL,NULL,NULL,NULL,NULL,0,NULL,NULL,'2016-01-15 10:01:59',0,1,NULL,NULL,NULL,NULL,NULL,NULL,0,NULL,NULL,NULL,NULL),('d4bf732c-b9f7-11e5-a885-00155d01ef04',NULL,'13917782271','0545ca944daf6c5794c76cdc4996cc3f',NULL,'金仁杰',NULL,1,1,2,NULL,NULL,NULL,NULL,NULL,NULL,NULL,0,NULL,NULL,'2016-01-15 10:01:59',0,1,NULL,NULL,NULL,NULL,NULL,NULL,0,NULL,NULL,NULL,NULL),('d4c04c24-b9f7-11e5-a885-00155d01ef04',NULL,'18916260292','cca52e04cc1dc5299af059fb5d2b7013',NULL,'干浩萍',NULL,1,1,2,NULL,NULL,NULL,NULL,NULL,NULL,NULL,0,NULL,NULL,'2016-01-15 10:01:59',0,1,NULL,NULL,NULL,NULL,NULL,NULL,0,NULL,NULL,NULL,NULL),('d4c0e045-b9f7-11e5-a885-00155d01ef04',NULL,'13916729383','083578e28f632f0b5ab663531aa6d27a',NULL,'王嘉麒',NULL,1,1,2,NULL,NULL,NULL,NULL,NULL,NULL,NULL,0,NULL,NULL,'2016-01-15 10:01:59',0,1,NULL,NULL,NULL,NULL,NULL,NULL,0,NULL,NULL,NULL,NULL),('d4c1a690-b9f7-11e5-a885-00155d01ef04',NULL,'13564615649','bbafe3f11233ebe5cc35a50d4f65ff7b',NULL,'郑立元',NULL,1,1,2,NULL,NULL,NULL,NULL,NULL,NULL,NULL,0,NULL,NULL,'2016-01-15 10:01:59',0,1,NULL,NULL,NULL,NULL,NULL,NULL,0,NULL,NULL,NULL,NULL),('d4c2790a-b9f7-11e5-a885-00155d01ef04',NULL,'13641606909','1568385eeabfd65873d03a7e2be66335',NULL,'袁春',NULL,1,1,2,NULL,NULL,NULL,NULL,NULL,NULL,NULL,0,NULL,NULL,'2016-01-15 10:01:59',0,1,NULL,NULL,NULL,NULL,NULL,NULL,0,NULL,NULL,NULL,NULL),('d4c348c9-b9f7-11e5-a885-00155d01ef04',NULL,'15901878989','00d9003521e27062bec59057a7fd63a0',NULL,'毛小萍',NULL,1,1,2,NULL,NULL,NULL,NULL,NULL,NULL,NULL,0,NULL,NULL,'2016-01-15 10:01:59',0,1,NULL,NULL,NULL,NULL,NULL,NULL,0,NULL,NULL,NULL,NULL),('d4c40ad3-b9f7-11e5-a885-00155d01ef04',NULL,'13564908304','3fa9c1956f362925838552483aff81f8',NULL,'张俊',NULL,1,1,2,NULL,NULL,NULL,NULL,NULL,NULL,NULL,0,NULL,NULL,'2016-01-15 10:01:59',0,1,NULL,NULL,NULL,NULL,NULL,NULL,0,NULL,NULL,NULL,NULL),('d4c4b379-b9f7-11e5-a885-00155d01ef04',NULL,'13611692137','201606e964c44eae2319ff7023a7c758',NULL,'陆君锋',NULL,1,1,2,NULL,NULL,NULL,NULL,NULL,NULL,NULL,0,NULL,NULL,'2016-01-15 10:01:59',0,1,NULL,NULL,NULL,NULL,NULL,NULL,0,NULL,NULL,NULL,NULL),('d4c5635a-b9f7-11e5-a885-00155d01ef04',NULL,'18018552278','f103822ca0758076e1a2625bab135098',NULL,'徐斌',NULL,1,1,2,NULL,NULL,NULL,NULL,NULL,NULL,NULL,0,NULL,NULL,'2016-01-15 10:01:59',0,1,NULL,NULL,NULL,NULL,NULL,NULL,0,NULL,NULL,NULL,NULL),('d4c62dbc-b9f7-11e5-a885-00155d01ef04',NULL,'13524874295','f41ce28b7e64935c108bb80cccfc2efe',NULL,'蔡艳红',NULL,1,1,2,NULL,NULL,NULL,NULL,NULL,NULL,NULL,0,NULL,NULL,'2016-01-15 10:01:59',0,1,NULL,NULL,NULL,NULL,NULL,NULL,0,NULL,NULL,NULL,NULL),('d4c6f161-b9f7-11e5-a885-00155d01ef04',NULL,'18721423910','125de9834392430f74a7423ee32b3476',NULL,'张辉',NULL,1,1,2,NULL,NULL,NULL,NULL,NULL,NULL,NULL,0,NULL,NULL,'2016-01-15 10:01:59',0,1,NULL,NULL,NULL,NULL,NULL,NULL,0,NULL,NULL,NULL,NULL),('d4c7ac92-b9f7-11e5-a885-00155d01ef04',NULL,'13764547079','28fa10065a8481936a690e7347a66f4d',NULL,'高树元',NULL,1,1,2,NULL,NULL,NULL,NULL,NULL,NULL,NULL,0,NULL,NULL,'2016-01-15 10:01:59',0,1,NULL,NULL,NULL,NULL,NULL,NULL,0,NULL,NULL,NULL,NULL),('d4c87052-b9f7-11e5-a885-00155d01ef04',NULL,'13816205072','a240240303e124d4efb694f0e98ffdba',NULL,'徐晶',NULL,1,1,2,NULL,NULL,NULL,NULL,NULL,NULL,NULL,0,NULL,NULL,'2016-01-15 10:01:59',0,1,NULL,NULL,NULL,NULL,NULL,NULL,0,NULL,NULL,NULL,NULL),('d4c963ec-b9f7-11e5-a885-00155d01ef04',NULL,'18721423910','125de9834392430f74a7423ee32b3476',NULL,'张辉',NULL,1,1,2,NULL,NULL,NULL,NULL,NULL,NULL,NULL,0,NULL,NULL,'2016-01-15 10:01:59',0,1,NULL,NULL,NULL,NULL,NULL,NULL,0,NULL,NULL,NULL,NULL),('d4c9f1a7-b9f7-11e5-a885-00155d01ef04',NULL,'13817133747','5208bc2efbfd3c982ffbeacf78ebfcb3',NULL,'陆寅',NULL,1,1,2,NULL,NULL,NULL,NULL,NULL,NULL,NULL,0,NULL,NULL,'2016-01-15 10:01:59',0,1,NULL,NULL,NULL,NULL,NULL,NULL,0,NULL,NULL,NULL,NULL),('d4cad4b6-b9f7-11e5-a885-00155d01ef04',NULL,'13818292239','2f64fdced8e47744cf7f81ea3545e73c',NULL,'李勇',NULL,1,1,2,NULL,NULL,NULL,NULL,NULL,NULL,NULL,0,NULL,NULL,'2016-01-15 10:01:59',0,1,NULL,NULL,NULL,NULL,NULL,NULL,0,NULL,NULL,NULL,NULL),('d4cb9cb3-b9f7-11e5-a885-00155d01ef04',NULL,'18217112661','bf9ad7b3f893b1feb684bccd3c7f4b25',NULL,'高志华',NULL,1,1,2,NULL,NULL,NULL,NULL,NULL,NULL,NULL,0,NULL,NULL,'2016-01-15 10:01:59',0,1,NULL,NULL,NULL,NULL,NULL,NULL,0,NULL,NULL,NULL,NULL),('d4cc65fe-b9f7-11e5-a885-00155d01ef04',NULL,'15802183900','95da403c2b4d20a7b324700ca03d5481',NULL,'严纪中',NULL,1,1,2,NULL,NULL,NULL,NULL,NULL,NULL,NULL,0,NULL,NULL,'2016-01-15 10:02:00',0,1,NULL,NULL,NULL,NULL,NULL,NULL,0,NULL,NULL,NULL,NULL),('d4cd3d37-b9f7-11e5-a885-00155d01ef04',NULL,'13818356132','a9ce7bee8a69685d46211dceab03da69',NULL,'葛富强',NULL,1,1,2,NULL,NULL,NULL,NULL,NULL,NULL,NULL,0,NULL,NULL,'2016-01-15 10:02:00',0,1,NULL,NULL,NULL,NULL,NULL,NULL,0,NULL,NULL,NULL,NULL),('d4ce02b3-b9f7-11e5-a885-00155d01ef04',NULL,'13917113243','d3a127718e1067cb2d9e240c288abb42',NULL,'陈梓康',NULL,1,1,2,NULL,NULL,NULL,NULL,NULL,NULL,NULL,0,NULL,NULL,'2016-01-15 10:02:00',0,1,NULL,NULL,NULL,NULL,NULL,NULL,0,NULL,NULL,NULL,NULL),('d4ceaf42-b9f7-11e5-a885-00155d01ef04',NULL,'15901912858','a57807c81690eb3f15132aef4d618544',NULL,'孙惠新',NULL,1,1,2,NULL,NULL,NULL,NULL,NULL,NULL,NULL,0,NULL,NULL,'2016-01-15 10:02:00',0,1,NULL,NULL,NULL,NULL,NULL,NULL,0,NULL,NULL,NULL,NULL),('d4cf89a2-b9f7-11e5-a885-00155d01ef04',NULL,'13636378789','1164f8fc20669a44d4c87123bcf6ff73',NULL,'张锴笈',NULL,1,1,2,NULL,NULL,NULL,NULL,NULL,NULL,NULL,0,NULL,NULL,'2016-01-15 10:02:00',0,1,NULL,NULL,NULL,NULL,NULL,NULL,0,NULL,NULL,NULL,NULL),('d4d04e63-b9f7-11e5-a885-00155d01ef04',NULL,'13795416098','6229328150a59315b9ee11825648f8d7',NULL,'段秋宇',NULL,1,1,2,NULL,NULL,NULL,NULL,NULL,NULL,NULL,0,NULL,NULL,'2016-01-15 10:02:00',0,1,NULL,NULL,NULL,NULL,NULL,NULL,0,NULL,NULL,NULL,NULL),('d4d111b2-b9f7-11e5-a885-00155d01ef04',NULL,'18616729838','46a555b3244062e3af3839e6004f4b2b',NULL,'陈臣',NULL,1,1,2,NULL,NULL,NULL,NULL,NULL,NULL,NULL,0,NULL,NULL,'2016-01-15 10:02:00',0,1,NULL,NULL,NULL,NULL,NULL,NULL,0,NULL,NULL,NULL,NULL),('d4d1c83c-b9f7-11e5-a885-00155d01ef04',NULL,'15021388809','0e7e08dbc269a90f39daf1d6612155ce',NULL,'徐家静',NULL,1,1,2,NULL,NULL,NULL,NULL,NULL,NULL,NULL,0,NULL,NULL,'2016-01-15 10:02:00',0,1,NULL,NULL,NULL,NULL,NULL,NULL,0,NULL,NULL,NULL,NULL),('d4d2ad0a-b9f7-11e5-a885-00155d01ef04',NULL,'13472832424','f2e70259a7ac745a12d4fcbf4307a064',NULL,'陈斌',NULL,1,1,2,NULL,NULL,NULL,NULL,NULL,NULL,NULL,0,NULL,NULL,'2016-01-15 10:02:00',0,1,NULL,NULL,NULL,NULL,NULL,NULL,0,NULL,NULL,NULL,NULL),('d4d34e3a-b9f7-11e5-a885-00155d01ef04',NULL,'13301733789','6d832e20d6587df464957d75e164633f',NULL,'吴杰',NULL,1,1,2,NULL,NULL,NULL,NULL,NULL,NULL,NULL,0,NULL,NULL,'2016-01-15 10:02:00',0,1,NULL,NULL,NULL,NULL,NULL,NULL,0,NULL,NULL,NULL,NULL),('d4d40b1a-b9f7-11e5-a885-00155d01ef04',NULL,'13901787939','64668d1db84d47dec7b174f5f6e8f920',NULL,'高波',NULL,1,1,2,NULL,NULL,NULL,NULL,NULL,NULL,NULL,0,NULL,NULL,'2016-01-15 10:02:00',0,1,NULL,NULL,NULL,NULL,NULL,NULL,0,NULL,NULL,NULL,NULL),('d4d4f0b0-b9f7-11e5-a885-00155d01ef04',NULL,'13795384714','e24842c03e01aa3db6e30faa35e27c76',NULL,'戴文强',NULL,1,1,2,NULL,NULL,NULL,NULL,NULL,NULL,NULL,0,NULL,NULL,'2016-01-15 10:02:00',0,1,NULL,NULL,NULL,NULL,NULL,NULL,0,NULL,NULL,NULL,NULL),('d4d5d307-b9f7-11e5-a885-00155d01ef04',NULL,'13391133091','6b34f3bfb3c266499d530161ad8173cc',NULL,'谢磊',NULL,1,1,2,NULL,NULL,NULL,NULL,NULL,NULL,NULL,0,NULL,NULL,'2016-01-15 10:02:00',0,1,NULL,NULL,NULL,NULL,NULL,NULL,0,NULL,NULL,NULL,NULL),('d4d69d66-b9f7-11e5-a885-00155d01ef04',NULL,'15901808061','00d9003521e27062bec59057a7fd63a0',NULL,'翁彬彬',NULL,1,1,2,NULL,NULL,NULL,NULL,NULL,NULL,NULL,0,NULL,NULL,'2016-01-15 10:02:00',0,1,NULL,NULL,NULL,NULL,NULL,NULL,0,NULL,NULL,NULL,NULL),('d4d7658f-b9f7-11e5-a885-00155d01ef04',NULL,'13801846946','eba8378765bc57ca7fc1e5f2b30bd739',NULL,'马盛军',NULL,1,1,2,NULL,NULL,NULL,NULL,NULL,NULL,NULL,0,NULL,NULL,'2016-01-15 10:02:00',0,1,NULL,NULL,NULL,NULL,NULL,NULL,0,NULL,NULL,NULL,NULL),('d4d801c2-b9f7-11e5-a885-00155d01ef04',NULL,'13916690815','2546704af3fa713270e29040f036b167',NULL,'吴甬',NULL,1,1,2,NULL,NULL,NULL,NULL,NULL,NULL,NULL,0,NULL,NULL,'2016-01-15 10:02:00',0,1,NULL,NULL,NULL,NULL,NULL,NULL,0,NULL,NULL,NULL,NULL),('d4d8c959-b9f7-11e5-a885-00155d01ef04',NULL,'13512127970','79ef85aca28b5da734f174b439536c44',NULL,'秦峰',NULL,1,1,2,NULL,NULL,NULL,NULL,NULL,NULL,NULL,0,NULL,NULL,'2016-01-15 10:02:00',0,1,NULL,NULL,NULL,NULL,NULL,NULL,0,NULL,NULL,NULL,NULL),('d4d98e2b-b9f7-11e5-a885-00155d01ef04',NULL,'13621905942','889b06ff7d4c259058160e400a136aef',NULL,'龚殊泽',NULL,1,1,2,NULL,NULL,NULL,NULL,NULL,NULL,NULL,0,NULL,NULL,'2016-01-15 10:02:00',0,1,NULL,NULL,NULL,NULL,NULL,NULL,0,NULL,NULL,NULL,NULL),('d4da4ed3-b9f7-11e5-a885-00155d01ef04',NULL,'13817918827','f708bc74cb22922dcaead5dadff629f1',NULL,'孙嘉伟',NULL,1,1,2,NULL,NULL,NULL,NULL,NULL,NULL,NULL,0,NULL,NULL,'2016-01-15 10:02:00',0,1,NULL,NULL,NULL,NULL,NULL,NULL,0,NULL,NULL,NULL,NULL),('d4db0bb6-b9f7-11e5-a885-00155d01ef04',NULL,'18101867078','0eae92629ffc0a7f8e3da331d6165c22',NULL,'赵辉',NULL,1,1,2,NULL,NULL,NULL,NULL,NULL,NULL,NULL,0,NULL,NULL,'2016-01-15 10:02:00',0,1,NULL,NULL,NULL,NULL,NULL,NULL,0,NULL,NULL,NULL,NULL),('d4dbd29b-b9f7-11e5-a885-00155d01ef04',NULL,'15105495132','121600c1f0ffb59980161c6fc39d072f',NULL,'钱恺捷',NULL,1,1,2,NULL,NULL,NULL,NULL,NULL,NULL,NULL,0,NULL,NULL,'2016-01-15 10:02:00',0,1,NULL,NULL,NULL,NULL,NULL,NULL,0,NULL,NULL,NULL,NULL),('d4dc6da6-b9f7-11e5-a885-00155d01ef04',NULL,'13761217213','df8053de940366bac8d00b57f039f9f9',NULL,'孙卫国',NULL,1,1,2,NULL,NULL,NULL,NULL,NULL,NULL,NULL,0,NULL,NULL,'2016-01-15 10:02:00',0,1,NULL,NULL,NULL,NULL,NULL,NULL,0,NULL,NULL,NULL,NULL),('d4dd26c4-b9f7-11e5-a885-00155d01ef04',NULL,'18221357012','e8ebae5c0a4848047cb094191614fc2a',NULL,'范王俊',NULL,1,1,2,NULL,NULL,NULL,NULL,NULL,NULL,NULL,0,NULL,NULL,'2016-01-15 10:02:00',0,1,NULL,NULL,NULL,NULL,NULL,NULL,0,NULL,NULL,NULL,NULL),('d4ddecd1-b9f7-11e5-a885-00155d01ef04',NULL,'13585631692','a56994e6d5158b47b0affbcd11249270',NULL,'瞿斌',NULL,1,1,2,NULL,NULL,NULL,NULL,NULL,NULL,NULL,0,NULL,NULL,'2016-01-15 10:02:00',0,1,NULL,NULL,NULL,NULL,NULL,NULL,0,NULL,NULL,NULL,NULL),('d4de9881-b9f7-11e5-a885-00155d01ef04',NULL,'13512153631','79ef85aca28b5da734f174b439536c44',NULL,'计兴盛',NULL,1,1,2,NULL,NULL,NULL,NULL,NULL,NULL,NULL,0,NULL,NULL,'2016-01-15 10:02:00',0,1,NULL,NULL,NULL,NULL,NULL,NULL,0,NULL,NULL,NULL,NULL),('d4df5ae1-b9f7-11e5-a885-00155d01ef04',NULL,'13774203640','42fe2d4f05a45a417eab9b99c114d3cf',NULL,'杨明娟',NULL,1,1,2,NULL,NULL,NULL,NULL,NULL,NULL,NULL,0,NULL,NULL,'2016-01-15 10:02:00',0,1,NULL,NULL,NULL,NULL,NULL,NULL,0,NULL,NULL,NULL,NULL),('d4e00d43-b9f7-11e5-a885-00155d01ef04',NULL,'13818586345','3c2e9d3a3c6ddd6325285fe5d2836d14',NULL,'朱嘉',NULL,1,1,2,NULL,NULL,NULL,NULL,NULL,NULL,NULL,0,NULL,NULL,'2016-01-15 10:02:00',0,1,NULL,NULL,NULL,NULL,NULL,NULL,0,NULL,NULL,NULL,NULL),('d4e09e31-b9f7-11e5-a885-00155d01ef04',NULL,'13761297027','df8053de940366bac8d00b57f039f9f9',NULL,'王晓华',NULL,1,1,2,NULL,NULL,NULL,NULL,NULL,NULL,NULL,0,NULL,NULL,'2016-01-15 10:02:00',0,1,NULL,NULL,NULL,NULL,NULL,NULL,0,NULL,NULL,NULL,NULL),('d4e14bd5-b9f7-11e5-a885-00155d01ef04',NULL,'13564934623','3fa9c1956f362925838552483aff81f8',NULL,'邬鑫',NULL,1,1,2,NULL,NULL,NULL,NULL,NULL,NULL,NULL,0,NULL,NULL,'2016-01-15 10:02:00',0,1,NULL,NULL,NULL,NULL,NULL,NULL,0,NULL,NULL,NULL,NULL),('d4e1fd3d-b9f7-11e5-a885-00155d01ef04',NULL,'15921438585','6d4ca9df9fe72d2b5827ab45cea53b05',NULL,'黄军军',NULL,1,1,2,NULL,NULL,NULL,NULL,NULL,NULL,NULL,0,NULL,NULL,'2016-01-15 10:02:00',0,1,NULL,NULL,NULL,NULL,NULL,NULL,0,NULL,NULL,NULL,NULL),('d4e2c8a3-b9f7-11e5-a885-00155d01ef04',NULL,'15692152181','849572cf1fcfb4fed23b504d5b185d41',NULL,'景雪',NULL,1,1,2,NULL,NULL,NULL,NULL,NULL,NULL,NULL,0,NULL,NULL,'2016-01-15 10:02:00',0,1,NULL,NULL,NULL,NULL,NULL,NULL,0,NULL,NULL,NULL,NULL),('d4e379b6-b9f7-11e5-a885-00155d01ef04',NULL,'13636567697','bcf4b62525f59e5371364d6134e8f37e',NULL,'徐佳樑',NULL,1,1,2,NULL,NULL,NULL,NULL,NULL,NULL,NULL,0,NULL,NULL,'2016-01-15 10:02:00',0,1,NULL,NULL,NULL,NULL,NULL,NULL,0,NULL,NULL,NULL,NULL),('d4e43a6f-b9f7-11e5-a885-00155d01ef04',NULL,'13761745191','7bc74a3dbf870e2efa020cfd0c19a91e',NULL,'陈啸',NULL,1,1,2,NULL,NULL,NULL,NULL,NULL,NULL,NULL,0,NULL,NULL,'2016-01-15 10:02:00',0,1,NULL,NULL,NULL,NULL,NULL,NULL,0,NULL,NULL,NULL,NULL),('d4e4e81b-b9f7-11e5-a885-00155d01ef04',NULL,'13482891495','739ba8f780c1b9a7bc5e17d61cb8cb41',NULL,'邵斌',NULL,1,1,2,NULL,NULL,NULL,NULL,NULL,NULL,NULL,0,NULL,NULL,'2016-01-15 10:02:00',0,1,NULL,NULL,NULL,NULL,NULL,NULL,0,NULL,NULL,NULL,NULL),('d4e5a797-b9f7-11e5-a885-00155d01ef04',NULL,'18916066346','5047cdc13c7ac690112f1ecb1429e1a7',NULL,'陈智慧',NULL,1,1,2,NULL,NULL,NULL,NULL,NULL,NULL,NULL,0,'2016-01-15 10:02:19','2016-01-15 10:02:19','2016-01-15 10:02:00',0,1,NULL,NULL,NULL,NULL,NULL,NULL,0,NULL,NULL,NULL,NULL),('d4e66970-b9f7-11e5-a885-00155d01ef04',NULL,'13564743736','c7545c56f11cce6c0fc09b0f23cc873c',NULL,'陈冲',NULL,1,1,2,NULL,NULL,NULL,NULL,NULL,NULL,NULL,0,NULL,NULL,'2016-01-15 10:02:00',0,1,NULL,NULL,NULL,NULL,NULL,NULL,0,NULL,NULL,NULL,NULL),('d4e74287-b9f7-11e5-a885-00155d01ef04',NULL,'13764449550','63c290847a6fa5e5b6a731fae91372fa',NULL,'杨頔',NULL,1,1,2,NULL,NULL,NULL,NULL,NULL,NULL,NULL,0,NULL,NULL,'2016-01-15 10:02:00',0,1,NULL,NULL,NULL,NULL,NULL,NULL,0,NULL,NULL,NULL,NULL),('d4e812ae-b9f7-11e5-a885-00155d01ef04',NULL,'13761977642','f7ba5748e6bc21c3df7d9aa0a40168df',NULL,'陈燕',NULL,1,1,2,NULL,NULL,NULL,NULL,NULL,NULL,NULL,0,NULL,NULL,'2016-01-15 10:02:00',0,1,NULL,NULL,NULL,NULL,NULL,NULL,0,NULL,NULL,NULL,NULL),('d4e8d5aa-b9f7-11e5-a885-00155d01ef04',NULL,'13817866800','0f05f41714a4ce38b6bf7715570503d4',NULL,'王诚程',NULL,1,1,2,NULL,NULL,NULL,NULL,NULL,NULL,NULL,0,NULL,NULL,'2016-01-15 10:02:00',0,1,NULL,NULL,NULL,NULL,NULL,NULL,0,NULL,NULL,NULL,NULL),('d4e9646f-b9f7-11e5-a885-00155d01ef04',NULL,'13651923089','d97c87d23fdf534f3511426efadd3fad',NULL,'徐俊',NULL,1,1,2,NULL,NULL,NULL,NULL,NULL,NULL,NULL,0,NULL,NULL,'2016-01-15 10:02:00',0,1,NULL,NULL,NULL,NULL,NULL,NULL,0,NULL,NULL,NULL,NULL),('d4ea501a-b9f7-11e5-a885-00155d01ef04',NULL,'15002177688','5cfab236f9965bb72805afd79641f6d6',NULL,'金子皓',NULL,1,1,2,NULL,NULL,NULL,NULL,NULL,NULL,NULL,0,NULL,NULL,'2016-01-15 10:02:00',0,1,NULL,NULL,NULL,NULL,NULL,NULL,0,NULL,NULL,NULL,NULL),('d4eb98c7-b9f7-11e5-a885-00155d01ef04',NULL,'13764984167','aed498e4aa26fe4de198cfbe87fd154c',NULL,'董丹城',NULL,1,1,2,NULL,NULL,NULL,NULL,NULL,NULL,NULL,0,NULL,NULL,'2016-01-15 10:02:00',0,1,NULL,NULL,NULL,NULL,NULL,NULL,0,NULL,NULL,NULL,NULL),('d4ed3813-b9f7-11e5-a885-00155d01ef04',NULL,'13818808773','930115bcc4ac4aa36f6efd7a90257f0e',NULL,'郁俭俐',NULL,1,1,2,NULL,NULL,NULL,NULL,NULL,NULL,NULL,0,NULL,NULL,'2016-01-15 10:02:00',0,1,NULL,NULL,NULL,NULL,NULL,NULL,0,NULL,NULL,NULL,NULL),('d4ee2bcc-b9f7-11e5-a885-00155d01ef04',NULL,'13381876659','78d57ca3c0cac78a52bd8a31250601fe',NULL,'徐健',NULL,1,1,2,NULL,NULL,NULL,NULL,NULL,NULL,NULL,0,NULL,NULL,'2016-01-15 10:02:00',0,1,NULL,NULL,NULL,NULL,NULL,NULL,0,NULL,NULL,NULL,NULL),('d4ef85c0-b9f7-11e5-a885-00155d01ef04',NULL,'13918811797','8b32b3978208580777662328c44ee03d',NULL,'沈笑一',NULL,1,1,2,NULL,NULL,NULL,NULL,NULL,NULL,NULL,0,NULL,NULL,'2016-01-15 10:02:00',0,1,NULL,NULL,NULL,NULL,NULL,NULL,0,NULL,NULL,NULL,NULL),('d4f054ce-b9f7-11e5-a885-00155d01ef04',NULL,'13472553087','415b75501482e7fcd36fef0dda65b3fb',NULL,'彭维英',NULL,1,1,2,NULL,NULL,NULL,NULL,NULL,NULL,NULL,0,NULL,NULL,'2016-01-15 10:02:00',0,1,NULL,NULL,NULL,NULL,NULL,NULL,0,NULL,NULL,NULL,NULL),('d4f196a6-b9f7-11e5-a885-00155d01ef04',NULL,'13801813954','eba8378765bc57ca7fc1e5f2b30bd739',NULL,'梁昊',NULL,1,1,2,NULL,NULL,NULL,NULL,NULL,NULL,NULL,0,NULL,NULL,'2016-01-15 10:02:00',0,1,NULL,NULL,NULL,NULL,NULL,NULL,0,NULL,NULL,NULL,NULL),('d4f30cd6-b9f7-11e5-a885-00155d01ef04',NULL,'13818949534','a8dd0088c60f294b4456ee27b245782e',NULL,'何荣',NULL,1,1,2,NULL,NULL,NULL,NULL,NULL,NULL,NULL,0,NULL,NULL,'2016-01-15 10:02:00',0,1,NULL,NULL,NULL,NULL,NULL,NULL,0,NULL,NULL,NULL,NULL),('d4f3dfc2-b9f7-11e5-a885-00155d01ef04',NULL,'13917235070','3680653121eaac46a42528ea7adfd30b',NULL,'刘锋',NULL,1,1,2,NULL,NULL,NULL,NULL,NULL,NULL,NULL,0,NULL,NULL,'2016-01-15 10:02:00',0,1,NULL,NULL,NULL,NULL,NULL,NULL,0,NULL,NULL,NULL,NULL),('d4f4ca54-b9f7-11e5-a885-00155d01ef04',NULL,'18917032817','337da80f96a4833904a15fb8247854f8',NULL,'陈庆',NULL,1,1,2,NULL,NULL,NULL,NULL,NULL,NULL,NULL,0,NULL,NULL,'2016-01-15 10:02:00',0,1,NULL,NULL,NULL,NULL,NULL,NULL,0,NULL,NULL,NULL,NULL),('d4f59d69-b9f7-11e5-a885-00155d01ef04',NULL,'13501721984','24aa9c3028c75e94c4c13cf7faafde95',NULL,'杨红健',NULL,1,1,2,NULL,NULL,NULL,NULL,NULL,NULL,NULL,0,NULL,NULL,'2016-01-15 10:02:00',0,1,NULL,NULL,NULL,NULL,NULL,NULL,0,NULL,NULL,NULL,NULL),('d4f68098-b9f7-11e5-a885-00155d01ef04',NULL,'13917034686','e88c0c8f9affb4161e7ee2b4c67d9e62',NULL,'黄捷',NULL,1,1,2,NULL,NULL,NULL,NULL,NULL,NULL,NULL,0,NULL,NULL,'2016-01-15 10:02:00',0,1,NULL,NULL,NULL,NULL,NULL,NULL,0,NULL,NULL,NULL,NULL),('d4f7962b-b9f7-11e5-a885-00155d01ef04',NULL,'13636561416','bcf4b62525f59e5371364d6134e8f37e',NULL,'方佳玮',NULL,1,1,2,NULL,NULL,NULL,NULL,NULL,NULL,NULL,0,NULL,NULL,'2016-01-15 10:02:00',0,1,NULL,NULL,NULL,NULL,NULL,NULL,0,NULL,NULL,NULL,NULL),('d4f85801-b9f7-11e5-a885-00155d01ef04',NULL,'13916695408','2546704af3fa713270e29040f036b167',NULL,'朱伟强',NULL,1,1,2,NULL,NULL,NULL,NULL,NULL,NULL,NULL,0,NULL,NULL,'2016-01-15 10:02:00',0,1,NULL,NULL,NULL,NULL,NULL,NULL,0,NULL,NULL,NULL,NULL),('d4f9139c-b9f7-11e5-a885-00155d01ef04',NULL,'13901751023','64668d1db84d47dec7b174f5f6e8f920',NULL,'陆韶琥',NULL,1,1,2,NULL,NULL,NULL,NULL,NULL,NULL,NULL,0,NULL,NULL,'2016-01-15 10:02:00',0,1,NULL,NULL,NULL,NULL,NULL,NULL,0,NULL,NULL,NULL,NULL),('d4f9de2c-b9f7-11e5-a885-00155d01ef04',NULL,'13916477366','d03cf41179a50569e3272b4122d8e929',NULL,'包欣蕊',NULL,1,1,2,NULL,NULL,NULL,NULL,NULL,NULL,NULL,0,NULL,NULL,'2016-01-15 10:02:00',0,1,NULL,NULL,NULL,NULL,NULL,NULL,0,NULL,NULL,NULL,NULL),('dd6c086a-233a-4d60-84fb-442493575cb5','','15225562766','ba954023e9ee590ab082b65b81b6b93d','Mr','王毛蕤',NULL,0,2,1,'','310000','310112',NULL,NULL,'/upload/20151204/82c2b752cbee40f39a2199b1a790560c.jpg',NULL,0,'2015-12-17 16:10:19','2015-12-29 14:27:51','2015-12-04 15:06:48',0,1,NULL,NULL,NULL,'1234-4564544-','000000',NULL,NULL,NULL,NULL,NULL,NULL),('e256e2ad-edc1-4aeb-bf94-014cf506a4a5',NULL,'13040691917','e10adc3949ba59abbe56e057f20f883e','沐风',NULL,NULL,2,1,NULL,NULL,'','',NULL,NULL,NULL,NULL,0,NULL,'2016-03-23 11:33:50','2016-03-17 13:27:04',0,1,NULL,NULL,NULL,NULL,NULL,NULL,0,NULL,NULL,NULL,'\\upload\\qrcodes\\e256e2ad-edc1-4aeb-bf94-014cf506a4a5.png'),('e2f6df2f-d648-4a62-9039-97f59e36f837',NULL,'15618785577','96e79218965eb72c92a549dd5a330112','111',NULL,NULL,1,2,NULL,NULL,'130000','130202',NULL,'/upload/20160321/95fbd151b91047419000530d74612181.png',NULL,NULL,0,NULL,'2016-03-21 18:14:22','2016-03-17 16:52:37',0,1,NULL,NULL,NULL,NULL,NULL,NULL,0,NULL,NULL,'130200',NULL),('eb4be3bc-7325-46f6-bfe2-8b8780eac6db','','13012817027','ad214d4400d161aab268dbbede6aae82','8111','小白兔几哟',NULL,0,3,NULL,'/upload/20151211/d399f56f61e340f98d12587638a83b22.jpg','140000','140109',NULL,NULL,'/upload/20151218/56ff4a8451a740ac8c2d60a62d667024.jpg',NULL,1,'2015-12-22 16:37:57','2016-03-17 09:03:29','2015-12-11 13:50:23',0,1,NULL,NULL,NULL,NULL,NULL,NULL,NULL,NULL,NULL,NULL,NULL),('ec19d926-0510-4eaa-8831-10864a7ba4f0','','15921180740','71b596cb42ee254f7416043d184fc970','2222222222222222222222222222222222222222222222222222222222222222222222222222222222','11111111111111111111111111111111111111111111111111111111111111111111111111111111111111111111',NULL,1,3,NULL,'/upload/20151210/5550824fd72c4dc09860f26a7c933bff.jpg','430000','430111',NULL,NULL,'/upload/20151210/ac2086c20e1140d9909c09f679af80e6.jpg',NULL,1,NULL,'2015-12-10 16:14:10','2015-12-10 09:46:47',0,0,NULL,NULL,NULL,NULL,NULL,NULL,NULL,NULL,NULL,NULL,NULL),('f383853b-0457-4023-9205-21c354575cbe','','15921180740','e10adc3949ba59abbe56e057f20f883e','2222','1111',NULL,1,2,1,'/upload/20151207/1bb6dc6481ed47118c8557998d993ae6.jpg','310000','310107',NULL,NULL,'/static/img/p_sim.png',NULL,1,NULL,'2015-12-10 09:43:56','2015-12-07 14:13:56',1,0,NULL,NULL,NULL,NULL,NULL,NULL,NULL,NULL,NULL,NULL,NULL),('fe9b475a-dc7d-4df4-a293-8cb8635e79c0','530990913@qq.com','15225562766','e10adc3949ba59abbe56e057f20f883e','asdsad','sad',NULL,1,4,NULL,'/upload/20151216/24eb480b056c4cde899f26da48d578ec.jpg','130000','130404',NULL,NULL,'/upload/20151217/b303c10335ca42b3bd3ecae8c890017c.jpg',NULL,1,'2016-03-09 11:10:07','2016-03-09 11:10:07','2015-12-16 16:34:16',0,1,NULL,NULL,NULL,'--','000000',NULL,NULL,NULL,NULL,'130400',NULL);

/*Table structure for table `sst_activity` */

DROP TABLE IF EXISTS `sst_activity`;

CREATE TABLE `sst_activity` (
  `id` varchar(36) NOT NULL,
  `title` varchar(20) NOT NULL COMMENT '标题',
  `summary` varchar(20) NOT NULL COMMENT '活动概述',
  `pic` varchar(200) DEFAULT NULL COMMENT '缩略图',
  `status` int(1) NOT NULL DEFAULT '0' COMMENT '活动状态(0-即将开始,1-进行中)',
  `content` varchar(500) NOT NULL COMMENT '内容',
  `address` varchar(200) NOT NULL COMMENT '活动地点',
  `activity_date` varchar(10) NOT NULL COMMENT '活动日期(yyyy-mm-dd)',
  `start_time` varchar(5) NOT NULL COMMENT '活动开始时间(hh:mm)',
  `end_time` varchar(5) NOT NULL COMMENT '活动结束时间(hh:mm)',
  `create_admin_id` varchar(36) NOT NULL COMMENT '创建者id',
  `create_admin_name` varchar(20) NOT NULL COMMENT '创建者',
  `create_time` datetime NOT NULL DEFAULT CURRENT_TIMESTAMP,
  `last_update_time` datetime DEFAULT NULL,
  `stat` int(1) NOT NULL DEFAULT '1',
  PRIMARY KEY (`id`)
) ENGINE=InnoDB DEFAULT CHARSET=utf8 COMMENT='活动';

/*Data for the table `sst_activity` */

insert  into `sst_activity`(`id`,`title`,`summary`,`pic`,`status`,`content`,`address`,`activity_date`,`start_time`,`end_time`,`create_admin_id`,`create_admin_name`,`create_time`,`last_update_time`,`stat`) values ('1966597e-09a8-48ba-ab76-85c3255a1ab3','活动2','活动2活动2活动2','\\upload\\20160226\\c9fe14f46f3b41ce888fc5759f9144b4.jpg',1,'<p>水电费第三 都是啊活动2活动2活动2活动2活动2活动2</p>','上海体育馆','2016-02-26','13:27','18:27','57390b0c-b06a-4e30-b8e9-1f42c5adf979','admin','2016-02-26 13:28:59',NULL,1),('3e313767-b6f6-4390-a6ac-7444e1238dcd','活动3','活动3活动3活动3','\\upload\\20160226\\0926fd8c639b4566a538fb38a819a521.jpg',1,'<p>活动3活动3活动3活动3活动3活动3活动3活动3</p>','上海陆家嘴','2016-02-26','13:29','18:29','57390b0c-b06a-4e30-b8e9-1f42c5adf979','admin','2016-02-26 13:29:37','2016-02-26 13:29:50',1),('b1e5824d-9ac2-441c-bfac-67ddde4adb92','上海中小学足球联赛','上海中小学足球联赛(业余组)','\\upload\\20160129\\e0730026d5734e2c8ee5369289647ccc.jpg',0,'<p>欢迎上海各大中小型学校报名参加.奖品丰厚,更有知名国际教练<span style=\"background-color: rgb(255, 255, 0);\">科科维奇</span>进行心得交流<br/><br/><span style=\"background-color: rgb(255, 0, 0);\"><span style=\"background-color: rgb(255, 0, 0);\"></span>心动不如行动!!!</span></p>','上海体育馆','2016-01-31','14:00','18:00','57390b0c-b06a-4e30-b8e9-1f42c5adf979','admin','2016-01-29 14:27:09','2016-01-29 14:34:54',1),('f6ee612a-532a-45a6-a833-43d51a13b127','活动1','活动1活动1','\\upload\\20160226\\57ffbdb313174604be8f8f4425645498.jpg',0,'<p>活动1活动1活动1活动1活动1活动1活动1活动1活动1活动1活动1活动1活动1活动1活动1活动1活动1活动1活动1活动1活动1活动1活动1活动1活动1活动1活动1活动1活动1活动1活动1活动1活动1活动1活动1活动1活动1活动1活动1活动1活动1活动1活动1活动1活动1活动1活动1活动1活动1活动1</p>','上海长江饭店','2016-03-01','13:00','15:00','57390b0c-b06a-4e30-b8e9-1f42c5adf979','admin','2016-02-26 13:26:41',NULL,1);

/*Table structure for table `sst_addresses` */

DROP TABLE IF EXISTS `sst_addresses`;

CREATE TABLE `sst_addresses` (
  `id` int(11) NOT NULL,
  `parent_id` varchar(36) DEFAULT NULL,
  `name` varchar(50) DEFAULT NULL,
  `level` int(11) DEFAULT NULL COMMENT '0:国家 1省份 2市 3 区县',
  `create_time` datetime DEFAULT NULL,
  `last_update_time` datetime DEFAULT NULL,
  `stat` int(4) NOT NULL DEFAULT '1',
  PRIMARY KEY (`id`)
) ENGINE=InnoDB DEFAULT CHARSET=utf8 COMMENT='区域信息表 省市县 基础信息';

/*Data for the table `sst_addresses` */

insert  into `sst_addresses`(`id`,`parent_id`,`name`,`level`,`create_time`,`last_update_time`,`stat`) values (1,'0','中国',0,NULL,NULL,1),(110000,'1','北京市',1,NULL,NULL,1),(110100,'110000','北京市',2,NULL,NULL,1),(110101,'110100','东城区',3,NULL,NULL,1),(110102,'110100','西城区',3,NULL,NULL,1),(110105,'110100','朝阳区',3,NULL,NULL,1),(110106,'110100','丰台区',3,NULL,NULL,1),(110107,'110100','石景山区',3,NULL,NULL,1),(110108,'110100','海淀区',3,NULL,NULL,1),(110109,'110100','门头沟区',3,NULL,NULL,1),(110111,'110100','房山区',3,NULL,NULL,1),(110112,'110100','通州区',3,NULL,NULL,1),(110113,'110100','顺义区',3,NULL,NULL,1),(110114,'110100','昌平区',3,NULL,NULL,1),(110115,'110100','大兴区',3,NULL,NULL,1),(110116,'110100','怀柔区',3,NULL,NULL,1),(110117,'110100','平谷区',3,NULL,NULL,1),(110228,'110100','密云县',3,NULL,NULL,1),(110229,'110100','延庆县',3,NULL,NULL,1),(120000,'1','天津市',1,NULL,NULL,1),(120100,'120000','天津市',2,NULL,NULL,1),(120101,'120100','和平区',3,NULL,NULL,1),(120102,'120100','河东区',3,NULL,NULL,1),(120103,'120100','河西区',3,NULL,NULL,1),(120104,'120100','南开区',3,NULL,NULL,1),(120105,'120100','河北区',3,NULL,NULL,1),(120106,'120100','红桥区',3,NULL,NULL,1),(120110,'120100','东丽区',3,NULL,NULL,1),(120111,'120100','西青区',3,NULL,NULL,1),(120112,'120100','津南区',3,NULL,NULL,1),(120113,'120100','北辰区',3,NULL,NULL,1),(120114,'120100','武清区',3,NULL,NULL,1),(120115,'120100','宝坻区',3,NULL,NULL,1),(120116,'120100','滨海新区',3,NULL,NULL,1),(120221,'120100','宁河县',3,NULL,NULL,1),(120223,'120100','静海县',3,NULL,NULL,1),(120225,'120100','蓟县',3,NULL,NULL,1),(130000,'1','河北省',1,NULL,NULL,1),(130100,'130000','石家庄市',2,NULL,NULL,1),(130101,'130100','市辖区',3,NULL,NULL,1),(130102,'130100','长安区',3,NULL,NULL,1),(130103,'130100','桥东区',3,NULL,NULL,1),(130104,'130100','桥西区',3,NULL,NULL,1),(130105,'130100','新华区',3,NULL,NULL,1),(130107,'130100','井陉矿区',3,NULL,NULL,1),(130108,'130100','裕华区',3,NULL,NULL,1),(130121,'130100','井陉县',3,NULL,NULL,1),(130123,'130100','正定县',3,NULL,NULL,1),(130124,'130100','栾城县',3,NULL,NULL,1),(130125,'130100','行唐县',3,NULL,NULL,1),(130126,'130100','灵寿县',3,NULL,NULL,1),(130127,'130100','高邑县',3,NULL,NULL,1),(130128,'130100','深泽县',3,NULL,NULL,1),(130129,'130100','赞皇县',3,NULL,NULL,1),(130130,'130100','无极县',3,NULL,NULL,1),(130131,'130100','平山县',3,NULL,NULL,1),(130132,'130100','元氏县',3,NULL,NULL,1),(130133,'130100','赵县',3,NULL,NULL,1),(130181,'130100','辛集市',3,NULL,NULL,1),(130182,'130100','藁城市',3,NULL,NULL,1),(130183,'130100','晋州市',3,NULL,NULL,1),(130184,'130100','新乐市',3,NULL,NULL,1),(130185,'130100','鹿泉市',3,NULL,NULL,1),(130200,'130000','唐山市',2,NULL,NULL,1),(130201,'130200','市辖区',3,NULL,NULL,1),(130202,'130200','路南区',3,NULL,NULL,1),(130203,'130200','路北区',3,NULL,NULL,1),(130204,'130200','古冶区',3,NULL,NULL,1),(130205,'130200','开平区',3,NULL,NULL,1),(130207,'130200','丰南区',3,NULL,NULL,1),(130208,'130200','丰润区',3,NULL,NULL,1),(130209,'130200','曹妃甸区',3,NULL,NULL,1),(130223,'130200','滦县',3,NULL,NULL,1),(130224,'130200','滦南县',3,NULL,NULL,1),(130225,'130200','乐亭县',3,NULL,NULL,1),(130227,'130200','迁西县',3,NULL,NULL,1),(130229,'130200','玉田县',3,NULL,NULL,1),(130281,'130200','遵化市',3,NULL,NULL,1),(130283,'130200','迁安市',3,NULL,NULL,1),(130300,'130000','秦皇岛市',2,NULL,NULL,1),(130301,'130300','市辖区',3,NULL,NULL,1),(130302,'130300','海港区',3,NULL,NULL,1),(130303,'130300','山海关区',3,NULL,NULL,1),(130304,'130300','北戴河区',3,NULL,NULL,1),(130321,'130300','青龙满族自治县',3,NULL,NULL,1),(130322,'130300','昌黎县',3,NULL,NULL,1),(130323,'130300','抚宁县',3,NULL,NULL,1),(130324,'130300','卢龙县',3,NULL,NULL,1),(130400,'130000','邯郸市',2,NULL,NULL,1),(130401,'130400','市辖区',3,NULL,NULL,1),(130402,'130400','邯山区',3,NULL,NULL,1),(130403,'130400','丛台区',3,NULL,NULL,1),(130404,'130400','复兴区',3,NULL,NULL,1),(130406,'130400','峰峰矿区',3,NULL,NULL,1),(130421,'130400','邯郸县',3,NULL,NULL,1),(130423,'130400','临漳县',3,NULL,NULL,1),(130424,'130400','成安县',3,NULL,NULL,1),(130425,'130400','大名县',3,NULL,NULL,1),(130426,'130400','涉县',3,NULL,NULL,1),(130427,'130400','磁县',3,NULL,NULL,1),(130428,'130400','肥乡县',3,NULL,NULL,1),(130429,'130400','永年县',3,NULL,NULL,1),(130430,'130400','邱县',3,NULL,NULL,1),(130431,'130400','鸡泽县',3,NULL,NULL,1),(130432,'130400','广平县',3,NULL,NULL,1),(130433,'130400','馆陶县',3,NULL,NULL,1),(130434,'130400','魏县',3,NULL,NULL,1),(130435,'130400','曲周县',3,NULL,NULL,1),(130481,'130400','武安市',3,NULL,NULL,1),(130500,'130000','邢台市',2,NULL,NULL,1),(130501,'130500','市辖区',3,NULL,NULL,1),(130502,'130500','桥东区',3,NULL,NULL,1),(130503,'130500','桥西区',3,NULL,NULL,1),(130521,'130500','邢台县',3,NULL,NULL,1),(130522,'130500','临城县',3,NULL,NULL,1),(130523,'130500','内丘县',3,NULL,NULL,1),(130524,'130500','柏乡县',3,NULL,NULL,1),(130525,'130500','隆尧县',3,NULL,NULL,1),(130526,'130500','任县',3,NULL,NULL,1),(130527,'130500','南和县',3,NULL,NULL,1),(130528,'130500','宁晋县',3,NULL,NULL,1),(130529,'130500','巨鹿县',3,NULL,NULL,1),(130530,'130500','新河县',3,NULL,NULL,1),(130531,'130500','广宗县',3,NULL,NULL,1),(130532,'130500','平乡县',3,NULL,NULL,1),(130533,'130500','威县',3,NULL,NULL,1),(130534,'130500','清河县',3,NULL,NULL,1),(130535,'130500','临西县',3,NULL,NULL,1),(130581,'130500','南宫市',3,NULL,NULL,1),(130582,'130500','沙河市',3,NULL,NULL,1),(130600,'130000','保定市',2,NULL,NULL,1),(130601,'130600','市辖区',3,NULL,NULL,1),(130602,'130600','新市区',3,NULL,NULL,1),(130603,'130600','北市区',3,NULL,NULL,1),(130604,'130600','南市区',3,NULL,NULL,1),(130621,'130600','满城县',3,NULL,NULL,1),(130622,'130600','清苑县',3,NULL,NULL,1),(130623,'130600','涞水县',3,NULL,NULL,1),(130624,'130600','阜平县',3,NULL,NULL,1),(130625,'130600','徐水县',3,NULL,NULL,1),(130626,'130600','定兴县',3,NULL,NULL,1),(130627,'130600','唐县',3,NULL,NULL,1),(130628,'130600','高阳县',3,NULL,NULL,1),(130629,'130600','容城县',3,NULL,NULL,1),(130630,'130600','涞源县',3,NULL,NULL,1),(130631,'130600','望都县',3,NULL,NULL,1),(130632,'130600','安新县',3,NULL,NULL,1),(130633,'130600','易县',3,NULL,NULL,1),(130634,'130600','曲阳县',3,NULL,NULL,1),(130635,'130600','蠡县',3,NULL,NULL,1),(130636,'130600','顺平县',3,NULL,NULL,1),(130637,'130600','博野县',3,NULL,NULL,1),(130638,'130600','雄县',3,NULL,NULL,1),(130681,'130600','涿州市',3,NULL,NULL,1),(130682,'130600','定州市',3,NULL,NULL,1),(130683,'130600','安国市',3,NULL,NULL,1),(130684,'130600','高碑店市',3,NULL,NULL,1),(130700,'130000','张家口市',2,NULL,NULL,1),(130701,'130700','市辖区',3,NULL,NULL,1),(130702,'130700','桥东区',3,NULL,NULL,1),(130703,'130700','桥西区',3,NULL,NULL,1),(130705,'130700','宣化区',3,NULL,NULL,1),(130706,'130700','下花园区',3,NULL,NULL,1),(130721,'130700','宣化县',3,NULL,NULL,1),(130722,'130700','张北县',3,NULL,NULL,1),(130723,'130700','康保县',3,NULL,NULL,1),(130724,'130700','沽源县',3,NULL,NULL,1),(130725,'130700','尚义县',3,NULL,NULL,1),(130726,'130700','蔚县',3,NULL,NULL,1),(130727,'130700','阳原县',3,NULL,NULL,1),(130728,'130700','怀安县',3,NULL,NULL,1),(130729,'130700','万全县',3,NULL,NULL,1),(130730,'130700','怀来县',3,NULL,NULL,1),(130731,'130700','涿鹿县',3,NULL,NULL,1),(130732,'130700','赤城县',3,NULL,NULL,1),(130733,'130700','崇礼县',3,NULL,NULL,1),(130800,'130000','承德市',2,NULL,NULL,1),(130801,'130800','市辖区',3,NULL,NULL,1),(130802,'130800','双桥区',3,NULL,NULL,1),(130803,'130800','双滦区',3,NULL,NULL,1),(130804,'130800','鹰手营子矿区',3,NULL,NULL,1),(130821,'130800','承德县',3,NULL,NULL,1),(130822,'130800','兴隆县',3,NULL,NULL,1),(130823,'130800','平泉县',3,NULL,NULL,1),(130824,'130800','滦平县',3,NULL,NULL,1),(130825,'130800','隆化县',3,NULL,NULL,1),(130826,'130800','丰宁满族自治县',3,NULL,NULL,1),(130827,'130800','宽城满族自治县',3,NULL,NULL,1),(130828,'130800','围场满族蒙古族自治县',3,NULL,NULL,1),(130900,'130000','沧州市',2,NULL,NULL,1),(130901,'130900','市辖区',3,NULL,NULL,1),(130902,'130900','新华区',3,NULL,NULL,1),(130903,'130900','运河区',3,NULL,NULL,1),(130921,'130900','沧县',3,NULL,NULL,1),(130922,'130900','青县',3,NULL,NULL,1),(130923,'130900','东光县',3,NULL,NULL,1),(130924,'130900','海兴县',3,NULL,NULL,1),(130925,'130900','盐山县',3,NULL,NULL,1),(130926,'130900','肃宁县',3,NULL,NULL,1),(130927,'130900','南皮县',3,NULL,NULL,1),(130928,'130900','吴桥县',3,NULL,NULL,1),(130929,'130900','献县',3,NULL,NULL,1),(130930,'130900','孟村回族自治县',3,NULL,NULL,1),(130981,'130900','泊头市',3,NULL,NULL,1),(130982,'130900','任丘市',3,NULL,NULL,1),(130983,'130900','黄骅市',3,NULL,NULL,1),(130984,'130900','河间市',3,NULL,NULL,1),(131000,'130000','廊坊市',2,NULL,NULL,1),(131001,'131000','市辖区',3,NULL,NULL,1),(131002,'131000','安次区',3,NULL,NULL,1),(131003,'131000','广阳区',3,NULL,NULL,1),(131022,'131000','固安县',3,NULL,NULL,1),(131023,'131000','永清县',3,NULL,NULL,1),(131024,'131000','香河县',3,NULL,NULL,1),(131025,'131000','大城县',3,NULL,NULL,1),(131026,'131000','文安县',3,NULL,NULL,1),(131028,'131000','大厂回族自治县',3,NULL,NULL,1),(131081,'131000','霸州市',3,NULL,NULL,1),(131082,'131000','三河市',3,NULL,NULL,1),(131100,'130000','衡水市',2,NULL,NULL,1),(131101,'131100','市辖区',3,NULL,NULL,1),(131102,'131100','桃城区',3,NULL,NULL,1),(131121,'131100','枣强县',3,NULL,NULL,1),(131122,'131100','武邑县',3,NULL,NULL,1),(131123,'131100','武强县',3,NULL,NULL,1),(131124,'131100','饶阳县',3,NULL,NULL,1),(131125,'131100','安平县',3,NULL,NULL,1),(131126,'131100','故城县',3,NULL,NULL,1),(131127,'131100','景县',3,NULL,NULL,1),(131128,'131100','阜城县',3,NULL,NULL,1),(131181,'131100','冀州市',3,NULL,NULL,1),(131182,'131100','深州市',3,NULL,NULL,1),(140000,'1','山西省',1,NULL,NULL,1),(140100,'140000','太原市',2,NULL,NULL,1),(140101,'140100','市辖区',3,NULL,NULL,1),(140105,'140100','小店区',3,NULL,NULL,1),(140106,'140100','迎泽区',3,NULL,NULL,1),(140107,'140100','杏花岭区',3,NULL,NULL,1),(140108,'140100','尖草坪区',3,NULL,NULL,1),(140109,'140100','万柏林区',3,NULL,NULL,1),(140110,'140100','晋源区',3,NULL,NULL,1),(140121,'140100','清徐县',3,NULL,NULL,1),(140122,'140100','阳曲县',3,NULL,NULL,1),(140123,'140100','娄烦县',3,NULL,NULL,1),(140181,'140100','古交市',3,NULL,NULL,1),(140200,'140000','大同市',2,NULL,NULL,1),(140201,'140200','市辖区',3,NULL,NULL,1),(140202,'140200','城区',3,NULL,NULL,1),(140203,'140200','矿区',3,NULL,NULL,1),(140211,'140200','南郊区',3,NULL,NULL,1),(140212,'140200','新荣区',3,NULL,NULL,1),(140221,'140200','阳高县',3,NULL,NULL,1),(140222,'140200','天镇县',3,NULL,NULL,1),(140223,'140200','广灵县',3,NULL,NULL,1),(140224,'140200','灵丘县',3,NULL,NULL,1),(140225,'140200','浑源县',3,NULL,NULL,1),(140226,'140200','左云县',3,NULL,NULL,1),(140227,'140200','大同县',3,NULL,NULL,1),(140300,'140000','阳泉市',2,NULL,NULL,1),(140301,'140300','市辖区',3,NULL,NULL,1),(140302,'140300','城区',3,NULL,NULL,1),(140303,'140300','矿区',3,NULL,NULL,1),(140311,'140300','郊区',3,NULL,NULL,1),(140321,'140300','平定县',3,NULL,NULL,1),(140322,'140300','盂县',3,NULL,NULL,1),(140400,'140000','长治市',2,NULL,NULL,1),(140401,'140400','市辖区',3,NULL,NULL,1),(140402,'140400','城区',3,NULL,NULL,1),(140411,'140400','郊区',3,NULL,NULL,1),(140421,'140400','长治县',3,NULL,NULL,1),(140423,'140400','襄垣县',3,NULL,NULL,1),(140424,'140400','屯留县',3,NULL,NULL,1),(140425,'140400','平顺县',3,NULL,NULL,1),(140426,'140400','黎城县',3,NULL,NULL,1),(140427,'140400','壶关县',3,NULL,NULL,1),(140428,'140400','长子县',3,NULL,NULL,1),(140429,'140400','武乡县',3,NULL,NULL,1),(140430,'140400','沁县',3,NULL,NULL,1),(140431,'140400','沁源县',3,NULL,NULL,1),(140481,'140400','潞城市',3,NULL,NULL,1),(140500,'140000','晋城市',2,NULL,NULL,1),(140501,'140500','市辖区',3,NULL,NULL,1),(140502,'140500','城区',3,NULL,NULL,1),(140521,'140500','沁水县',3,NULL,NULL,1),(140522,'140500','阳城县',3,NULL,NULL,1),(140524,'140500','陵川县',3,NULL,NULL,1),(140525,'140500','泽州县',3,NULL,NULL,1),(140581,'140500','高平市',3,NULL,NULL,1),(140600,'140000','朔州市',2,NULL,NULL,1),(140601,'140600','市辖区',3,NULL,NULL,1),(140602,'140600','朔城区',3,NULL,NULL,1),(140603,'140600','平鲁区',3,NULL,NULL,1),(140621,'140600','山阴县',3,NULL,NULL,1),(140622,'140600','应县',3,NULL,NULL,1),(140623,'140600','右玉县',3,NULL,NULL,1),(140624,'140600','怀仁县',3,NULL,NULL,1),(140700,'140000','晋中市',2,NULL,NULL,1),(140701,'140700','市辖区',3,NULL,NULL,1),(140702,'140700','榆次区',3,NULL,NULL,1),(140721,'140700','榆社县',3,NULL,NULL,1),(140722,'140700','左权县',3,NULL,NULL,1),(140723,'140700','和顺县',3,NULL,NULL,1),(140724,'140700','昔阳县',3,NULL,NULL,1),(140725,'140700','寿阳县',3,NULL,NULL,1),(140726,'140700','太谷县',3,NULL,NULL,1),(140727,'140700','祁县',3,NULL,NULL,1),(140728,'140700','平遥县',3,NULL,NULL,1),(140729,'140700','灵石县',3,NULL,NULL,1),(140781,'140700','介休市',3,NULL,NULL,1),(140800,'140000','运城市',2,NULL,NULL,1),(140801,'140800','市辖区',3,NULL,NULL,1),(140802,'140800','盐湖区',3,NULL,NULL,1),(140821,'140800','临猗县',3,NULL,NULL,1),(140822,'140800','万荣县',3,NULL,NULL,1),(140823,'140800','闻喜县',3,NULL,NULL,1),(140824,'140800','稷山县',3,NULL,NULL,1),(140825,'140800','新绛县',3,NULL,NULL,1),(140826,'140800','绛县',3,NULL,NULL,1),(140827,'140800','垣曲县',3,NULL,NULL,1),(140828,'140800','夏县',3,NULL,NULL,1),(140829,'140800','平陆县',3,NULL,NULL,1),(140830,'140800','芮城县',3,NULL,NULL,1),(140881,'140800','永济市',3,NULL,NULL,1),(140882,'140800','河津市',3,NULL,NULL,1),(140900,'140000','忻州市',2,NULL,NULL,1),(140901,'140900','市辖区',3,NULL,NULL,1),(140902,'140900','忻府区',3,NULL,NULL,1),(140921,'140900','定襄县',3,NULL,NULL,1),(140922,'140900','五台县',3,NULL,NULL,1),(140923,'140900','代县',3,NULL,NULL,1),(140924,'140900','繁峙县',3,NULL,NULL,1),(140925,'140900','宁武县',3,NULL,NULL,1),(140926,'140900','静乐县',3,NULL,NULL,1),(140927,'140900','神池县',3,NULL,NULL,1),(140928,'140900','五寨县',3,NULL,NULL,1),(140929,'140900','岢岚县',3,NULL,NULL,1),(140930,'140900','河曲县',3,NULL,NULL,1),(140931,'140900','保德县',3,NULL,NULL,1),(140932,'140900','偏关县',3,NULL,NULL,1),(140981,'140900','原平市',3,NULL,NULL,1),(141000,'140000','临汾市',2,NULL,NULL,1),(141001,'141000','市辖区',3,NULL,NULL,1),(141002,'141000','尧都区',3,NULL,NULL,1),(141021,'141000','曲沃县',3,NULL,NULL,1),(141022,'141000','翼城县',3,NULL,NULL,1),(141023,'141000','襄汾县',3,NULL,NULL,1),(141024,'141000','洪洞县',3,NULL,NULL,1),(141025,'141000','古县',3,NULL,NULL,1),(141026,'141000','安泽县',3,NULL,NULL,1),(141027,'141000','浮山县',3,NULL,NULL,1),(141028,'141000','吉县',3,NULL,NULL,1),(141029,'141000','乡宁县',3,NULL,NULL,1),(141030,'141000','大宁县',3,NULL,NULL,1),(141031,'141000','隰县',3,NULL,NULL,1),(141032,'141000','永和县',3,NULL,NULL,1),(141033,'141000','蒲县',3,NULL,NULL,1),(141034,'141000','汾西县',3,NULL,NULL,1),(141081,'141000','侯马市',3,NULL,NULL,1),(141082,'141000','霍州市',3,NULL,NULL,1),(141100,'140000','吕梁市',2,NULL,NULL,1),(141101,'141100','市辖区',3,NULL,NULL,1),(141102,'141100','离石区',3,NULL,NULL,1),(141121,'141100','文水县',3,NULL,NULL,1),(141122,'141100','交城县',3,NULL,NULL,1),(141123,'141100','兴县',3,NULL,NULL,1),(141124,'141100','临县',3,NULL,NULL,1),(141125,'141100','柳林县',3,NULL,NULL,1),(141126,'141100','石楼县',3,NULL,NULL,1),(141127,'141100','岚县',3,NULL,NULL,1),(141128,'141100','方山县',3,NULL,NULL,1),(141129,'141100','中阳县',3,NULL,NULL,1),(141130,'141100','交口县',3,NULL,NULL,1),(141181,'141100','孝义市',3,NULL,NULL,1),(141182,'141100','汾阳市',3,NULL,NULL,1),(150000,'1','内蒙古自治区',1,NULL,NULL,1),(150100,'150000','呼和浩特市',2,NULL,NULL,1),(150101,'150100','市辖区',3,NULL,NULL,1),(150102,'150100','新城区',3,NULL,NULL,1),(150103,'150100','回民区',3,NULL,NULL,1),(150104,'150100','玉泉区',3,NULL,NULL,1),(150105,'150100','赛罕区',3,NULL,NULL,1),(150121,'150100','土默特左旗',3,NULL,NULL,1),(150122,'150100','托克托县',3,NULL,NULL,1),(150123,'150100','和林格尔县',3,NULL,NULL,1),(150124,'150100','清水河县',3,NULL,NULL,1),(150125,'150100','武川县',3,NULL,NULL,1),(150200,'150000','包头市',2,NULL,NULL,1),(150201,'150200','市辖区',3,NULL,NULL,1),(150202,'150200','东河区',3,NULL,NULL,1),(150203,'150200','昆都仑区',3,NULL,NULL,1),(150204,'150200','青山区',3,NULL,NULL,1),(150205,'150200','石拐区',3,NULL,NULL,1),(150206,'150200','白云鄂博矿区',3,NULL,NULL,1),(150207,'150200','九原区',3,NULL,NULL,1),(150221,'150200','土默特右旗',3,NULL,NULL,1),(150222,'150200','固阳县',3,NULL,NULL,1),(150223,'150200','达尔罕茂明安联合旗',3,NULL,NULL,1),(150300,'150000','乌海市',2,NULL,NULL,1),(150301,'150300','市辖区',3,NULL,NULL,1),(150302,'150300','海勃湾区',3,NULL,NULL,1),(150303,'150300','海南区',3,NULL,NULL,1),(150304,'150300','乌达区',3,NULL,NULL,1),(150400,'150000','赤峰市',2,NULL,NULL,1),(150401,'150400','市辖区',3,NULL,NULL,1),(150402,'150400','红山区',3,NULL,NULL,1),(150403,'150400','元宝山区',3,NULL,NULL,1),(150404,'150400','松山区',3,NULL,NULL,1),(150421,'150400','阿鲁科尔沁旗',3,NULL,NULL,1),(150422,'150400','巴林左旗',3,NULL,NULL,1),(150423,'150400','巴林右旗',3,NULL,NULL,1),(150424,'150400','林西县',3,NULL,NULL,1),(150425,'150400','克什克腾旗',3,NULL,NULL,1),(150426,'150400','翁牛特旗',3,NULL,NULL,1),(150428,'150400','喀喇沁旗',3,NULL,NULL,1),(150429,'150400','宁城县',3,NULL,NULL,1),(150430,'150400','敖汉旗',3,NULL,NULL,1),(150500,'150000','通辽市',2,NULL,NULL,1),(150501,'150500','市辖区',3,NULL,NULL,1),(150502,'150500','科尔沁区',3,NULL,NULL,1),(150521,'150500','科尔沁左翼中旗',3,NULL,NULL,1),(150522,'150500','科尔沁左翼后旗',3,NULL,NULL,1),(150523,'150500','开鲁县',3,NULL,NULL,1),(150524,'150500','库伦旗',3,NULL,NULL,1),(150525,'150500','奈曼旗',3,NULL,NULL,1),(150526,'150500','扎鲁特旗',3,NULL,NULL,1),(150581,'150500','霍林郭勒市',3,NULL,NULL,1),(150600,'150000','鄂尔多斯市',2,NULL,NULL,1),(150601,'150600','市辖区',3,NULL,NULL,1),(150602,'150600','东胜区',3,NULL,NULL,1),(150621,'150600','达拉特旗',3,NULL,NULL,1),(150622,'150600','准格尔旗',3,NULL,NULL,1),(150623,'150600','鄂托克前旗',3,NULL,NULL,1),(150624,'150600','鄂托克旗',3,NULL,NULL,1),(150625,'150600','杭锦旗',3,NULL,NULL,1),(150626,'150600','乌审旗',3,NULL,NULL,1),(150627,'150600','伊金霍洛旗',3,NULL,NULL,1),(150700,'150000','呼伦贝尔市',2,NULL,NULL,1),(150701,'150700','市辖区',3,NULL,NULL,1),(150702,'150700','海拉尔区',3,NULL,NULL,1),(150703,'150700','扎赉诺尔区',3,NULL,NULL,1),(150721,'150700','阿荣旗',3,NULL,NULL,1),(150722,'150700','莫力达瓦达斡尔族自治旗',3,NULL,NULL,1),(150723,'150700','鄂伦春自治旗',3,NULL,NULL,1),(150724,'150700','鄂温克族自治旗',3,NULL,NULL,1),(150725,'150700','陈巴尔虎旗',3,NULL,NULL,1),(150726,'150700','新巴尔虎左旗',3,NULL,NULL,1),(150727,'150700','新巴尔虎右旗',3,NULL,NULL,1),(150781,'150700','满洲里市',3,NULL,NULL,1),(150782,'150700','牙克石市',3,NULL,NULL,1),(150783,'150700','扎兰屯市',3,NULL,NULL,1),(150784,'150700','额尔古纳市',3,NULL,NULL,1),(150785,'150700','根河市',3,NULL,NULL,1),(150800,'150000','巴彦淖尔市',2,NULL,NULL,1),(150801,'150800','市辖区',3,NULL,NULL,1),(150802,'150800','临河区',3,NULL,NULL,1),(150821,'150800','五原县',3,NULL,NULL,1),(150822,'150800','磴口县',3,NULL,NULL,1),(150823,'150800','乌拉特前旗',3,NULL,NULL,1),(150824,'150800','乌拉特中旗',3,NULL,NULL,1),(150825,'150800','乌拉特后旗',3,NULL,NULL,1),(150826,'150800','杭锦后旗',3,NULL,NULL,1),(150900,'150000','乌兰察布市',2,NULL,NULL,1),(150901,'150900','市辖区',3,NULL,NULL,1),(150902,'150900','集宁区',3,NULL,NULL,1),(150921,'150900','卓资县',3,NULL,NULL,1),(150922,'150900','化德县',3,NULL,NULL,1),(150923,'150900','商都县',3,NULL,NULL,1),(150924,'150900','兴和县',3,NULL,NULL,1),(150925,'150900','凉城县',3,NULL,NULL,1),(150926,'150900','察哈尔右翼前旗',3,NULL,NULL,1),(150927,'150900','察哈尔右翼中旗',3,NULL,NULL,1),(150928,'150900','察哈尔右翼后旗',3,NULL,NULL,1),(150929,'150900','四子王旗',3,NULL,NULL,1),(150981,'150900','丰镇市',3,NULL,NULL,1),(152200,'150000','兴安盟',2,NULL,NULL,1),(152201,'152200','乌兰浩特市',3,NULL,NULL,1),(152202,'152200','阿尔山市',3,NULL,NULL,1),(152221,'152200','科尔沁右翼前旗',3,NULL,NULL,1),(152222,'152200','科尔沁右翼中旗',3,NULL,NULL,1),(152223,'152200','扎赉特旗',3,NULL,NULL,1),(152224,'152200','突泉县',3,NULL,NULL,1),(152500,'150000','锡林郭勒盟',2,NULL,NULL,1),(152501,'152500','二连浩特市',3,NULL,NULL,1),(152502,'152500','锡林浩特市',3,NULL,NULL,1),(152522,'152500','阿巴嘎旗',3,NULL,NULL,1),(152523,'152500','苏尼特左旗',3,NULL,NULL,1),(152524,'152500','苏尼特右旗',3,NULL,NULL,1),(152525,'152500','东乌珠穆沁旗',3,NULL,NULL,1),(152526,'152500','西乌珠穆沁旗',3,NULL,NULL,1),(152527,'152500','太仆寺旗',3,NULL,NULL,1),(152528,'152500','镶黄旗',3,NULL,NULL,1),(152529,'152500','正镶白旗',3,NULL,NULL,1),(152530,'152500','正蓝旗',3,NULL,NULL,1),(152531,'152500','多伦县',3,NULL,NULL,1),(152900,'150000','阿拉善盟',2,NULL,NULL,1),(152921,'152900','阿拉善左旗',3,NULL,NULL,1),(152922,'152900','阿拉善右旗',3,NULL,NULL,1),(152923,'152900','额济纳旗',3,NULL,NULL,1),(210000,'1','辽宁省',1,NULL,NULL,1),(210100,'210000','沈阳市',2,NULL,NULL,1),(210101,'210100','市辖区',3,NULL,NULL,1),(210102,'210100','和平区',3,NULL,NULL,1),(210103,'210100','沈河区',3,NULL,NULL,1),(210104,'210100','大东区',3,NULL,NULL,1),(210105,'210100','皇姑区',3,NULL,NULL,1),(210106,'210100','铁西区',3,NULL,NULL,1),(210111,'210100','苏家屯区',3,NULL,NULL,1),(210112,'210100','东陵区',3,NULL,NULL,1),(210113,'210100','沈北新区',3,NULL,NULL,1),(210114,'210100','于洪区',3,NULL,NULL,1),(210122,'210100','辽中县',3,NULL,NULL,1),(210123,'210100','康平县',3,NULL,NULL,1),(210124,'210100','法库县',3,NULL,NULL,1),(210181,'210100','新民市',3,NULL,NULL,1),(210200,'210000','大连市',2,NULL,NULL,1),(210201,'210200','市辖区',3,NULL,NULL,1),(210202,'210200','中山区',3,NULL,NULL,1),(210203,'210200','西岗区',3,NULL,NULL,1),(210204,'210200','沙河口区',3,NULL,NULL,1),(210211,'210200','甘井子区',3,NULL,NULL,1),(210212,'210200','旅顺口区',3,NULL,NULL,1),(210213,'210200','金州区',3,NULL,NULL,1),(210224,'210200','长海县',3,NULL,NULL,1),(210281,'210200','瓦房店市',3,NULL,NULL,1),(210282,'210200','普兰店市',3,NULL,NULL,1),(210283,'210200','庄河市',3,NULL,NULL,1),(210300,'210000','鞍山市',2,NULL,NULL,1),(210301,'210300','市辖区',3,NULL,NULL,1),(210302,'210300','铁东区',3,NULL,NULL,1),(210303,'210300','铁西区',3,NULL,NULL,1),(210304,'210300','立山区',3,NULL,NULL,1),(210311,'210300','千山区',3,NULL,NULL,1),(210321,'210300','台安县',3,NULL,NULL,1),(210323,'210300','岫岩满族自治县',3,NULL,NULL,1),(210381,'210300','海城市',3,NULL,NULL,1),(210400,'210000','抚顺市',2,NULL,NULL,1),(210401,'210400','市辖区',3,NULL,NULL,1),(210402,'210400','新抚区',3,NULL,NULL,1),(210403,'210400','东洲区',3,NULL,NULL,1),(210404,'210400','望花区',3,NULL,NULL,1),(210411,'210400','顺城区',3,NULL,NULL,1),(210421,'210400','抚顺县',3,NULL,NULL,1),(210422,'210400','新宾满族自治县',3,NULL,NULL,1),(210423,'210400','清原满族自治县',3,NULL,NULL,1),(210500,'210000','本溪市',2,NULL,NULL,1),(210501,'210500','市辖区',3,NULL,NULL,1),(210502,'210500','平山区',3,NULL,NULL,1),(210503,'210500','溪湖区',3,NULL,NULL,1),(210504,'210500','明山区',3,NULL,NULL,1),(210505,'210500','南芬区',3,NULL,NULL,1),(210521,'210500','本溪满族自治县',3,NULL,NULL,1),(210522,'210500','桓仁满族自治县',3,NULL,NULL,1),(210600,'210000','丹东市',2,NULL,NULL,1),(210601,'210600','市辖区',3,NULL,NULL,1),(210602,'210600','元宝区',3,NULL,NULL,1),(210603,'210600','振兴区',3,NULL,NULL,1),(210604,'210600','振安区',3,NULL,NULL,1),(210624,'210600','宽甸满族自治县',3,NULL,NULL,1),(210681,'210600','东港市',3,NULL,NULL,1),(210682,'210600','凤城市',3,NULL,NULL,1),(210700,'210000','锦州市',2,NULL,NULL,1),(210701,'210700','市辖区',3,NULL,NULL,1),(210702,'210700','古塔区',3,NULL,NULL,1),(210703,'210700','凌河区',3,NULL,NULL,1),(210711,'210700','太和区',3,NULL,NULL,1),(210726,'210700','黑山县',3,NULL,NULL,1),(210727,'210700','义县',3,NULL,NULL,1),(210781,'210700','凌海市',3,NULL,NULL,1),(210782,'210700','北镇市',3,NULL,NULL,1),(210800,'210000','营口市',2,NULL,NULL,1),(210801,'210800','市辖区',3,NULL,NULL,1),(210802,'210800','站前区',3,NULL,NULL,1),(210803,'210800','西市区',3,NULL,NULL,1),(210804,'210800','鲅鱼圈区',3,NULL,NULL,1),(210811,'210800','老边区',3,NULL,NULL,1),(210881,'210800','盖州市',3,NULL,NULL,1),(210882,'210800','大石桥市',3,NULL,NULL,1),(210900,'210000','阜新市',2,NULL,NULL,1),(210901,'210900','市辖区',3,NULL,NULL,1),(210902,'210900','海州区',3,NULL,NULL,1),(210903,'210900','新邱区',3,NULL,NULL,1),(210904,'210900','太平区',3,NULL,NULL,1),(210905,'210900','清河门区',3,NULL,NULL,1),(210911,'210900','细河区',3,NULL,NULL,1),(210921,'210900','阜新蒙古族自治县',3,NULL,NULL,1),(210922,'210900','彰武县',3,NULL,NULL,1),(211000,'210000','辽阳市',2,NULL,NULL,1),(211001,'211000','市辖区',3,NULL,NULL,1),(211002,'211000','白塔区',3,NULL,NULL,1),(211003,'211000','文圣区',3,NULL,NULL,1),(211004,'211000','宏伟区',3,NULL,NULL,1),(211005,'211000','弓长岭区',3,NULL,NULL,1),(211011,'211000','太子河区',3,NULL,NULL,1),(211021,'211000','辽阳县',3,NULL,NULL,1),(211081,'211000','灯塔市',3,NULL,NULL,1),(211100,'210000','盘锦市',2,NULL,NULL,1),(211101,'211100','市辖区',3,NULL,NULL,1),(211102,'211100','双台子区',3,NULL,NULL,1),(211103,'211100','兴隆台区',3,NULL,NULL,1),(211121,'211100','大洼县',3,NULL,NULL,1),(211122,'211100','盘山县',3,NULL,NULL,1),(211200,'210000','铁岭市',2,NULL,NULL,1),(211201,'211200','市辖区',3,NULL,NULL,1),(211202,'211200','银州区',3,NULL,NULL,1),(211204,'211200','清河区',3,NULL,NULL,1),(211221,'211200','铁岭县',3,NULL,NULL,1),(211223,'211200','西丰县',3,NULL,NULL,1),(211224,'211200','昌图县',3,NULL,NULL,1),(211281,'211200','调兵山市',3,NULL,NULL,1),(211282,'211200','开原市',3,NULL,NULL,1),(211300,'210000','朝阳市',2,NULL,NULL,1),(211301,'211300','市辖区',3,NULL,NULL,1),(211302,'211300','双塔区',3,NULL,NULL,1),(211303,'211300','龙城区',3,NULL,NULL,1),(211321,'211300','朝阳县',3,NULL,NULL,1),(211322,'211300','建平县',3,NULL,NULL,1),(211324,'211300','喀喇沁左翼蒙古族自治县',3,NULL,NULL,1),(211381,'211300','北票市',3,NULL,NULL,1),(211382,'211300','凌源市',3,NULL,NULL,1),(211400,'210000','葫芦岛市',2,NULL,NULL,1),(211401,'211400','市辖区',3,NULL,NULL,1),(211402,'211400','连山区',3,NULL,NULL,1),(211403,'211400','龙港区',3,NULL,NULL,1),(211404,'211400','南票区',3,NULL,NULL,1),(211421,'211400','绥中县',3,NULL,NULL,1),(211422,'211400','建昌县',3,NULL,NULL,1),(211481,'211400','兴城市',3,NULL,NULL,1),(220000,'1','吉林省',1,NULL,NULL,1),(220100,'220000','长春市',2,NULL,NULL,1),(220101,'220100','市辖区',3,NULL,NULL,1),(220102,'220100','南关区',3,NULL,NULL,1),(220103,'220100','宽城区',3,NULL,NULL,1),(220104,'220100','朝阳区',3,NULL,NULL,1),(220105,'220100','二道区',3,NULL,NULL,1),(220106,'220100','绿园区',3,NULL,NULL,1),(220112,'220100','双阳区',3,NULL,NULL,1),(220122,'220100','农安县',3,NULL,NULL,1),(220181,'220100','九台市',3,NULL,NULL,1),(220182,'220100','榆树市',3,NULL,NULL,1),(220183,'220100','德惠市',3,NULL,NULL,1),(220200,'220000','吉林市',2,NULL,NULL,1),(220201,'220200','市辖区',3,NULL,NULL,1),(220202,'220200','昌邑区',3,NULL,NULL,1),(220203,'220200','龙潭区',3,NULL,NULL,1),(220204,'220200','船营区',3,NULL,NULL,1),(220211,'220200','丰满区',3,NULL,NULL,1),(220221,'220200','永吉县',3,NULL,NULL,1),(220281,'220200','蛟河市',3,NULL,NULL,1),(220282,'220200','桦甸市',3,NULL,NULL,1),(220283,'220200','舒兰市',3,NULL,NULL,1),(220284,'220200','磐石市',3,NULL,NULL,1),(220300,'220000','四平市',2,NULL,NULL,1),(220301,'220300','市辖区',3,NULL,NULL,1),(220302,'220300','铁西区',3,NULL,NULL,1),(220303,'220300','铁东区',3,NULL,NULL,1),(220322,'220300','梨树县',3,NULL,NULL,1),(220323,'220300','伊通满族自治县',3,NULL,NULL,1),(220381,'220300','公主岭市',3,NULL,NULL,1),(220382,'220300','双辽市',3,NULL,NULL,1),(220400,'220000','辽源市',2,NULL,NULL,1),(220401,'220400','市辖区',3,NULL,NULL,1),(220402,'220400','龙山区',3,NULL,NULL,1),(220403,'220400','西安区',3,NULL,NULL,1),(220421,'220400','东丰县',3,NULL,NULL,1),(220422,'220400','东辽县',3,NULL,NULL,1),(220500,'220000','通化市',2,NULL,NULL,1),(220501,'220500','市辖区',3,NULL,NULL,1),(220502,'220500','东昌区',3,NULL,NULL,1),(220503,'220500','二道江区',3,NULL,NULL,1),(220521,'220500','通化县',3,NULL,NULL,1),(220523,'220500','辉南县',3,NULL,NULL,1),(220524,'220500','柳河县',3,NULL,NULL,1),(220581,'220500','梅河口市',3,NULL,NULL,1),(220582,'220500','集安市',3,NULL,NULL,1),(220600,'220000','白山市',2,NULL,NULL,1),(220601,'220600','市辖区',3,NULL,NULL,1),(220602,'220600','浑江区',3,NULL,NULL,1),(220605,'220600','江源区',3,NULL,NULL,1),(220621,'220600','抚松县',3,NULL,NULL,1),(220622,'220600','靖宇县',3,NULL,NULL,1),(220623,'220600','长白朝鲜族自治县',3,NULL,NULL,1),(220681,'220600','临江市',3,NULL,NULL,1),(220700,'220000','松原市',2,NULL,NULL,1),(220701,'220700','市辖区',3,NULL,NULL,1),(220702,'220700','宁江区',3,NULL,NULL,1),(220721,'220700','前郭尔罗斯蒙古族自治县',3,NULL,NULL,1),(220722,'220700','长岭县',3,NULL,NULL,1),(220723,'220700','乾安县',3,NULL,NULL,1),(220781,'220700','扶余市',3,NULL,NULL,1),(220800,'220000','白城市',2,NULL,NULL,1),(220801,'220800','市辖区',3,NULL,NULL,1),(220802,'220800','洮北区',3,NULL,NULL,1),(220821,'220800','镇赉县',3,NULL,NULL,1),(220822,'220800','通榆县',3,NULL,NULL,1),(220881,'220800','洮南市',3,NULL,NULL,1),(220882,'220800','大安市',3,NULL,NULL,1),(222400,'220000','延边朝鲜族自治州',2,NULL,NULL,1),(222401,'222400','延吉市',3,NULL,NULL,1),(222402,'222400','图们市',3,NULL,NULL,1),(222403,'222400','敦化市',3,NULL,NULL,1),(222404,'222400','珲春市',3,NULL,NULL,1),(222405,'222400','龙井市',3,NULL,NULL,1),(222406,'222400','和龙市',3,NULL,NULL,1),(222424,'222400','汪清县',3,NULL,NULL,1),(222426,'222400','安图县',3,NULL,NULL,1),(230000,'1','黑龙江省',1,NULL,NULL,1),(230100,'230000','哈尔滨市',2,NULL,NULL,1),(230101,'230100','市辖区',3,NULL,NULL,1),(230102,'230100','道里区',3,NULL,NULL,1),(230103,'230100','南岗区',3,NULL,NULL,1),(230104,'230100','道外区',3,NULL,NULL,1),(230108,'230100','平房区',3,NULL,NULL,1),(230109,'230100','松北区',3,NULL,NULL,1),(230110,'230100','香坊区',3,NULL,NULL,1),(230111,'230100','呼兰区',3,NULL,NULL,1),(230112,'230100','阿城区',3,NULL,NULL,1),(230123,'230100','依兰县',3,NULL,NULL,1),(230124,'230100','方正县',3,NULL,NULL,1),(230125,'230100','宾县',3,NULL,NULL,1),(230126,'230100','巴彦县',3,NULL,NULL,1),(230127,'230100','木兰县',3,NULL,NULL,1),(230128,'230100','通河县',3,NULL,NULL,1),(230129,'230100','延寿县',3,NULL,NULL,1),(230182,'230100','双城市',3,NULL,NULL,1),(230183,'230100','尚志市',3,NULL,NULL,1),(230184,'230100','五常市',3,NULL,NULL,1),(230200,'230000','齐齐哈尔市',2,NULL,NULL,1),(230201,'230200','市辖区',3,NULL,NULL,1),(230202,'230200','龙沙区',3,NULL,NULL,1),(230203,'230200','建华区',3,NULL,NULL,1),(230204,'230200','铁锋区',3,NULL,NULL,1),(230205,'230200','昂昂溪区',3,NULL,NULL,1),(230206,'230200','富拉尔基区',3,NULL,NULL,1),(230207,'230200','碾子山区',3,NULL,NULL,1),(230208,'230200','梅里斯达斡尔族区',3,NULL,NULL,1),(230221,'230200','龙江县',3,NULL,NULL,1),(230223,'230200','依安县',3,NULL,NULL,1),(230224,'230200','泰来县',3,NULL,NULL,1),(230225,'230200','甘南县',3,NULL,NULL,1),(230227,'230200','富裕县',3,NULL,NULL,1),(230229,'230200','克山县',3,NULL,NULL,1),(230230,'230200','克东县',3,NULL,NULL,1),(230231,'230200','拜泉县',3,NULL,NULL,1),(230281,'230200','讷河市',3,NULL,NULL,1),(230300,'230000','鸡西市',2,NULL,NULL,1),(230301,'230300','市辖区',3,NULL,NULL,1),(230302,'230300','鸡冠区',3,NULL,NULL,1),(230303,'230300','恒山区',3,NULL,NULL,1),(230304,'230300','滴道区',3,NULL,NULL,1),(230305,'230300','梨树区',3,NULL,NULL,1),(230306,'230300','城子河区',3,NULL,NULL,1),(230307,'230300','麻山区',3,NULL,NULL,1),(230321,'230300','鸡东县',3,NULL,NULL,1),(230381,'230300','虎林市',3,NULL,NULL,1),(230382,'230300','密山市',3,NULL,NULL,1),(230400,'230000','鹤岗市',2,NULL,NULL,1),(230401,'230400','市辖区',3,NULL,NULL,1),(230402,'230400','向阳区',3,NULL,NULL,1),(230403,'230400','工农区',3,NULL,NULL,1),(230404,'230400','南山区',3,NULL,NULL,1),(230405,'230400','兴安区',3,NULL,NULL,1),(230406,'230400','东山区',3,NULL,NULL,1),(230407,'230400','兴山区',3,NULL,NULL,1),(230421,'230400','萝北县',3,NULL,NULL,1),(230422,'230400','绥滨县',3,NULL,NULL,1),(230500,'230000','双鸭山市',2,NULL,NULL,1),(230501,'230500','市辖区',3,NULL,NULL,1),(230502,'230500','尖山区',3,NULL,NULL,1),(230503,'230500','岭东区',3,NULL,NULL,1),(230505,'230500','四方台区',3,NULL,NULL,1),(230506,'230500','宝山区',3,NULL,NULL,1),(230521,'230500','集贤县',3,NULL,NULL,1),(230522,'230500','友谊县',3,NULL,NULL,1),(230523,'230500','宝清县',3,NULL,NULL,1),(230524,'230500','饶河县',3,NULL,NULL,1),(230600,'230000','大庆市',2,NULL,NULL,1),(230601,'230600','市辖区',3,NULL,NULL,1),(230602,'230600','萨尔图区',3,NULL,NULL,1),(230603,'230600','龙凤区',3,NULL,NULL,1),(230604,'230600','让胡路区',3,NULL,NULL,1),(230605,'230600','红岗区',3,NULL,NULL,1),(230606,'230600','大同区',3,NULL,NULL,1),(230621,'230600','肇州县',3,NULL,NULL,1),(230622,'230600','肇源县',3,NULL,NULL,1),(230623,'230600','林甸县',3,NULL,NULL,1),(230624,'230600','杜尔伯特蒙古族自治县',3,NULL,NULL,1),(230700,'230000','伊春市',2,NULL,NULL,1),(230701,'230700','市辖区',3,NULL,NULL,1),(230702,'230700','伊春区',3,NULL,NULL,1),(230703,'230700','南岔区',3,NULL,NULL,1),(230704,'230700','友好区',3,NULL,NULL,1),(230705,'230700','西林区',3,NULL,NULL,1),(230706,'230700','翠峦区',3,NULL,NULL,1),(230707,'230700','新青区',3,NULL,NULL,1),(230708,'230700','美溪区',3,NULL,NULL,1),(230709,'230700','金山屯区',3,NULL,NULL,1),(230710,'230700','五营区',3,NULL,NULL,1),(230711,'230700','乌马河区',3,NULL,NULL,1),(230712,'230700','汤旺河区',3,NULL,NULL,1),(230713,'230700','带岭区',3,NULL,NULL,1),(230714,'230700','乌伊岭区',3,NULL,NULL,1),(230715,'230700','红星区',3,NULL,NULL,1),(230716,'230700','上甘岭区',3,NULL,NULL,1),(230722,'230700','嘉荫县',3,NULL,NULL,1),(230781,'230700','铁力市',3,NULL,NULL,1),(230800,'230000','佳木斯市',2,NULL,NULL,1),(230801,'230800','市辖区',3,NULL,NULL,1),(230803,'230800','向阳区',3,NULL,NULL,1),(230804,'230800','前进区',3,NULL,NULL,1),(230805,'230800','东风区',3,NULL,NULL,1),(230811,'230800','郊区',3,NULL,NULL,1),(230822,'230800','桦南县',3,NULL,NULL,1),(230826,'230800','桦川县',3,NULL,NULL,1),(230828,'230800','汤原县',3,NULL,NULL,1),(230833,'230800','抚远县',3,NULL,NULL,1),(230881,'230800','同江市',3,NULL,NULL,1),(230882,'230800','富锦市',3,NULL,NULL,1),(230900,'230000','七台河市',2,NULL,NULL,1),(230901,'230900','市辖区',3,NULL,NULL,1),(230902,'230900','新兴区',3,NULL,NULL,1),(230903,'230900','桃山区',3,NULL,NULL,1),(230904,'230900','茄子河区',3,NULL,NULL,1),(230921,'230900','勃利县',3,NULL,NULL,1),(231000,'230000','牡丹江市',2,NULL,NULL,1),(231001,'231000','市辖区',3,NULL,NULL,1),(231002,'231000','东安区',3,NULL,NULL,1),(231003,'231000','阳明区',3,NULL,NULL,1),(231004,'231000','爱民区',3,NULL,NULL,1),(231005,'231000','西安区',3,NULL,NULL,1),(231024,'231000','东宁县',3,NULL,NULL,1),(231025,'231000','林口县',3,NULL,NULL,1),(231081,'231000','绥芬河市',3,NULL,NULL,1),(231083,'231000','海林市',3,NULL,NULL,1),(231084,'231000','宁安市',3,NULL,NULL,1),(231085,'231000','穆棱市',3,NULL,NULL,1),(231100,'230000','黑河市',2,NULL,NULL,1),(231101,'231100','市辖区',3,NULL,NULL,1),(231102,'231100','爱辉区',3,NULL,NULL,1),(231121,'231100','嫩江县',3,NULL,NULL,1),(231123,'231100','逊克县',3,NULL,NULL,1),(231124,'231100','孙吴县',3,NULL,NULL,1),(231181,'231100','北安市',3,NULL,NULL,1),(231182,'231100','五大连池市',3,NULL,NULL,1),(231200,'230000','绥化市',2,NULL,NULL,1),(231201,'231200','市辖区',3,NULL,NULL,1),(231202,'231200','北林区',3,NULL,NULL,1),(231221,'231200','望奎县',3,NULL,NULL,1),(231222,'231200','兰西县',3,NULL,NULL,1),(231223,'231200','青冈县',3,NULL,NULL,1),(231224,'231200','庆安县',3,NULL,NULL,1),(231225,'231200','明水县',3,NULL,NULL,1),(231226,'231200','绥棱县',3,NULL,NULL,1),(231281,'231200','安达市',3,NULL,NULL,1),(231282,'231200','肇东市',3,NULL,NULL,1),(231283,'231200','海伦市',3,NULL,NULL,1),(232700,'230000','大兴安岭地区',2,NULL,NULL,1),(232721,'232700','呼玛县',3,NULL,NULL,1),(232722,'232700','塔河县',3,NULL,NULL,1),(232723,'232700','漠河县',3,NULL,NULL,1),(310000,'1','上海市',1,NULL,NULL,1),(310100,'310000','上海市',2,NULL,NULL,1),(310101,'310100','黄浦区',3,NULL,NULL,1),(310104,'310100','徐汇区',3,NULL,NULL,1),(310105,'310100','长宁区',3,NULL,NULL,1),(310106,'310100','静安区',3,NULL,NULL,1),(310107,'310100','普陀区',3,NULL,NULL,1),(310108,'310100','闸北区',3,NULL,NULL,1),(310109,'310100','虹口区',3,NULL,NULL,1),(310110,'310100','杨浦区',3,NULL,NULL,1),(310112,'310100','闵行区',3,NULL,NULL,1),(310113,'310100','宝山区',3,NULL,NULL,1),(310114,'310100','嘉定区',3,NULL,NULL,1),(310115,'310100','浦东新区',3,NULL,NULL,1),(310116,'310100','金山区',3,NULL,NULL,1),(310117,'310100','松江区',3,NULL,NULL,1),(310118,'310100','青浦区',3,NULL,NULL,1),(310120,'310100','奉贤区',3,NULL,NULL,1),(310230,'310100','崇明县',3,NULL,NULL,1),(320000,'1','江苏省',1,NULL,NULL,1),(320100,'320000','南京市',2,NULL,NULL,1),(320101,'320100','市辖区',3,NULL,NULL,1),(320102,'320100','玄武区',3,NULL,NULL,1),(320104,'320100','秦淮区',3,NULL,NULL,1),(320105,'320100','建邺区',3,NULL,NULL,1),(320106,'320100','鼓楼区',3,NULL,NULL,1),(320111,'320100','浦口区',3,NULL,NULL,1),(320113,'320100','栖霞区',3,NULL,NULL,1),(320114,'320100','雨花台区',3,NULL,NULL,1),(320115,'320100','江宁区',3,NULL,NULL,1),(320116,'320100','六合区',3,NULL,NULL,1),(320117,'320100','溧水区',3,NULL,NULL,1),(320118,'320100','高淳区',3,NULL,NULL,1),(320200,'320000','无锡市',2,NULL,NULL,1),(320201,'320200','市辖区',3,NULL,NULL,1),(320202,'320200','崇安区',3,NULL,NULL,1),(320203,'320200','南长区',3,NULL,NULL,1),(320204,'320200','北塘区',3,NULL,NULL,1),(320205,'320200','锡山区',3,NULL,NULL,1),(320206,'320200','惠山区',3,NULL,NULL,1),(320211,'320200','滨湖区',3,NULL,NULL,1),(320281,'320200','江阴市',3,NULL,NULL,1),(320282,'320200','宜兴市',3,NULL,NULL,1),(320300,'320000','徐州市',2,NULL,NULL,1),(320301,'320300','市辖区',3,NULL,NULL,1),(320302,'320300','鼓楼区',3,NULL,NULL,1),(320303,'320300','云龙区',3,NULL,NULL,1),(320305,'320300','贾汪区',3,NULL,NULL,1),(320311,'320300','泉山区',3,NULL,NULL,1),(320312,'320300','铜山区',3,NULL,NULL,1),(320321,'320300','丰县',3,NULL,NULL,1),(320322,'320300','沛县',3,NULL,NULL,1),(320324,'320300','睢宁县',3,NULL,NULL,1),(320381,'320300','新沂市',3,NULL,NULL,1),(320382,'320300','邳州市',3,NULL,NULL,1),(320400,'320000','常州市',2,NULL,NULL,1),(320401,'320400','市辖区',3,NULL,NULL,1),(320402,'320400','天宁区',3,NULL,NULL,1),(320404,'320400','钟楼区',3,NULL,NULL,1),(320405,'320400','戚墅堰区',3,NULL,NULL,1),(320411,'320400','新北区',3,NULL,NULL,1),(320412,'320400','武进区',3,NULL,NULL,1),(320481,'320400','溧阳市',3,NULL,NULL,1),(320482,'320400','金坛市',3,NULL,NULL,1),(320500,'320000','苏州市',2,NULL,NULL,1),(320501,'320500','市辖区',3,NULL,NULL,1),(320505,'320500','虎丘区',3,NULL,NULL,1),(320506,'320500','吴中区',3,NULL,NULL,1),(320507,'320500','相城区',3,NULL,NULL,1),(320508,'320500','姑苏区',3,NULL,NULL,1),(320509,'320500','吴江区',3,NULL,NULL,1),(320581,'320500','常熟市',3,NULL,NULL,1),(320582,'320500','张家港市',3,NULL,NULL,1),(320583,'320500','昆山市',3,NULL,NULL,1),(320585,'320500','太仓市',3,NULL,NULL,1),(320600,'320000','南通市',2,NULL,NULL,1),(320601,'320600','市辖区',3,NULL,NULL,1),(320602,'320600','崇川区',3,NULL,NULL,1),(320611,'320600','港闸区',3,NULL,NULL,1),(320612,'320600','通州区',3,NULL,NULL,1),(320621,'320600','海安县',3,NULL,NULL,1),(320623,'320600','如东县',3,NULL,NULL,1),(320681,'320600','启东市',3,NULL,NULL,1),(320682,'320600','如皋市',3,NULL,NULL,1),(320684,'320600','海门市',3,NULL,NULL,1),(320700,'320000','连云港市',2,NULL,NULL,1),(320701,'320700','市辖区',3,NULL,NULL,1),(320703,'320700','连云区',3,NULL,NULL,1),(320705,'320700','新浦区',3,NULL,NULL,1),(320706,'320700','海州区',3,NULL,NULL,1),(320721,'320700','赣榆县',3,NULL,NULL,1),(320722,'320700','东海县',3,NULL,NULL,1),(320723,'320700','灌云县',3,NULL,NULL,1),(320724,'320700','灌南县',3,NULL,NULL,1),(320800,'320000','淮安市',2,NULL,NULL,1),(320801,'320800','市辖区',3,NULL,NULL,1),(320802,'320800','清河区',3,NULL,NULL,1),(320803,'320800','淮安区',3,NULL,NULL,1),(320804,'320800','淮阴区',3,NULL,NULL,1),(320811,'320800','清浦区',3,NULL,NULL,1),(320826,'320800','涟水县',3,NULL,NULL,1),(320829,'320800','洪泽县',3,NULL,NULL,1),(320830,'320800','盱眙县',3,NULL,NULL,1),(320831,'320800','金湖县',3,NULL,NULL,1),(320900,'320000','盐城市',2,NULL,NULL,1),(320901,'320900','市辖区',3,NULL,NULL,1),(320902,'320900','亭湖区',3,NULL,NULL,1),(320903,'320900','盐都区',3,NULL,NULL,1),(320921,'320900','响水县',3,NULL,NULL,1),(320922,'320900','滨海县',3,NULL,NULL,1),(320923,'320900','阜宁县',3,NULL,NULL,1),(320924,'320900','射阳县',3,NULL,NULL,1),(320925,'320900','建湖县',3,NULL,NULL,1),(320981,'320900','东台市',3,NULL,NULL,1),(320982,'320900','大丰市',3,NULL,NULL,1),(321000,'320000','扬州市',2,NULL,NULL,1),(321001,'321000','市辖区',3,NULL,NULL,1),(321002,'321000','广陵区',3,NULL,NULL,1),(321003,'321000','邗江区',3,NULL,NULL,1),(321012,'321000','江都区',3,NULL,NULL,1),(321023,'321000','宝应县',3,NULL,NULL,1),(321081,'321000','仪征市',3,NULL,NULL,1),(321084,'321000','高邮市',3,NULL,NULL,1),(321100,'320000','镇江市',2,NULL,NULL,1),(321101,'321100','市辖区',3,NULL,NULL,1),(321102,'321100','京口区',3,NULL,NULL,1),(321111,'321100','润州区',3,NULL,NULL,1),(321112,'321100','丹徒区',3,NULL,NULL,1),(321181,'321100','丹阳市',3,NULL,NULL,1),(321182,'321100','扬中市',3,NULL,NULL,1),(321183,'321100','句容市',3,NULL,NULL,1),(321200,'320000','泰州市',2,NULL,NULL,1),(321201,'321200','市辖区',3,NULL,NULL,1),(321202,'321200','海陵区',3,NULL,NULL,1),(321203,'321200','高港区',3,NULL,NULL,1),(321204,'321200','姜堰区',3,NULL,NULL,1),(321281,'321200','兴化市',3,NULL,NULL,1),(321282,'321200','靖江市',3,NULL,NULL,1),(321283,'321200','泰兴市',3,NULL,NULL,1),(321300,'320000','宿迁市',2,NULL,NULL,1),(321301,'321300','市辖区',3,NULL,NULL,1),(321302,'321300','宿城区',3,NULL,NULL,1),(321311,'321300','宿豫区',3,NULL,NULL,1),(321322,'321300','沭阳县',3,NULL,NULL,1),(321323,'321300','泗阳县',3,NULL,NULL,1),(321324,'321300','泗洪县',3,NULL,NULL,1),(330000,'1','浙江省',1,NULL,NULL,1),(330100,'330000','杭州市',2,NULL,NULL,1),(330101,'330100','市辖区',3,NULL,NULL,1),(330102,'330100','上城区',3,NULL,NULL,1),(330103,'330100','下城区',3,NULL,NULL,1),(330104,'330100','江干区',3,NULL,NULL,1),(330105,'330100','拱墅区',3,NULL,NULL,1),(330106,'330100','西湖区',3,NULL,NULL,1),(330108,'330100','滨江区',3,NULL,NULL,1),(330109,'330100','萧山区',3,NULL,NULL,1),(330110,'330100','余杭区',3,NULL,NULL,1),(330122,'330100','桐庐县',3,NULL,NULL,1),(330127,'330100','淳安县',3,NULL,NULL,1),(330182,'330100','建德市',3,NULL,NULL,1),(330183,'330100','富阳市',3,NULL,NULL,1),(330185,'330100','临安市',3,NULL,NULL,1),(330200,'330000','宁波市',2,NULL,NULL,1),(330201,'330200','市辖区',3,NULL,NULL,1),(330203,'330200','海曙区',3,NULL,NULL,1),(330204,'330200','江东区',3,NULL,NULL,1),(330205,'330200','江北区',3,NULL,NULL,1),(330206,'330200','北仑区',3,NULL,NULL,1),(330211,'330200','镇海区',3,NULL,NULL,1),(330212,'330200','鄞州区',3,NULL,NULL,1),(330225,'330200','象山县',3,NULL,NULL,1),(330226,'330200','宁海县',3,NULL,NULL,1),(330281,'330200','余姚市',3,NULL,NULL,1),(330282,'330200','慈溪市',3,NULL,NULL,1),(330283,'330200','奉化市',3,NULL,NULL,1),(330300,'330000','温州市',2,NULL,NULL,1),(330301,'330300','市辖区',3,NULL,NULL,1),(330302,'330300','鹿城区',3,NULL,NULL,1),(330303,'330300','龙湾区',3,NULL,NULL,1),(330304,'330300','瓯海区',3,NULL,NULL,1),(330322,'330300','洞头县',3,NULL,NULL,1),(330324,'330300','永嘉县',3,NULL,NULL,1),(330326,'330300','平阳县',3,NULL,NULL,1),(330327,'330300','苍南县',3,NULL,NULL,1),(330328,'330300','文成县',3,NULL,NULL,1),(330329,'330300','泰顺县',3,NULL,NULL,1),(330381,'330300','瑞安市',3,NULL,NULL,1),(330382,'330300','乐清市',3,NULL,NULL,1),(330400,'330000','嘉兴市',2,NULL,NULL,1),(330401,'330400','市辖区',3,NULL,NULL,1),(330402,'330400','南湖区',3,NULL,NULL,1),(330411,'330400','秀洲区',3,NULL,NULL,1),(330421,'330400','嘉善县',3,NULL,NULL,1),(330424,'330400','海盐县',3,NULL,NULL,1),(330481,'330400','海宁市',3,NULL,NULL,1),(330482,'330400','平湖市',3,NULL,NULL,1),(330483,'330400','桐乡市',3,NULL,NULL,1),(330500,'330000','湖州市',2,NULL,NULL,1),(330501,'330500','市辖区',3,NULL,NULL,1),(330502,'330500','吴兴区',3,NULL,NULL,1),(330503,'330500','南浔区',3,NULL,NULL,1),(330521,'330500','德清县',3,NULL,NULL,1),(330522,'330500','长兴县',3,NULL,NULL,1),(330523,'330500','安吉县',3,NULL,NULL,1),(330600,'330000','绍兴市',2,NULL,NULL,1),(330601,'330600','市辖区',3,NULL,NULL,1),(330602,'330600','越城区',3,NULL,NULL,1),(330621,'330600','绍兴县',3,NULL,NULL,1),(330624,'330600','新昌县',3,NULL,NULL,1),(330681,'330600','诸暨市',3,NULL,NULL,1),(330682,'330600','上虞市',3,NULL,NULL,1),(330683,'330600','嵊州市',3,NULL,NULL,1),(330700,'330000','金华市',2,NULL,NULL,1),(330701,'330700','市辖区',3,NULL,NULL,1),(330702,'330700','婺城区',3,NULL,NULL,1),(330703,'330700','金东区',3,NULL,NULL,1),(330723,'330700','武义县',3,NULL,NULL,1),(330726,'330700','浦江县',3,NULL,NULL,1),(330727,'330700','磐安县',3,NULL,NULL,1),(330781,'330700','兰溪市',3,NULL,NULL,1),(330782,'330700','义乌市',3,NULL,NULL,1),(330783,'330700','东阳市',3,NULL,NULL,1),(330784,'330700','永康市',3,NULL,NULL,1),(330800,'330000','衢州市',2,NULL,NULL,1),(330801,'330800','市辖区',3,NULL,NULL,1),(330802,'330800','柯城区',3,NULL,NULL,1),(330803,'330800','衢江区',3,NULL,NULL,1),(330822,'330800','常山县',3,NULL,NULL,1),(330824,'330800','开化县',3,NULL,NULL,1),(330825,'330800','龙游县',3,NULL,NULL,1),(330881,'330800','江山市',3,NULL,NULL,1),(330900,'330000','舟山市',2,NULL,NULL,1),(330901,'330900','市辖区',3,NULL,NULL,1),(330902,'330900','定海区',3,NULL,NULL,1),(330903,'330900','普陀区',3,NULL,NULL,1),(330921,'330900','岱山县',3,NULL,NULL,1),(330922,'330900','嵊泗县',3,NULL,NULL,1),(331000,'330000','台州市',2,NULL,NULL,1),(331001,'331000','市辖区',3,NULL,NULL,1),(331002,'331000','椒江区',3,NULL,NULL,1),(331003,'331000','黄岩区',3,NULL,NULL,1),(331004,'331000','路桥区',3,NULL,NULL,1),(331021,'331000','玉环县',3,NULL,NULL,1),(331022,'331000','三门县',3,NULL,NULL,1),(331023,'331000','天台县',3,NULL,NULL,1),(331024,'331000','仙居县',3,NULL,NULL,1),(331081,'331000','温岭市',3,NULL,NULL,1),(331082,'331000','临海市',3,NULL,NULL,1),(331100,'330000','丽水市',2,NULL,NULL,1),(331101,'331100','市辖区',3,NULL,NULL,1),(331102,'331100','莲都区',3,NULL,NULL,1),(331121,'331100','青田县',3,NULL,NULL,1),(331122,'331100','缙云县',3,NULL,NULL,1),(331123,'331100','遂昌县',3,NULL,NULL,1),(331124,'331100','松阳县',3,NULL,NULL,1),(331125,'331100','云和县',3,NULL,NULL,1),(331126,'331100','庆元县',3,NULL,NULL,1),(331127,'331100','景宁畲族自治县',3,NULL,NULL,1),(331181,'331100','龙泉市',3,NULL,NULL,1),(340000,'1','安徽省',1,NULL,NULL,1),(340100,'340000','合肥市',2,NULL,NULL,1),(340101,'340100','市辖区',3,NULL,NULL,1),(340102,'340100','瑶海区',3,NULL,NULL,1),(340103,'340100','庐阳区',3,NULL,NULL,1),(340104,'340100','蜀山区',3,NULL,NULL,1),(340111,'340100','包河区',3,NULL,NULL,1),(340121,'340100','长丰县',3,NULL,NULL,1),(340122,'340100','肥东县',3,NULL,NULL,1),(340123,'340100','肥西县',3,NULL,NULL,1),(340124,'340100','庐江县',3,NULL,NULL,1),(340181,'340100','巢湖市',3,NULL,NULL,1),(340200,'340000','芜湖市',2,NULL,NULL,1),(340201,'340200','市辖区',3,NULL,NULL,1),(340202,'340200','镜湖区',3,NULL,NULL,1),(340203,'340200','弋江区',3,NULL,NULL,1),(340207,'340200','鸠江区',3,NULL,NULL,1),(340208,'340200','三山区',3,NULL,NULL,1),(340221,'340200','芜湖县',3,NULL,NULL,1),(340222,'340200','繁昌县',3,NULL,NULL,1),(340223,'340200','南陵县',3,NULL,NULL,1),(340225,'340200','无为县',3,NULL,NULL,1),(340300,'340000','蚌埠市',2,NULL,NULL,1),(340301,'340300','市辖区',3,NULL,NULL,1),(340302,'340300','龙子湖区',3,NULL,NULL,1),(340303,'340300','蚌山区',3,NULL,NULL,1),(340304,'340300','禹会区',3,NULL,NULL,1),(340311,'340300','淮上区',3,NULL,NULL,1),(340321,'340300','怀远县',3,NULL,NULL,1),(340322,'340300','五河县',3,NULL,NULL,1),(340323,'340300','固镇县',3,NULL,NULL,1),(340400,'340000','淮南市',2,NULL,NULL,1),(340401,'340400','市辖区',3,NULL,NULL,1),(340402,'340400','大通区',3,NULL,NULL,1),(340403,'340400','田家庵区',3,NULL,NULL,1),(340404,'340400','谢家集区',3,NULL,NULL,1),(340405,'340400','八公山区',3,NULL,NULL,1),(340406,'340400','潘集区',3,NULL,NULL,1),(340421,'340400','凤台县',3,NULL,NULL,1),(340500,'340000','马鞍山市',2,NULL,NULL,1),(340501,'340500','市辖区',3,NULL,NULL,1),(340503,'340500','花山区',3,NULL,NULL,1),(340504,'340500','雨山区',3,NULL,NULL,1),(340506,'340500','博望区',3,NULL,NULL,1),(340521,'340500','当涂县',3,NULL,NULL,1),(340522,'340500','含山县',3,NULL,NULL,1),(340523,'340500','和县',3,NULL,NULL,1),(340600,'340000','淮北市',2,NULL,NULL,1),(340601,'340600','市辖区',3,NULL,NULL,1),(340602,'340600','杜集区',3,NULL,NULL,1),(340603,'340600','相山区',3,NULL,NULL,1),(340604,'340600','烈山区',3,NULL,NULL,1),(340621,'340600','濉溪县',3,NULL,NULL,1),(340700,'340000','铜陵市',2,NULL,NULL,1),(340701,'340700','市辖区',3,NULL,NULL,1),(340702,'340700','铜官山区',3,NULL,NULL,1),(340703,'340700','狮子山区',3,NULL,NULL,1),(340711,'340700','郊区',3,NULL,NULL,1),(340721,'340700','铜陵县',3,NULL,NULL,1),(340800,'340000','安庆市',2,NULL,NULL,1),(340801,'340800','市辖区',3,NULL,NULL,1),(340802,'340800','迎江区',3,NULL,NULL,1),(340803,'340800','大观区',3,NULL,NULL,1),(340811,'340800','宜秀区',3,NULL,NULL,1),(340822,'340800','怀宁县',3,NULL,NULL,1),(340823,'340800','枞阳县',3,NULL,NULL,1),(340824,'340800','潜山县',3,NULL,NULL,1),(340825,'340800','太湖县',3,NULL,NULL,1),(340826,'340800','宿松县',3,NULL,NULL,1),(340827,'340800','望江县',3,NULL,NULL,1),(340828,'340800','岳西县',3,NULL,NULL,1),(340881,'340800','桐城市',3,NULL,NULL,1),(341000,'340000','黄山市',2,NULL,NULL,1),(341001,'341000','市辖区',3,NULL,NULL,1),(341002,'341000','屯溪区',3,NULL,NULL,1),(341003,'341000','黄山区',3,NULL,NULL,1),(341004,'341000','徽州区',3,NULL,NULL,1),(341021,'341000','歙县',3,NULL,NULL,1),(341022,'341000','休宁县',3,NULL,NULL,1),(341023,'341000','黟县',3,NULL,NULL,1),(341024,'341000','祁门县',3,NULL,NULL,1),(341100,'340000','滁州市',2,NULL,NULL,1),(341101,'341100','市辖区',3,NULL,NULL,1),(341102,'341100','琅琊区',3,NULL,NULL,1),(341103,'341100','南谯区',3,NULL,NULL,1),(341122,'341100','来安县',3,NULL,NULL,1),(341124,'341100','全椒县',3,NULL,NULL,1),(341125,'341100','定远县',3,NULL,NULL,1),(341126,'341100','凤阳县',3,NULL,NULL,1),(341181,'341100','天长市',3,NULL,NULL,1),(341182,'341100','明光市',3,NULL,NULL,1),(341200,'340000','阜阳市',2,NULL,NULL,1),(341201,'341200','市辖区',3,NULL,NULL,1),(341202,'341200','颍州区',3,NULL,NULL,1),(341203,'341200','颍东区',3,NULL,NULL,1),(341204,'341200','颍泉区',3,NULL,NULL,1),(341221,'341200','临泉县',3,NULL,NULL,1),(341222,'341200','太和县',3,NULL,NULL,1),(341225,'341200','阜南县',3,NULL,NULL,1),(341226,'341200','颍上县',3,NULL,NULL,1),(341282,'341200','界首市',3,NULL,NULL,1),(341300,'340000','宿州市',2,NULL,NULL,1),(341301,'341300','市辖区',3,NULL,NULL,1),(341302,'341300','埇桥区',3,NULL,NULL,1),(341321,'341300','砀山县',3,NULL,NULL,1),(341322,'341300','萧县',3,NULL,NULL,1),(341323,'341300','灵璧县',3,NULL,NULL,1),(341324,'341300','泗县',3,NULL,NULL,1),(341500,'340000','六安市',2,NULL,NULL,1),(341501,'341500','市辖区',3,NULL,NULL,1),(341502,'341500','金安区',3,NULL,NULL,1),(341503,'341500','裕安区',3,NULL,NULL,1),(341521,'341500','寿县',3,NULL,NULL,1),(341522,'341500','霍邱县',3,NULL,NULL,1),(341523,'341500','舒城县',3,NULL,NULL,1),(341524,'341500','金寨县',3,NULL,NULL,1),(341525,'341500','霍山县',3,NULL,NULL,1),(341600,'340000','亳州市',2,NULL,NULL,1),(341601,'341600','市辖区',3,NULL,NULL,1),(341602,'341600','谯城区',3,NULL,NULL,1),(341621,'341600','涡阳县',3,NULL,NULL,1),(341622,'341600','蒙城县',3,NULL,NULL,1),(341623,'341600','利辛县',3,NULL,NULL,1),(341700,'340000','池州市',2,NULL,NULL,1),(341701,'341700','市辖区',3,NULL,NULL,1),(341702,'341700','贵池区',3,NULL,NULL,1),(341721,'341700','东至县',3,NULL,NULL,1),(341722,'341700','石台县',3,NULL,NULL,1),(341723,'341700','青阳县',3,NULL,NULL,1),(341800,'340000','宣城市',2,NULL,NULL,1),(341801,'341800','市辖区',3,NULL,NULL,1),(341802,'341800','宣州区',3,NULL,NULL,1),(341821,'341800','郎溪县',3,NULL,NULL,1),(341822,'341800','广德县',3,NULL,NULL,1),(341823,'341800','泾县',3,NULL,NULL,1),(341824,'341800','绩溪县',3,NULL,NULL,1),(341825,'341800','旌德县',3,NULL,NULL,1),(341881,'341800','宁国市',3,NULL,NULL,1),(350000,'1','福建省',1,NULL,NULL,1),(350100,'350000','福州市',2,NULL,NULL,1),(350101,'350100','市辖区',3,NULL,NULL,1),(350102,'350100','鼓楼区',3,NULL,NULL,1),(350103,'350100','台江区',3,NULL,NULL,1),(350104,'350100','仓山区',3,NULL,NULL,1),(350105,'350100','马尾区',3,NULL,NULL,1),(350111,'350100','晋安区',3,NULL,NULL,1),(350121,'350100','闽侯县',3,NULL,NULL,1),(350122,'350100','连江县',3,NULL,NULL,1),(350123,'350100','罗源县',3,NULL,NULL,1),(350124,'350100','闽清县',3,NULL,NULL,1),(350125,'350100','永泰县',3,NULL,NULL,1),(350128,'350100','平潭县',3,NULL,NULL,1),(350181,'350100','福清市',3,NULL,NULL,1),(350182,'350100','长乐市',3,NULL,NULL,1),(350200,'350000','厦门市',2,NULL,NULL,1),(350201,'350200','市辖区',3,NULL,NULL,1),(350203,'350200','思明区',3,NULL,NULL,1),(350205,'350200','海沧区',3,NULL,NULL,1),(350206,'350200','湖里区',3,NULL,NULL,1),(350211,'350200','集美区',3,NULL,NULL,1),(350212,'350200','同安区',3,NULL,NULL,1),(350213,'350200','翔安区',3,NULL,NULL,1),(350300,'350000','莆田市',2,NULL,NULL,1),(350301,'350300','市辖区',3,NULL,NULL,1),(350302,'350300','城厢区',3,NULL,NULL,1),(350303,'350300','涵江区',3,NULL,NULL,1),(350304,'350300','荔城区',3,NULL,NULL,1),(350305,'350300','秀屿区',3,NULL,NULL,1),(350322,'350300','仙游县',3,NULL,NULL,1),(350400,'350000','三明市',2,NULL,NULL,1),(350401,'350400','市辖区',3,NULL,NULL,1),(350402,'350400','梅列区',3,NULL,NULL,1),(350403,'350400','三元区',3,NULL,NULL,1),(350421,'350400','明溪县',3,NULL,NULL,1),(350423,'350400','清流县',3,NULL,NULL,1),(350424,'350400','宁化县',3,NULL,NULL,1),(350425,'350400','大田县',3,NULL,NULL,1),(350426,'350400','尤溪县',3,NULL,NULL,1),(350427,'350400','沙县',3,NULL,NULL,1),(350428,'350400','将乐县',3,NULL,NULL,1),(350429,'350400','泰宁县',3,NULL,NULL,1),(350430,'350400','建宁县',3,NULL,NULL,1),(350481,'350400','永安市',3,NULL,NULL,1),(350500,'350000','泉州市',2,NULL,NULL,1),(350501,'350500','市辖区',3,NULL,NULL,1),(350502,'350500','鲤城区',3,NULL,NULL,1),(350503,'350500','丰泽区',3,NULL,NULL,1),(350504,'350500','洛江区',3,NULL,NULL,1),(350505,'350500','泉港区',3,NULL,NULL,1),(350521,'350500','惠安县',3,NULL,NULL,1),(350524,'350500','安溪县',3,NULL,NULL,1),(350525,'350500','永春县',3,NULL,NULL,1),(350526,'350500','德化县',3,NULL,NULL,1),(350527,'350500','金门县',3,NULL,NULL,1),(350581,'350500','石狮市',3,NULL,NULL,1),(350582,'350500','晋江市',3,NULL,NULL,1),(350583,'350500','南安市',3,NULL,NULL,1),(350600,'350000','漳州市',2,NULL,NULL,1),(350601,'350600','市辖区',3,NULL,NULL,1),(350602,'350600','芗城区',3,NULL,NULL,1),(350603,'350600','龙文区',3,NULL,NULL,1),(350622,'350600','云霄县',3,NULL,NULL,1),(350623,'350600','漳浦县',3,NULL,NULL,1),(350624,'350600','诏安县',3,NULL,NULL,1),(350625,'350600','长泰县',3,NULL,NULL,1),(350626,'350600','东山县',3,NULL,NULL,1),(350627,'350600','南靖县',3,NULL,NULL,1),(350628,'350600','平和县',3,NULL,NULL,1),(350629,'350600','华安县',3,NULL,NULL,1),(350681,'350600','龙海市',3,NULL,NULL,1),(350700,'350000','南平市',2,NULL,NULL,1),(350701,'350700','市辖区',3,NULL,NULL,1),(350702,'350700','延平区',3,NULL,NULL,1),(350721,'350700','顺昌县',3,NULL,NULL,1),(350722,'350700','浦城县',3,NULL,NULL,1),(350723,'350700','光泽县',3,NULL,NULL,1),(350724,'350700','松溪县',3,NULL,NULL,1),(350725,'350700','政和县',3,NULL,NULL,1),(350781,'350700','邵武市',3,NULL,NULL,1),(350782,'350700','武夷山市',3,NULL,NULL,1),(350783,'350700','建瓯市',3,NULL,NULL,1),(350784,'350700','建阳市',3,NULL,NULL,1),(350800,'350000','龙岩市',2,NULL,NULL,1),(350801,'350800','市辖区',3,NULL,NULL,1),(350802,'350800','新罗区',3,NULL,NULL,1),(350821,'350800','长汀县',3,NULL,NULL,1),(350822,'350800','永定县',3,NULL,NULL,1),(350823,'350800','上杭县',3,NULL,NULL,1),(350824,'350800','武平县',3,NULL,NULL,1),(350825,'350800','连城县',3,NULL,NULL,1),(350881,'350800','漳平市',3,NULL,NULL,1),(350900,'350000','宁德市',2,NULL,NULL,1),(350901,'350900','市辖区',3,NULL,NULL,1),(350902,'350900','蕉城区',3,NULL,NULL,1),(350921,'350900','霞浦县',3,NULL,NULL,1),(350922,'350900','古田县',3,NULL,NULL,1),(350923,'350900','屏南县',3,NULL,NULL,1),(350924,'350900','寿宁县',3,NULL,NULL,1),(350925,'350900','周宁县',3,NULL,NULL,1),(350926,'350900','柘荣县',3,NULL,NULL,1),(350981,'350900','福安市',3,NULL,NULL,1),(350982,'350900','福鼎市',3,NULL,NULL,1),(360000,'1','江西省',1,NULL,NULL,1),(360100,'360000','南昌市',2,NULL,NULL,1),(360101,'360100','市辖区',3,NULL,NULL,1),(360102,'360100','东湖区',3,NULL,NULL,1),(360103,'360100','西湖区',3,NULL,NULL,1),(360104,'360100','青云谱区',3,NULL,NULL,1),(360105,'360100','湾里区',3,NULL,NULL,1),(360111,'360100','青山湖区',3,NULL,NULL,1),(360121,'360100','南昌县',3,NULL,NULL,1),(360122,'360100','新建县',3,NULL,NULL,1),(360123,'360100','安义县',3,NULL,NULL,1),(360124,'360100','进贤县',3,NULL,NULL,1),(360200,'360000','景德镇市',2,NULL,NULL,1),(360201,'360200','市辖区',3,NULL,NULL,1),(360202,'360200','昌江区',3,NULL,NULL,1),(360203,'360200','珠山区',3,NULL,NULL,1),(360222,'360200','浮梁县',3,NULL,NULL,1),(360281,'360200','乐平市',3,NULL,NULL,1),(360300,'360000','萍乡市',2,NULL,NULL,1),(360301,'360300','市辖区',3,NULL,NULL,1),(360302,'360300','安源区',3,NULL,NULL,1),(360313,'360300','湘东区',3,NULL,NULL,1),(360321,'360300','莲花县',3,NULL,NULL,1),(360322,'360300','上栗县',3,NULL,NULL,1),(360323,'360300','芦溪县',3,NULL,NULL,1),(360400,'360000','九江市',2,NULL,NULL,1),(360401,'360400','市辖区',3,NULL,NULL,1),(360402,'360400','庐山区',3,NULL,NULL,1),(360403,'360400','浔阳区',3,NULL,NULL,1),(360421,'360400','九江县',3,NULL,NULL,1),(360423,'360400','武宁县',3,NULL,NULL,1),(360424,'360400','修水县',3,NULL,NULL,1),(360425,'360400','永修县',3,NULL,NULL,1),(360426,'360400','德安县',3,NULL,NULL,1),(360427,'360400','星子县',3,NULL,NULL,1),(360428,'360400','都昌县',3,NULL,NULL,1),(360429,'360400','湖口县',3,NULL,NULL,1),(360430,'360400','彭泽县',3,NULL,NULL,1),(360481,'360400','瑞昌市',3,NULL,NULL,1),(360482,'360400','共青城市',3,NULL,NULL,1),(360500,'360000','新余市',2,NULL,NULL,1),(360501,'360500','市辖区',3,NULL,NULL,1),(360502,'360500','渝水区',3,NULL,NULL,1),(360521,'360500','分宜县',3,NULL,NULL,1),(360600,'360000','鹰潭市',2,NULL,NULL,1),(360601,'360600','市辖区',3,NULL,NULL,1),(360602,'360600','月湖区',3,NULL,NULL,1),(360622,'360600','余江县',3,NULL,NULL,1),(360681,'360600','贵溪市',3,NULL,NULL,1),(360700,'360000','赣州市',2,NULL,NULL,1),(360701,'360700','市辖区',3,NULL,NULL,1),(360702,'360700','章贡区',3,NULL,NULL,1),(360721,'360700','赣县',3,NULL,NULL,1),(360722,'360700','信丰县',3,NULL,NULL,1),(360723,'360700','大余县',3,NULL,NULL,1),(360724,'360700','上犹县',3,NULL,NULL,1),(360725,'360700','崇义县',3,NULL,NULL,1),(360726,'360700','安远县',3,NULL,NULL,1),(360727,'360700','龙南县',3,NULL,NULL,1),(360728,'360700','定南县',3,NULL,NULL,1),(360729,'360700','全南县',3,NULL,NULL,1),(360730,'360700','宁都县',3,NULL,NULL,1),(360731,'360700','于都县',3,NULL,NULL,1),(360732,'360700','兴国县',3,NULL,NULL,1),(360733,'360700','会昌县',3,NULL,NULL,1),(360734,'360700','寻乌县',3,NULL,NULL,1),(360735,'360700','石城县',3,NULL,NULL,1),(360781,'360700','瑞金市',3,NULL,NULL,1),(360782,'360700','南康市',3,NULL,NULL,1),(360800,'360000','吉安市',2,NULL,NULL,1),(360801,'360800','市辖区',3,NULL,NULL,1),(360802,'360800','吉州区',3,NULL,NULL,1),(360803,'360800','青原区',3,NULL,NULL,1),(360821,'360800','吉安县',3,NULL,NULL,1),(360822,'360800','吉水县',3,NULL,NULL,1),(360823,'360800','峡江县',3,NULL,NULL,1),(360824,'360800','新干县',3,NULL,NULL,1),(360825,'360800','永丰县',3,NULL,NULL,1),(360826,'360800','泰和县',3,NULL,NULL,1),(360827,'360800','遂川县',3,NULL,NULL,1),(360828,'360800','万安县',3,NULL,NULL,1),(360829,'360800','安福县',3,NULL,NULL,1),(360830,'360800','永新县',3,NULL,NULL,1),(360881,'360800','井冈山市',3,NULL,NULL,1),(360900,'360000','宜春市',2,NULL,NULL,1),(360901,'360900','市辖区',3,NULL,NULL,1),(360902,'360900','袁州区',3,NULL,NULL,1),(360921,'360900','奉新县',3,NULL,NULL,1),(360922,'360900','万载县',3,NULL,NULL,1),(360923,'360900','上高县',3,NULL,NULL,1),(360924,'360900','宜丰县',3,NULL,NULL,1),(360925,'360900','靖安县',3,NULL,NULL,1),(360926,'360900','铜鼓县',3,NULL,NULL,1),(360981,'360900','丰城市',3,NULL,NULL,1),(360982,'360900','樟树市',3,NULL,NULL,1),(360983,'360900','高安市',3,NULL,NULL,1),(361000,'360000','抚州市',2,NULL,NULL,1),(361001,'361000','市辖区',3,NULL,NULL,1),(361002,'361000','临川区',3,NULL,NULL,1),(361021,'361000','南城县',3,NULL,NULL,1),(361022,'361000','黎川县',3,NULL,NULL,1),(361023,'361000','南丰县',3,NULL,NULL,1),(361024,'361000','崇仁县',3,NULL,NULL,1),(361025,'361000','乐安县',3,NULL,NULL,1),(361026,'361000','宜黄县',3,NULL,NULL,1),(361027,'361000','金溪县',3,NULL,NULL,1),(361028,'361000','资溪县',3,NULL,NULL,1),(361029,'361000','东乡县',3,NULL,NULL,1),(361030,'361000','广昌县',3,NULL,NULL,1),(361100,'360000','上饶市',2,NULL,NULL,1),(361101,'361100','市辖区',3,NULL,NULL,1),(361102,'361100','信州区',3,NULL,NULL,1),(361121,'361100','上饶县',3,NULL,NULL,1),(361122,'361100','广丰县',3,NULL,NULL,1),(361123,'361100','玉山县',3,NULL,NULL,1),(361124,'361100','铅山县',3,NULL,NULL,1),(361125,'361100','横峰县',3,NULL,NULL,1),(361126,'361100','弋阳县',3,NULL,NULL,1),(361127,'361100','余干县',3,NULL,NULL,1),(361128,'361100','鄱阳县',3,NULL,NULL,1),(361129,'361100','万年县',3,NULL,NULL,1),(361130,'361100','婺源县',3,NULL,NULL,1),(361181,'361100','德兴市',3,NULL,NULL,1),(370000,'1','山东省',1,NULL,NULL,1),(370100,'370000','济南市',2,NULL,NULL,1),(370101,'370100','市辖区',3,NULL,NULL,1),(370102,'370100','历下区',3,NULL,NULL,1),(370103,'370100','市中区',3,NULL,NULL,1),(370104,'370100','槐荫区',3,NULL,NULL,1),(370105,'370100','天桥区',3,NULL,NULL,1),(370112,'370100','历城区',3,NULL,NULL,1),(370113,'370100','长清区',3,NULL,NULL,1),(370124,'370100','平阴县',3,NULL,NULL,1),(370125,'370100','济阳县',3,NULL,NULL,1),(370126,'370100','商河县',3,NULL,NULL,1),(370181,'370100','章丘市',3,NULL,NULL,1),(370200,'370000','青岛市',2,NULL,NULL,1),(370201,'370200','市辖区',3,NULL,NULL,1),(370202,'370200','市南区',3,NULL,NULL,1),(370203,'370200','市北区',3,NULL,NULL,1),(370211,'370200','黄岛区',3,NULL,NULL,1),(370212,'370200','崂山区',3,NULL,NULL,1),(370213,'370200','李沧区',3,NULL,NULL,1),(370214,'370200','城阳区',3,NULL,NULL,1),(370281,'370200','胶州市',3,NULL,NULL,1),(370282,'370200','即墨市',3,NULL,NULL,1),(370283,'370200','平度市',3,NULL,NULL,1),(370285,'370200','莱西市',3,NULL,NULL,1),(370300,'370000','淄博市',2,NULL,NULL,1),(370301,'370300','市辖区',3,NULL,NULL,1),(370302,'370300','淄川区',3,NULL,NULL,1),(370303,'370300','张店区',3,NULL,NULL,1),(370304,'370300','博山区',3,NULL,NULL,1),(370305,'370300','临淄区',3,NULL,NULL,1),(370306,'370300','周村区',3,NULL,NULL,1),(370321,'370300','桓台县',3,NULL,NULL,1),(370322,'370300','高青县',3,NULL,NULL,1),(370323,'370300','沂源县',3,NULL,NULL,1),(370400,'370000','枣庄市',2,NULL,NULL,1),(370401,'370400','市辖区',3,NULL,NULL,1),(370402,'370400','市中区',3,NULL,NULL,1),(370403,'370400','薛城区',3,NULL,NULL,1),(370404,'370400','峄城区',3,NULL,NULL,1),(370405,'370400','台儿庄区',3,NULL,NULL,1),(370406,'370400','山亭区',3,NULL,NULL,1),(370481,'370400','滕州市',3,NULL,NULL,1),(370500,'370000','东营市',2,NULL,NULL,1),(370501,'370500','市辖区',3,NULL,NULL,1),(370502,'370500','东营区',3,NULL,NULL,1),(370503,'370500','河口区',3,NULL,NULL,1),(370521,'370500','垦利县',3,NULL,NULL,1),(370522,'370500','利津县',3,NULL,NULL,1),(370523,'370500','广饶县',3,NULL,NULL,1),(370600,'370000','烟台市',2,NULL,NULL,1),(370601,'370600','市辖区',3,NULL,NULL,1),(370602,'370600','芝罘区',3,NULL,NULL,1),(370611,'370600','福山区',3,NULL,NULL,1),(370612,'370600','牟平区',3,NULL,NULL,1),(370613,'370600','莱山区',3,NULL,NULL,1),(370634,'370600','长岛县',3,NULL,NULL,1),(370681,'370600','龙口市',3,NULL,NULL,1),(370682,'370600','莱阳市',3,NULL,NULL,1),(370683,'370600','莱州市',3,NULL,NULL,1),(370684,'370600','蓬莱市',3,NULL,NULL,1),(370685,'370600','招远市',3,NULL,NULL,1),(370686,'370600','栖霞市',3,NULL,NULL,1),(370687,'370600','海阳市',3,NULL,NULL,1),(370700,'370000','潍坊市',2,NULL,NULL,1),(370701,'370700','市辖区',3,NULL,NULL,1),(370702,'370700','潍城区',3,NULL,NULL,1),(370703,'370700','寒亭区',3,NULL,NULL,1),(370704,'370700','坊子区',3,NULL,NULL,1),(370705,'370700','奎文区',3,NULL,NULL,1),(370724,'370700','临朐县',3,NULL,NULL,1),(370725,'370700','昌乐县',3,NULL,NULL,1),(370781,'370700','青州市',3,NULL,NULL,1),(370782,'370700','诸城市',3,NULL,NULL,1),(370783,'370700','寿光市',3,NULL,NULL,1),(370784,'370700','安丘市',3,NULL,NULL,1),(370785,'370700','高密市',3,NULL,NULL,1),(370786,'370700','昌邑市',3,NULL,NULL,1),(370800,'370000','济宁市',2,NULL,NULL,1),(370801,'370800','市辖区',3,NULL,NULL,1),(370802,'370800','市中区',3,NULL,NULL,1),(370811,'370800','任城区',3,NULL,NULL,1),(370826,'370800','微山县',3,NULL,NULL,1),(370827,'370800','鱼台县',3,NULL,NULL,1),(370828,'370800','金乡县',3,NULL,NULL,1),(370829,'370800','嘉祥县',3,NULL,NULL,1),(370830,'370800','汶上县',3,NULL,NULL,1),(370831,'370800','泗水县',3,NULL,NULL,1),(370832,'370800','梁山县',3,NULL,NULL,1),(370881,'370800','曲阜市',3,NULL,NULL,1),(370882,'370800','兖州市',3,NULL,NULL,1),(370883,'370800','邹城市',3,NULL,NULL,1),(370900,'370000','泰安市',2,NULL,NULL,1),(370901,'370900','市辖区',3,NULL,NULL,1),(370902,'370900','泰山区',3,NULL,NULL,1),(370911,'370900','岱岳区',3,NULL,NULL,1),(370921,'370900','宁阳县',3,NULL,NULL,1),(370923,'370900','东平县',3,NULL,NULL,1),(370982,'370900','新泰市',3,NULL,NULL,1),(370983,'370900','肥城市',3,NULL,NULL,1),(371000,'370000','威海市',2,NULL,NULL,1),(371001,'371000','市辖区',3,NULL,NULL,1),(371002,'371000','环翠区',3,NULL,NULL,1),(371081,'371000','文登市',3,NULL,NULL,1),(371082,'371000','荣成市',3,NULL,NULL,1),(371083,'371000','乳山市',3,NULL,NULL,1),(371100,'370000','日照市',2,NULL,NULL,1),(371101,'371100','市辖区',3,NULL,NULL,1),(371102,'371100','东港区',3,NULL,NULL,1),(371103,'371100','岚山区',3,NULL,NULL,1),(371121,'371100','五莲县',3,NULL,NULL,1),(371122,'371100','莒县',3,NULL,NULL,1),(371200,'370000','莱芜市',2,NULL,NULL,1),(371201,'371200','市辖区',3,NULL,NULL,1),(371202,'371200','莱城区',3,NULL,NULL,1),(371203,'371200','钢城区',3,NULL,NULL,1),(371300,'370000','临沂市',2,NULL,NULL,1),(371301,'371300','市辖区',3,NULL,NULL,1),(371302,'371300','兰山区',3,NULL,NULL,1),(371311,'371300','罗庄区',3,NULL,NULL,1),(371312,'371300','河东区',3,NULL,NULL,1),(371321,'371300','沂南县',3,NULL,NULL,1),(371322,'371300','郯城县',3,NULL,NULL,1),(371323,'371300','沂水县',3,NULL,NULL,1),(371324,'371300','苍山县',3,NULL,NULL,1),(371325,'371300','费县',3,NULL,NULL,1),(371326,'371300','平邑县',3,NULL,NULL,1),(371327,'371300','莒南县',3,NULL,NULL,1),(371328,'371300','蒙阴县',3,NULL,NULL,1),(371329,'371300','临沭县',3,NULL,NULL,1),(371400,'370000','德州市',2,NULL,NULL,1),(371401,'371400','市辖区',3,NULL,NULL,1),(371402,'371400','德城区',3,NULL,NULL,1),(371421,'371400','陵县',3,NULL,NULL,1),(371422,'371400','宁津县',3,NULL,NULL,1),(371423,'371400','庆云县',3,NULL,NULL,1),(371424,'371400','临邑县',3,NULL,NULL,1),(371425,'371400','齐河县',3,NULL,NULL,1),(371426,'371400','平原县',3,NULL,NULL,1),(371427,'371400','夏津县',3,NULL,NULL,1),(371428,'371400','武城县',3,NULL,NULL,1),(371481,'371400','乐陵市',3,NULL,NULL,1),(371482,'371400','禹城市',3,NULL,NULL,1),(371500,'370000','聊城市',2,NULL,NULL,1),(371501,'371500','市辖区',3,NULL,NULL,1),(371502,'371500','东昌府区',3,NULL,NULL,1),(371521,'371500','阳谷县',3,NULL,NULL,1),(371522,'371500','莘县',3,NULL,NULL,1),(371523,'371500','茌平县',3,NULL,NULL,1),(371524,'371500','东阿县',3,NULL,NULL,1),(371525,'371500','冠县',3,NULL,NULL,1),(371526,'371500','高唐县',3,NULL,NULL,1),(371581,'371500','临清市',3,NULL,NULL,1),(371600,'370000','滨州市',2,NULL,NULL,1),(371601,'371600','市辖区',3,NULL,NULL,1),(371602,'371600','滨城区',3,NULL,NULL,1),(371621,'371600','惠民县',3,NULL,NULL,1),(371622,'371600','阳信县',3,NULL,NULL,1),(371623,'371600','无棣县',3,NULL,NULL,1),(371624,'371600','沾化县',3,NULL,NULL,1),(371625,'371600','博兴县',3,NULL,NULL,1),(371626,'371600','邹平县',3,NULL,NULL,1),(371700,'370000','菏泽市',2,NULL,NULL,1),(371701,'371700','市辖区',3,NULL,NULL,1),(371702,'371700','牡丹区',3,NULL,NULL,1),(371721,'371700','曹县',3,NULL,NULL,1),(371722,'371700','单县',3,NULL,NULL,1),(371723,'371700','成武县',3,NULL,NULL,1),(371724,'371700','巨野县',3,NULL,NULL,1),(371725,'371700','郓城县',3,NULL,NULL,1),(371726,'371700','鄄城县',3,NULL,NULL,1),(371727,'371700','定陶县',3,NULL,NULL,1),(371728,'371700','东明县',3,NULL,NULL,1),(410000,'1','河南省',1,NULL,NULL,1),(410100,'410000','郑州市',2,NULL,NULL,1),(410101,'410100','市辖区',3,NULL,NULL,1),(410102,'410100','中原区',3,NULL,NULL,1),(410103,'410100','二七区',3,NULL,NULL,1),(410104,'410100','管城回族区',3,NULL,NULL,1),(410105,'410100','金水区',3,NULL,NULL,1),(410106,'410100','上街区',3,NULL,NULL,1),(410108,'410100','惠济区',3,NULL,NULL,1),(410122,'410100','中牟县',3,NULL,NULL,1),(410181,'410100','巩义市',3,NULL,NULL,1),(410182,'410100','荥阳市',3,NULL,NULL,1),(410183,'410100','新密市',3,NULL,NULL,1),(410184,'410100','新郑市',3,NULL,NULL,1),(410185,'410100','登封市',3,NULL,NULL,1),(410200,'410000','开封市',2,NULL,NULL,1),(410201,'410200','市辖区',3,NULL,NULL,1),(410202,'410200','龙亭区',3,NULL,NULL,1),(410203,'410200','顺河回族区',3,NULL,NULL,1),(410204,'410200','鼓楼区',3,NULL,NULL,1),(410205,'410200','禹王台区',3,NULL,NULL,1),(410211,'410200','金明区',3,NULL,NULL,1),(410221,'410200','杞县',3,NULL,NULL,1),(410222,'410200','通许县',3,NULL,NULL,1),(410223,'410200','尉氏县',3,NULL,NULL,1),(410224,'410200','开封县',3,NULL,NULL,1),(410225,'410200','兰考县',3,NULL,NULL,1),(410300,'410000','洛阳市',2,NULL,NULL,1),(410301,'410300','市辖区',3,NULL,NULL,1),(410302,'410300','老城区',3,NULL,NULL,1),(410303,'410300','西工区',3,NULL,NULL,1),(410304,'410300','瀍河回族区',3,NULL,NULL,1),(410305,'410300','涧西区',3,NULL,NULL,1),(410306,'410300','吉利区',3,NULL,NULL,1),(410311,'410300','洛龙区',3,NULL,NULL,1),(410322,'410300','孟津县',3,NULL,NULL,1),(410323,'410300','新安县',3,NULL,NULL,1),(410324,'410300','栾川县',3,NULL,NULL,1),(410325,'410300','嵩县',3,NULL,NULL,1),(410326,'410300','汝阳县',3,NULL,NULL,1),(410327,'410300','宜阳县',3,NULL,NULL,1),(410328,'410300','洛宁县',3,NULL,NULL,1),(410329,'410300','伊川县',3,NULL,NULL,1),(410381,'410300','偃师市',3,NULL,NULL,1),(410400,'410000','平顶山市',2,NULL,NULL,1),(410401,'410400','市辖区',3,NULL,NULL,1),(410402,'410400','新华区',3,NULL,NULL,1),(410403,'410400','卫东区',3,NULL,NULL,1),(410404,'410400','石龙区',3,NULL,NULL,1),(410411,'410400','湛河区',3,NULL,NULL,1),(410421,'410400','宝丰县',3,NULL,NULL,1),(410422,'410400','叶县',3,NULL,NULL,1),(410423,'410400','鲁山县',3,NULL,NULL,1),(410425,'410400','郏县',3,NULL,NULL,1),(410481,'410400','舞钢市',3,NULL,NULL,1),(410482,'410400','汝州市',3,NULL,NULL,1),(410500,'410000','安阳市',2,NULL,NULL,1),(410501,'410500','市辖区',3,NULL,NULL,1),(410502,'410500','文峰区',3,NULL,NULL,1),(410503,'410500','北关区',3,NULL,NULL,1),(410505,'410500','殷都区',3,NULL,NULL,1),(410506,'410500','龙安区',3,NULL,NULL,1),(410522,'410500','安阳县',3,NULL,NULL,1),(410523,'410500','汤阴县',3,NULL,NULL,1),(410526,'410500','滑县',3,NULL,NULL,1),(410527,'410500','内黄县',3,NULL,NULL,1),(410581,'410500','林州市',3,NULL,NULL,1),(410600,'410000','鹤壁市',2,NULL,NULL,1),(410601,'410600','市辖区',3,NULL,NULL,1),(410602,'410600','鹤山区',3,NULL,NULL,1),(410603,'410600','山城区',3,NULL,NULL,1),(410611,'410600','淇滨区',3,NULL,NULL,1),(410621,'410600','浚县',3,NULL,NULL,1),(410622,'410600','淇县',3,NULL,NULL,1),(410700,'410000','新乡市',2,NULL,NULL,1),(410701,'410700','市辖区',3,NULL,NULL,1),(410702,'410700','红旗区',3,NULL,NULL,1),(410703,'410700','卫滨区',3,NULL,NULL,1),(410704,'410700','凤泉区',3,NULL,NULL,1),(410711,'410700','牧野区',3,NULL,NULL,1),(410721,'410700','新乡县',3,NULL,NULL,1),(410724,'410700','获嘉县',3,NULL,NULL,1),(410725,'410700','原阳县',3,NULL,NULL,1),(410726,'410700','延津县',3,NULL,NULL,1),(410727,'410700','封丘县',3,NULL,NULL,1),(410728,'410700','长垣县',3,NULL,NULL,1),(410781,'410700','卫辉市',3,NULL,NULL,1),(410782,'410700','辉县市',3,NULL,NULL,1),(410800,'410000','焦作市',2,NULL,NULL,1),(410801,'410800','市辖区',3,NULL,NULL,1),(410802,'410800','解放区',3,NULL,NULL,1),(410803,'410800','中站区',3,NULL,NULL,1),(410804,'410800','马村区',3,NULL,NULL,1),(410811,'410800','山阳区',3,NULL,NULL,1),(410821,'410800','修武县',3,NULL,NULL,1),(410822,'410800','博爱县',3,NULL,NULL,1),(410823,'410800','武陟县',3,NULL,NULL,1),(410825,'410800','温县',3,NULL,NULL,1),(410882,'410800','沁阳市',3,NULL,NULL,1),(410883,'410800','孟州市',3,NULL,NULL,1),(410900,'410000','濮阳市',2,NULL,NULL,1),(410901,'410900','市辖区',3,NULL,NULL,1),(410902,'410900','华龙区',3,NULL,NULL,1),(410922,'410900','清丰县',3,NULL,NULL,1),(410923,'410900','南乐县',3,NULL,NULL,1),(410926,'410900','范县',3,NULL,NULL,1),(410927,'410900','台前县',3,NULL,NULL,1),(410928,'410900','濮阳县',3,NULL,NULL,1),(411000,'410000','许昌市',2,NULL,NULL,1),(411001,'411000','市辖区',3,NULL,NULL,1),(411002,'411000','魏都区',3,NULL,NULL,1),(411023,'411000','许昌县',3,NULL,NULL,1),(411024,'411000','鄢陵县',3,NULL,NULL,1),(411025,'411000','襄城县',3,NULL,NULL,1),(411081,'411000','禹州市',3,NULL,NULL,1),(411082,'411000','长葛市',3,NULL,NULL,1),(411100,'410000','漯河市',2,NULL,NULL,1),(411101,'411100','市辖区',3,NULL,NULL,1),(411102,'411100','源汇区',3,NULL,NULL,1),(411103,'411100','郾城区',3,NULL,NULL,1),(411104,'411100','召陵区',3,NULL,NULL,1),(411121,'411100','舞阳县',3,NULL,NULL,1),(411122,'411100','临颍县',3,NULL,NULL,1),(411200,'410000','三门峡市',2,NULL,NULL,1),(411201,'411200','市辖区',3,NULL,NULL,1),(411202,'411200','湖滨区',3,NULL,NULL,1),(411221,'411200','渑池县',3,NULL,NULL,1),(411222,'411200','陕县',3,NULL,NULL,1),(411224,'411200','卢氏县',3,NULL,NULL,1),(411281,'411200','义马市',3,NULL,NULL,1),(411282,'411200','灵宝市',3,NULL,NULL,1),(411300,'410000','南阳市',2,NULL,NULL,1),(411301,'411300','市辖区',3,NULL,NULL,1),(411302,'411300','宛城区',3,NULL,NULL,1),(411303,'411300','卧龙区',3,NULL,NULL,1),(411321,'411300','南召县',3,NULL,NULL,1),(411322,'411300','方城县',3,NULL,NULL,1),(411323,'411300','西峡县',3,NULL,NULL,1),(411324,'411300','镇平县',3,NULL,NULL,1),(411325,'411300','内乡县',3,NULL,NULL,1),(411326,'411300','淅川县',3,NULL,NULL,1),(411327,'411300','社旗县',3,NULL,NULL,1),(411328,'411300','唐河县',3,NULL,NULL,1),(411329,'411300','新野县',3,NULL,NULL,1),(411330,'411300','桐柏县',3,NULL,NULL,1),(411381,'411300','邓州市',3,NULL,NULL,1),(411400,'410000','商丘市',2,NULL,NULL,1),(411401,'411400','市辖区',3,NULL,NULL,1),(411402,'411400','梁园区',3,NULL,NULL,1),(411403,'411400','睢阳区',3,NULL,NULL,1),(411421,'411400','民权县',3,NULL,NULL,1),(411422,'411400','睢县',3,NULL,NULL,1),(411423,'411400','宁陵县',3,NULL,NULL,1),(411424,'411400','柘城县',3,NULL,NULL,1),(411425,'411400','虞城县',3,NULL,NULL,1),(411426,'411400','夏邑县',3,NULL,NULL,1),(411481,'411400','永城市',3,NULL,NULL,1),(411500,'410000','信阳市',2,NULL,NULL,1),(411501,'411500','市辖区',3,NULL,NULL,1),(411502,'411500','浉河区',3,NULL,NULL,1),(411503,'411500','平桥区',3,NULL,NULL,1),(411521,'411500','罗山县',3,NULL,NULL,1),(411522,'411500','光山县',3,NULL,NULL,1),(411523,'411500','新县',3,NULL,NULL,1),(411524,'411500','商城县',3,NULL,NULL,1),(411525,'411500','固始县',3,NULL,NULL,1),(411526,'411500','潢川县',3,NULL,NULL,1),(411527,'411500','淮滨县',3,NULL,NULL,1),(411528,'411500','息县',3,NULL,NULL,1),(411600,'410000','周口市',2,NULL,NULL,1),(411601,'411600','市辖区',3,NULL,NULL,1),(411602,'411600','川汇区',3,NULL,NULL,1),(411621,'411600','扶沟县',3,NULL,NULL,1),(411622,'411600','西华县',3,NULL,NULL,1),(411623,'411600','商水县',3,NULL,NULL,1),(411624,'411600','沈丘县',3,NULL,NULL,1),(411625,'411600','郸城县',3,NULL,NULL,1),(411626,'411600','淮阳县',3,NULL,NULL,1),(411627,'411600','太康县',3,NULL,NULL,1),(411628,'411600','鹿邑县',3,NULL,NULL,1),(411681,'411600','项城市',3,NULL,NULL,1),(411700,'410000','驻马店市',2,NULL,NULL,1),(411701,'411700','市辖区',3,NULL,NULL,1),(411702,'411700','驿城区',3,NULL,NULL,1),(411721,'411700','西平县',3,NULL,NULL,1),(411722,'411700','上蔡县',3,NULL,NULL,1),(411723,'411700','平舆县',3,NULL,NULL,1),(411724,'411700','正阳县',3,NULL,NULL,1),(411725,'411700','确山县',3,NULL,NULL,1),(411726,'411700','泌阳县',3,NULL,NULL,1),(411727,'411700','汝南县',3,NULL,NULL,1),(411728,'411700','遂平县',3,NULL,NULL,1),(411729,'411700','新蔡县',3,NULL,NULL,1),(419000,'410000','省直辖县级行政区划',2,NULL,NULL,1),(419001,'419000','济源市',3,NULL,NULL,1),(420000,'1','湖北省',1,NULL,NULL,1),(420100,'420000','武汉市',2,NULL,NULL,1),(420101,'420100','市辖区',3,NULL,NULL,1),(420102,'420100','江岸区',3,NULL,NULL,1),(420103,'420100','江汉区',3,NULL,NULL,1),(420104,'420100','硚口区',3,NULL,NULL,1),(420105,'420100','汉阳区',3,NULL,NULL,1),(420106,'420100','武昌区',3,NULL,NULL,1),(420107,'420100','青山区',3,NULL,NULL,1),(420111,'420100','洪山区',3,NULL,NULL,1),(420112,'420100','东西湖区',3,NULL,NULL,1),(420113,'420100','汉南区',3,NULL,NULL,1),(420114,'420100','蔡甸区',3,NULL,NULL,1),(420115,'420100','江夏区',3,NULL,NULL,1),(420116,'420100','黄陂区',3,NULL,NULL,1),(420117,'420100','新洲区',3,NULL,NULL,1),(420200,'420000','黄石市',2,NULL,NULL,1),(420201,'420200','市辖区',3,NULL,NULL,1),(420202,'420200','黄石港区',3,NULL,NULL,1),(420203,'420200','西塞山区',3,NULL,NULL,1),(420204,'420200','下陆区',3,NULL,NULL,1),(420205,'420200','铁山区',3,NULL,NULL,1),(420222,'420200','阳新县',3,NULL,NULL,1),(420281,'420200','大冶市',3,NULL,NULL,1),(420300,'420000','十堰市',2,NULL,NULL,1),(420301,'420300','市辖区',3,NULL,NULL,1),(420302,'420300','茅箭区',3,NULL,NULL,1),(420303,'420300','张湾区',3,NULL,NULL,1),(420321,'420300','郧县',3,NULL,NULL,1),(420322,'420300','郧西县',3,NULL,NULL,1),(420323,'420300','竹山县',3,NULL,NULL,1),(420324,'420300','竹溪县',3,NULL,NULL,1),(420325,'420300','房县',3,NULL,NULL,1),(420381,'420300','丹江口市',3,NULL,NULL,1),(420500,'420000','宜昌市',2,NULL,NULL,1),(420501,'420500','市辖区',3,NULL,NULL,1),(420502,'420500','西陵区',3,NULL,NULL,1),(420503,'420500','伍家岗区',3,NULL,NULL,1),(420504,'420500','点军区',3,NULL,NULL,1),(420505,'420500','猇亭区',3,NULL,NULL,1),(420506,'420500','夷陵区',3,NULL,NULL,1),(420525,'420500','远安县',3,NULL,NULL,1),(420526,'420500','兴山县',3,NULL,NULL,1),(420527,'420500','秭归县',3,NULL,NULL,1),(420528,'420500','长阳土家族自治县',3,NULL,NULL,1),(420529,'420500','五峰土家族自治县',3,NULL,NULL,1),(420581,'420500','宜都市',3,NULL,NULL,1),(420582,'420500','当阳市',3,NULL,NULL,1),(420583,'420500','枝江市',3,NULL,NULL,1),(420600,'420000','襄阳市',2,NULL,NULL,1),(420601,'420600','市辖区',3,NULL,NULL,1),(420602,'420600','襄城区',3,NULL,NULL,1),(420606,'420600','樊城区',3,NULL,NULL,1),(420607,'420600','襄州区',3,NULL,NULL,1),(420624,'420600','南漳县',3,NULL,NULL,1),(420625,'420600','谷城县',3,NULL,NULL,1),(420626,'420600','保康县',3,NULL,NULL,1),(420682,'420600','老河口市',3,NULL,NULL,1),(420683,'420600','枣阳市',3,NULL,NULL,1),(420684,'420600','宜城市',3,NULL,NULL,1),(420700,'420000','鄂州市',2,NULL,NULL,1),(420701,'420700','市辖区',3,NULL,NULL,1),(420702,'420700','梁子湖区',3,NULL,NULL,1),(420703,'420700','华容区',3,NULL,NULL,1),(420704,'420700','鄂城区',3,NULL,NULL,1),(420800,'420000','荆门市',2,NULL,NULL,1),(420801,'420800','市辖区',3,NULL,NULL,1),(420802,'420800','东宝区',3,NULL,NULL,1),(420804,'420800','掇刀区',3,NULL,NULL,1),(420821,'420800','京山县',3,NULL,NULL,1),(420822,'420800','沙洋县',3,NULL,NULL,1),(420881,'420800','钟祥市',3,NULL,NULL,1),(420900,'420000','孝感市',2,NULL,NULL,1),(420901,'420900','市辖区',3,NULL,NULL,1),(420902,'420900','孝南区',3,NULL,NULL,1),(420921,'420900','孝昌县',3,NULL,NULL,1),(420922,'420900','大悟县',3,NULL,NULL,1),(420923,'420900','云梦县',3,NULL,NULL,1),(420981,'420900','应城市',3,NULL,NULL,1),(420982,'420900','安陆市',3,NULL,NULL,1),(420984,'420900','汉川市',3,NULL,NULL,1),(421000,'420000','荆州市',2,NULL,NULL,1),(421001,'421000','市辖区',3,NULL,NULL,1),(421002,'421000','沙市区',3,NULL,NULL,1),(421003,'421000','荆州区',3,NULL,NULL,1),(421022,'421000','公安县',3,NULL,NULL,1),(421023,'421000','监利县',3,NULL,NULL,1),(421024,'421000','江陵县',3,NULL,NULL,1),(421081,'421000','石首市',3,NULL,NULL,1),(421083,'421000','洪湖市',3,NULL,NULL,1),(421087,'421000','松滋市',3,NULL,NULL,1),(421100,'420000','黄冈市',2,NULL,NULL,1),(421101,'421100','市辖区',3,NULL,NULL,1),(421102,'421100','黄州区',3,NULL,NULL,1),(421121,'421100','团风县',3,NULL,NULL,1),(421122,'421100','红安县',3,NULL,NULL,1),(421123,'421100','罗田县',3,NULL,NULL,1),(421124,'421100','英山县',3,NULL,NULL,1),(421125,'421100','浠水县',3,NULL,NULL,1),(421126,'421100','蕲春县',3,NULL,NULL,1),(421127,'421100','黄梅县',3,NULL,NULL,1),(421181,'421100','麻城市',3,NULL,NULL,1),(421182,'421100','武穴市',3,NULL,NULL,1),(421200,'420000','咸宁市',2,NULL,NULL,1),(421201,'421200','市辖区',3,NULL,NULL,1),(421202,'421200','咸安区',3,NULL,NULL,1),(421221,'421200','嘉鱼县',3,NULL,NULL,1),(421222,'421200','通城县',3,NULL,NULL,1),(421223,'421200','崇阳县',3,NULL,NULL,1),(421224,'421200','通山县',3,NULL,NULL,1),(421281,'421200','赤壁市',3,NULL,NULL,1),(421300,'420000','随州市',2,NULL,NULL,1),(421301,'421300','市辖区',3,NULL,NULL,1),(421303,'421300','曾都区',3,NULL,NULL,1),(421321,'421300','随县',3,NULL,NULL,1),(421381,'421300','广水市',3,NULL,NULL,1),(422800,'420000','恩施土家族苗族自治州',2,NULL,NULL,1),(422801,'422800','恩施市',3,NULL,NULL,1),(422802,'422800','利川市',3,NULL,NULL,1),(422822,'422800','建始县',3,NULL,NULL,1),(422823,'422800','巴东县',3,NULL,NULL,1),(422825,'422800','宣恩县',3,NULL,NULL,1),(422826,'422800','咸丰县',3,NULL,NULL,1),(422827,'422800','来凤县',3,NULL,NULL,1),(422828,'422800','鹤峰县',3,NULL,NULL,1),(429000,'420000','省直辖县级行政区划',2,NULL,NULL,1),(429004,'429000','仙桃市',3,NULL,NULL,1),(429005,'429000','潜江市',3,NULL,NULL,1),(429006,'429000','天门市',3,NULL,NULL,1),(429021,'429000','神农架林区',3,NULL,NULL,1),(430000,'1','湖南省',1,NULL,NULL,1),(430100,'430000','长沙市',2,NULL,NULL,1),(430101,'430100','市辖区',3,NULL,NULL,1),(430102,'430100','芙蓉区',3,NULL,NULL,1),(430103,'430100','天心区',3,NULL,NULL,1),(430104,'430100','岳麓区',3,NULL,NULL,1),(430105,'430100','开福区',3,NULL,NULL,1),(430111,'430100','雨花区',3,NULL,NULL,1),(430112,'430100','望城区',3,NULL,NULL,1),(430121,'430100','长沙县',3,NULL,NULL,1),(430124,'430100','宁乡县',3,NULL,NULL,1),(430181,'430100','浏阳市',3,NULL,NULL,1),(430200,'430000','株洲市',2,NULL,NULL,1),(430201,'430200','市辖区',3,NULL,NULL,1),(430202,'430200','荷塘区',3,NULL,NULL,1),(430203,'430200','芦淞区',3,NULL,NULL,1),(430204,'430200','石峰区',3,NULL,NULL,1),(430211,'430200','天元区',3,NULL,NULL,1),(430221,'430200','株洲县',3,NULL,NULL,1),(430223,'430200','攸县',3,NULL,NULL,1),(430224,'430200','茶陵县',3,NULL,NULL,1),(430225,'430200','炎陵县',3,NULL,NULL,1),(430281,'430200','醴陵市',3,NULL,NULL,1),(430300,'430000','湘潭市',2,NULL,NULL,1),(430301,'430300','市辖区',3,NULL,NULL,1),(430302,'430300','雨湖区',3,NULL,NULL,1),(430304,'430300','岳塘区',3,NULL,NULL,1),(430321,'430300','湘潭县',3,NULL,NULL,1),(430381,'430300','湘乡市',3,NULL,NULL,1),(430382,'430300','韶山市',3,NULL,NULL,1),(430400,'430000','衡阳市',2,NULL,NULL,1),(430401,'430400','市辖区',3,NULL,NULL,1),(430405,'430400','珠晖区',3,NULL,NULL,1),(430406,'430400','雁峰区',3,NULL,NULL,1),(430407,'430400','石鼓区',3,NULL,NULL,1),(430408,'430400','蒸湘区',3,NULL,NULL,1),(430412,'430400','南岳区',3,NULL,NULL,1),(430421,'430400','衡阳县',3,NULL,NULL,1),(430422,'430400','衡南县',3,NULL,NULL,1),(430423,'430400','衡山县',3,NULL,NULL,1),(430424,'430400','衡东县',3,NULL,NULL,1),(430426,'430400','祁东县',3,NULL,NULL,1),(430481,'430400','耒阳市',3,NULL,NULL,1),(430482,'430400','常宁市',3,NULL,NULL,1),(430500,'430000','邵阳市',2,NULL,NULL,1),(430501,'430500','市辖区',3,NULL,NULL,1),(430502,'430500','双清区',3,NULL,NULL,1),(430503,'430500','大祥区',3,NULL,NULL,1),(430511,'430500','北塔区',3,NULL,NULL,1),(430521,'430500','邵东县',3,NULL,NULL,1),(430522,'430500','新邵县',3,NULL,NULL,1),(430523,'430500','邵阳县',3,NULL,NULL,1),(430524,'430500','隆回县',3,NULL,NULL,1),(430525,'430500','洞口县',3,NULL,NULL,1),(430527,'430500','绥宁县',3,NULL,NULL,1),(430528,'430500','新宁县',3,NULL,NULL,1),(430529,'430500','城步苗族自治县',3,NULL,NULL,1),(430581,'430500','武冈市',3,NULL,NULL,1),(430600,'430000','岳阳市',2,NULL,NULL,1),(430601,'430600','市辖区',3,NULL,NULL,1),(430602,'430600','岳阳楼区',3,NULL,NULL,1),(430603,'430600','云溪区',3,NULL,NULL,1),(430611,'430600','君山区',3,NULL,NULL,1),(430621,'430600','岳阳县',3,NULL,NULL,1),(430623,'430600','华容县',3,NULL,NULL,1),(430624,'430600','湘阴县',3,NULL,NULL,1),(430626,'430600','平江县',3,NULL,NULL,1),(430681,'430600','汨罗市',3,NULL,NULL,1),(430682,'430600','临湘市',3,NULL,NULL,1),(430700,'430000','常德市',2,NULL,NULL,1),(430701,'430700','市辖区',3,NULL,NULL,1),(430702,'430700','武陵区',3,NULL,NULL,1),(430703,'430700','鼎城区',3,NULL,NULL,1),(430721,'430700','安乡县',3,NULL,NULL,1),(430722,'430700','汉寿县',3,NULL,NULL,1),(430723,'430700','澧县',3,NULL,NULL,1),(430724,'430700','临澧县',3,NULL,NULL,1),(430725,'430700','桃源县',3,NULL,NULL,1),(430726,'430700','石门县',3,NULL,NULL,1),(430781,'430700','津市市',3,NULL,NULL,1),(430800,'430000','张家界市',2,NULL,NULL,1),(430801,'430800','市辖区',3,NULL,NULL,1),(430802,'430800','永定区',3,NULL,NULL,1),(430811,'430800','武陵源区',3,NULL,NULL,1),(430821,'430800','慈利县',3,NULL,NULL,1),(430822,'430800','桑植县',3,NULL,NULL,1),(430900,'430000','益阳市',2,NULL,NULL,1),(430901,'430900','市辖区',3,NULL,NULL,1),(430902,'430900','资阳区',3,NULL,NULL,1),(430903,'430900','赫山区',3,NULL,NULL,1),(430921,'430900','南县',3,NULL,NULL,1),(430922,'430900','桃江县',3,NULL,NULL,1),(430923,'430900','安化县',3,NULL,NULL,1),(430981,'430900','沅江市',3,NULL,NULL,1),(431000,'430000','郴州市',2,NULL,NULL,1),(431001,'431000','市辖区',3,NULL,NULL,1),(431002,'431000','北湖区',3,NULL,NULL,1),(431003,'431000','苏仙区',3,NULL,NULL,1),(431021,'431000','桂阳县',3,NULL,NULL,1),(431022,'431000','宜章县',3,NULL,NULL,1),(431023,'431000','永兴县',3,NULL,NULL,1),(431024,'431000','嘉禾县',3,NULL,NULL,1),(431025,'431000','临武县',3,NULL,NULL,1),(431026,'431000','汝城县',3,NULL,NULL,1),(431027,'431000','桂东县',3,NULL,NULL,1),(431028,'431000','安仁县',3,NULL,NULL,1),(431081,'431000','资兴市',3,NULL,NULL,1),(431100,'430000','永州市',2,NULL,NULL,1),(431101,'431100','市辖区',3,NULL,NULL,1),(431102,'431100','零陵区',3,NULL,NULL,1),(431103,'431100','冷水滩区',3,NULL,NULL,1),(431121,'431100','祁阳县',3,NULL,NULL,1),(431122,'431100','东安县',3,NULL,NULL,1),(431123,'431100','双牌县',3,NULL,NULL,1),(431124,'431100','道县',3,NULL,NULL,1),(431125,'431100','江永县',3,NULL,NULL,1),(431126,'431100','宁远县',3,NULL,NULL,1),(431127,'431100','蓝山县',3,NULL,NULL,1),(431128,'431100','新田县',3,NULL,NULL,1),(431129,'431100','江华瑶族自治县',3,NULL,NULL,1),(431200,'430000','怀化市',2,NULL,NULL,1),(431201,'431200','市辖区',3,NULL,NULL,1),(431202,'431200','鹤城区',3,NULL,NULL,1),(431221,'431200','中方县',3,NULL,NULL,1),(431222,'431200','沅陵县',3,NULL,NULL,1),(431223,'431200','辰溪县',3,NULL,NULL,1),(431224,'431200','溆浦县',3,NULL,NULL,1),(431225,'431200','会同县',3,NULL,NULL,1),(431226,'431200','麻阳苗族自治县',3,NULL,NULL,1),(431227,'431200','新晃侗族自治县',3,NULL,NULL,1),(431228,'431200','芷江侗族自治县',3,NULL,NULL,1),(431229,'431200','靖州苗族侗族自治县',3,NULL,NULL,1),(431230,'431200','通道侗族自治县',3,NULL,NULL,1),(431281,'431200','洪江市',3,NULL,NULL,1),(431300,'430000','娄底市',2,NULL,NULL,1),(431301,'431300','市辖区',3,NULL,NULL,1),(431302,'431300','娄星区',3,NULL,NULL,1),(431321,'431300','双峰县',3,NULL,NULL,1),(431322,'431300','新化县',3,NULL,NULL,1),(431381,'431300','冷水江市',3,NULL,NULL,1),(431382,'431300','涟源市',3,NULL,NULL,1),(433100,'430000','湘西土家族苗族自治州',2,NULL,NULL,1),(433101,'433100','吉首市',3,NULL,NULL,1),(433122,'433100','泸溪县',3,NULL,NULL,1),(433123,'433100','凤凰县',3,NULL,NULL,1),(433124,'433100','花垣县',3,NULL,NULL,1),(433125,'433100','保靖县',3,NULL,NULL,1),(433126,'433100','古丈县',3,NULL,NULL,1),(433127,'433100','永顺县',3,NULL,NULL,1),(433130,'433100','龙山县',3,NULL,NULL,1),(440000,'1','广东省',1,NULL,NULL,1),(440100,'440000','广州市',2,NULL,NULL,1),(440101,'440100','市辖区',3,NULL,NULL,1),(440103,'440100','荔湾区',3,NULL,NULL,1),(440104,'440100','越秀区',3,NULL,NULL,1),(440105,'440100','海珠区',3,NULL,NULL,1),(440106,'440100','天河区',3,NULL,NULL,1),(440111,'440100','白云区',3,NULL,NULL,1),(440112,'440100','黄埔区',3,NULL,NULL,1),(440113,'440100','番禺区',3,NULL,NULL,1),(440114,'440100','花都区',3,NULL,NULL,1),(440115,'440100','南沙区',3,NULL,NULL,1),(440116,'440100','萝岗区',3,NULL,NULL,1),(440183,'440100','增城市',3,NULL,NULL,1),(440184,'440100','从化市',3,NULL,NULL,1),(440200,'440000','韶关市',2,NULL,NULL,1),(440201,'440200','市辖区',3,NULL,NULL,1),(440203,'440200','武江区',3,NULL,NULL,1),(440204,'440200','浈江区',3,NULL,NULL,1),(440205,'440200','曲江区',3,NULL,NULL,1),(440222,'440200','始兴县',3,NULL,NULL,1),(440224,'440200','仁化县',3,NULL,NULL,1),(440229,'440200','翁源县',3,NULL,NULL,1),(440232,'440200','乳源瑶族自治县',3,NULL,NULL,1),(440233,'440200','新丰县',3,NULL,NULL,1),(440281,'440200','乐昌市',3,NULL,NULL,1),(440282,'440200','南雄市',3,NULL,NULL,1),(440300,'1','深圳市',1,NULL,NULL,1),(440301,'440300','深圳市',2,NULL,NULL,1),(440303,'440301','罗湖区',3,NULL,NULL,1),(440304,'440301','福田区',3,NULL,NULL,1),(440305,'440301','南山区',3,NULL,NULL,1),(440306,'440301','宝安区',3,NULL,NULL,1),(440307,'440301','龙岗区',3,NULL,NULL,1),(440308,'440301','盐田区',3,NULL,NULL,1),(440400,'440000','珠海市',2,NULL,NULL,1),(440401,'440400','市辖区',3,NULL,NULL,1),(440402,'440400','香洲区',3,NULL,NULL,1),(440403,'440400','斗门区',3,NULL,NULL,1),(440404,'440400','金湾区',3,NULL,NULL,1),(440500,'440000','汕头市',2,NULL,NULL,1),(440501,'440500','市辖区',3,NULL,NULL,1),(440507,'440500','龙湖区',3,NULL,NULL,1),(440511,'440500','金平区',3,NULL,NULL,1),(440512,'440500','濠江区',3,NULL,NULL,1),(440513,'440500','潮阳区',3,NULL,NULL,1),(440514,'440500','潮南区',3,NULL,NULL,1),(440515,'440500','澄海区',3,NULL,NULL,1),(440523,'440500','南澳县',3,NULL,NULL,1),(440600,'440000','佛山市',2,NULL,NULL,1),(440601,'440600','市辖区',3,NULL,NULL,1),(440604,'440600','禅城区',3,NULL,NULL,1),(440605,'440600','南海区',3,NULL,NULL,1),(440606,'440600','顺德区',3,NULL,NULL,1),(440607,'440600','三水区',3,NULL,NULL,1),(440608,'440600','高明区',3,NULL,NULL,1),(440700,'440000','江门市',2,NULL,NULL,1),(440701,'440700','市辖区',3,NULL,NULL,1),(440703,'440700','蓬江区',3,NULL,NULL,1),(440704,'440700','江海区',3,NULL,NULL,1),(440705,'440700','新会区',3,NULL,NULL,1),(440781,'440700','台山市',3,NULL,NULL,1),(440783,'440700','开平市',3,NULL,NULL,1),(440784,'440700','鹤山市',3,NULL,NULL,1),(440785,'440700','恩平市',3,NULL,NULL,1),(440800,'440000','湛江市',2,NULL,NULL,1),(440801,'440800','市辖区',3,NULL,NULL,1),(440802,'440800','赤坎区',3,NULL,NULL,1),(440803,'440800','霞山区',3,NULL,NULL,1),(440804,'440800','坡头区',3,NULL,NULL,1),(440811,'440800','麻章区',3,NULL,NULL,1),(440823,'440800','遂溪县',3,NULL,NULL,1),(440825,'440800','徐闻县',3,NULL,NULL,1),(440881,'440800','廉江市',3,NULL,NULL,1),(440882,'440800','雷州市',3,NULL,NULL,1),(440883,'440800','吴川市',3,NULL,NULL,1),(440900,'440000','茂名市',2,NULL,NULL,1),(440901,'440900','市辖区',3,NULL,NULL,1),(440902,'440900','茂南区',3,NULL,NULL,1),(440903,'440900','茂港区',3,NULL,NULL,1),(440923,'440900','电白县',3,NULL,NULL,1),(440981,'440900','高州市',3,NULL,NULL,1),(440982,'440900','化州市',3,NULL,NULL,1),(440983,'440900','信宜市',3,NULL,NULL,1),(441200,'440000','肇庆市',2,NULL,NULL,1),(441201,'441200','市辖区',3,NULL,NULL,1),(441202,'441200','端州区',3,NULL,NULL,1),(441203,'441200','鼎湖区',3,NULL,NULL,1),(441223,'441200','广宁县',3,NULL,NULL,1),(441224,'441200','怀集县',3,NULL,NULL,1),(441225,'441200','封开县',3,NULL,NULL,1),(441226,'441200','德庆县',3,NULL,NULL,1),(441283,'441200','高要市',3,NULL,NULL,1),(441284,'441200','四会市',3,NULL,NULL,1),(441300,'440000','惠州市',2,NULL,NULL,1),(441301,'441300','市辖区',3,NULL,NULL,1),(441302,'441300','惠城区',3,NULL,NULL,1),(441303,'441300','惠阳区',3,NULL,NULL,1),(441322,'441300','博罗县',3,NULL,NULL,1),(441323,'441300','惠东县',3,NULL,NULL,1),(441324,'441300','龙门县',3,NULL,NULL,1),(441400,'440000','梅州市',2,NULL,NULL,1),(441401,'441400','市辖区',3,NULL,NULL,1),(441402,'441400','梅江区',3,NULL,NULL,1),(441421,'441400','梅县',3,NULL,NULL,1),(441422,'441400','大埔县',3,NULL,NULL,1),(441423,'441400','丰顺县',3,NULL,NULL,1),(441424,'441400','五华县',3,NULL,NULL,1),(441426,'441400','平远县',3,NULL,NULL,1),(441427,'441400','蕉岭县',3,NULL,NULL,1),(441481,'441400','兴宁市',3,NULL,NULL,1),(441500,'440000','汕尾市',2,NULL,NULL,1),(441501,'441500','市辖区',3,NULL,NULL,1),(441502,'441500','城区',3,NULL,NULL,1),(441521,'441500','海丰县',3,NULL,NULL,1),(441523,'441500','陆河县',3,NULL,NULL,1),(441581,'441500','陆丰市',3,NULL,NULL,1),(441600,'440000','河源市',2,NULL,NULL,1),(441601,'441600','市辖区',3,NULL,NULL,1),(441602,'441600','源城区',3,NULL,NULL,1),(441621,'441600','紫金县',3,NULL,NULL,1),(441622,'441600','龙川县',3,NULL,NULL,1),(441623,'441600','连平县',3,NULL,NULL,1),(441624,'441600','和平县',3,NULL,NULL,1),(441625,'441600','东源县',3,NULL,NULL,1),(441700,'440000','阳江市',2,NULL,NULL,1),(441701,'441700','市辖区',3,NULL,NULL,1),(441702,'441700','江城区',3,NULL,NULL,1),(441721,'441700','阳西县',3,NULL,NULL,1),(441723,'441700','阳东县',3,NULL,NULL,1),(441781,'441700','阳春市',3,NULL,NULL,1),(441800,'440000','清远市',2,NULL,NULL,1),(441801,'441800','市辖区',3,NULL,NULL,1),(441802,'441800','清城区',3,NULL,NULL,1),(441803,'441800','清新区',3,NULL,NULL,1),(441821,'441800','佛冈县',3,NULL,NULL,1),(441823,'441800','阳山县',3,NULL,NULL,1),(441825,'441800','连山壮族瑶族自治县',3,NULL,NULL,1),(441826,'441800','连南瑶族自治县',3,NULL,NULL,1),(441881,'441800','英德市',3,NULL,NULL,1),(441882,'441800','连州市',3,NULL,NULL,1),(441900,'440000','东莞市',2,NULL,NULL,1),(442000,'440000','中山市',2,NULL,NULL,1),(445100,'440000','潮州市',2,NULL,NULL,1),(445101,'445100','市辖区',3,NULL,NULL,1),(445102,'445100','湘桥区',3,NULL,NULL,1),(445103,'445100','潮安区',3,NULL,NULL,1),(445122,'445100','饶平县',3,NULL,NULL,1),(445200,'440000','揭阳市',2,NULL,NULL,1),(445201,'445200','市辖区',3,NULL,NULL,1),(445202,'445200','榕城区',3,NULL,NULL,1),(445203,'445200','揭东区',3,NULL,NULL,1),(445222,'445200','揭西县',3,NULL,NULL,1),(445224,'445200','惠来县',3,NULL,NULL,1),(445281,'445200','普宁市',3,NULL,NULL,1),(445300,'440000','云浮市',2,NULL,NULL,1),(445301,'445300','市辖区',3,NULL,NULL,1),(445302,'445300','云城区',3,NULL,NULL,1),(445321,'445300','新兴县',3,NULL,NULL,1),(445322,'445300','郁南县',3,NULL,NULL,1),(445323,'445300','云安县',3,NULL,NULL,1),(445381,'445300','罗定市',3,NULL,NULL,1),(450000,'1','广西壮族自治区',1,NULL,NULL,1),(450100,'450000','南宁市',2,NULL,NULL,1),(450101,'450100','市辖区',3,NULL,NULL,1),(450102,'450100','兴宁区',3,NULL,NULL,1),(450103,'450100','青秀区',3,NULL,NULL,1),(450105,'450100','江南区',3,NULL,NULL,1),(450107,'450100','西乡塘区',3,NULL,NULL,1),(450108,'450100','良庆区',3,NULL,NULL,1),(450109,'450100','邕宁区',3,NULL,NULL,1),(450122,'450100','武鸣县',3,NULL,NULL,1),(450123,'450100','隆安县',3,NULL,NULL,1),(450124,'450100','马山县',3,NULL,NULL,1),(450125,'450100','上林县',3,NULL,NULL,1),(450126,'450100','宾阳县',3,NULL,NULL,1),(450127,'450100','横县',3,NULL,NULL,1),(450200,'450000','柳州市',2,NULL,NULL,1),(450201,'450200','市辖区',3,NULL,NULL,1),(450202,'450200','城中区',3,NULL,NULL,1),(450203,'450200','鱼峰区',3,NULL,NULL,1),(450204,'450200','柳南区',3,NULL,NULL,1),(450205,'450200','柳北区',3,NULL,NULL,1),(450221,'450200','柳江县',3,NULL,NULL,1),(450222,'450200','柳城县',3,NULL,NULL,1),(450223,'450200','鹿寨县',3,NULL,NULL,1),(450224,'450200','融安县',3,NULL,NULL,1),(450225,'450200','融水苗族自治县',3,NULL,NULL,1),(450226,'450200','三江侗族自治县',3,NULL,NULL,1),(450300,'450000','桂林市',2,NULL,NULL,1),(450301,'450300','市辖区',3,NULL,NULL,1),(450302,'450300','秀峰区',3,NULL,NULL,1),(450303,'450300','叠彩区',3,NULL,NULL,1),(450304,'450300','象山区',3,NULL,NULL,1),(450305,'450300','七星区',3,NULL,NULL,1),(450311,'450300','雁山区',3,NULL,NULL,1),(450312,'450300','临桂区',3,NULL,NULL,1),(450321,'450300','阳朔县',3,NULL,NULL,1),(450323,'450300','灵川县',3,NULL,NULL,1),(450324,'450300','全州县',3,NULL,NULL,1),(450325,'450300','兴安县',3,NULL,NULL,1),(450326,'450300','永福县',3,NULL,NULL,1),(450327,'450300','灌阳县',3,NULL,NULL,1),(450328,'450300','龙胜各族自治县',3,NULL,NULL,1),(450329,'450300','资源县',3,NULL,NULL,1),(450330,'450300','平乐县',3,NULL,NULL,1),(450331,'450300','荔浦县',3,NULL,NULL,1),(450332,'450300','恭城瑶族自治县',3,NULL,NULL,1),(450400,'450000','梧州市',2,NULL,NULL,1),(450401,'450400','市辖区',3,NULL,NULL,1),(450403,'450400','万秀区',3,NULL,NULL,1),(450405,'450400','长洲区',3,NULL,NULL,1),(450406,'450400','龙圩区',3,NULL,NULL,1),(450421,'450400','苍梧县',3,NULL,NULL,1),(450422,'450400','藤县',3,NULL,NULL,1),(450423,'450400','蒙山县',3,NULL,NULL,1),(450481,'450400','岑溪市',3,NULL,NULL,1),(450500,'450000','北海市',2,NULL,NULL,1),(450501,'450500','市辖区',3,NULL,NULL,1),(450502,'450500','海城区',3,NULL,NULL,1),(450503,'450500','银海区',3,NULL,NULL,1),(450512,'450500','铁山港区',3,NULL,NULL,1),(450521,'450500','合浦县',3,NULL,NULL,1),(450600,'450000','防城港市',2,NULL,NULL,1),(450601,'450600','市辖区',3,NULL,NULL,1),(450602,'450600','港口区',3,NULL,NULL,1),(450603,'450600','防城区',3,NULL,NULL,1),(450621,'450600','上思县',3,NULL,NULL,1),(450681,'450600','东兴市',3,NULL,NULL,1),(450700,'450000','钦州市',2,NULL,NULL,1),(450701,'450700','市辖区',3,NULL,NULL,1),(450702,'450700','钦南区',3,NULL,NULL,1),(450703,'450700','钦北区',3,NULL,NULL,1),(450721,'450700','灵山县',3,NULL,NULL,1),(450722,'450700','浦北县',3,NULL,NULL,1),(450800,'450000','贵港市',2,NULL,NULL,1),(450801,'450800','市辖区',3,NULL,NULL,1),(450802,'450800','港北区',3,NULL,NULL,1),(450803,'450800','港南区',3,NULL,NULL,1),(450804,'450800','覃塘区',3,NULL,NULL,1),(450821,'450800','平南县',3,NULL,NULL,1),(450881,'450800','桂平市',3,NULL,NULL,1),(450900,'450000','玉林市',2,NULL,NULL,1),(450901,'450900','市辖区',3,NULL,NULL,1),(450902,'450900','玉州区',3,NULL,NULL,1),(450903,'450900','福绵区',3,NULL,NULL,1),(450921,'450900','容县',3,NULL,NULL,1),(450922,'450900','陆川县',3,NULL,NULL,1),(450923,'450900','博白县',3,NULL,NULL,1),(450924,'450900','兴业县',3,NULL,NULL,1),(450981,'450900','北流市',3,NULL,NULL,1),(451000,'450000','百色市',2,NULL,NULL,1),(451001,'451000','市辖区',3,NULL,NULL,1),(451002,'451000','右江区',3,NULL,NULL,1),(451021,'451000','田阳县',3,NULL,NULL,1),(451022,'451000','田东县',3,NULL,NULL,1),(451023,'451000','平果县',3,NULL,NULL,1),(451024,'451000','德保县',3,NULL,NULL,1),(451025,'451000','靖西县',3,NULL,NULL,1),(451026,'451000','那坡县',3,NULL,NULL,1),(451027,'451000','凌云县',3,NULL,NULL,1),(451028,'451000','乐业县',3,NULL,NULL,1),(451029,'451000','田林县',3,NULL,NULL,1),(451030,'451000','西林县',3,NULL,NULL,1),(451031,'451000','隆林各族自治县',3,NULL,NULL,1),(451100,'450000','贺州市',2,NULL,NULL,1),(451101,'451100','市辖区',3,NULL,NULL,1),(451102,'451100','八步区',3,NULL,NULL,1),(451121,'451100','昭平县',3,NULL,NULL,1),(451122,'451100','钟山县',3,NULL,NULL,1),(451123,'451100','富川瑶族自治县',3,NULL,NULL,1),(451200,'450000','河池市',2,NULL,NULL,1),(451201,'451200','市辖区',3,NULL,NULL,1),(451202,'451200','金城江区',3,NULL,NULL,1),(451221,'451200','南丹县',3,NULL,NULL,1),(451222,'451200','天峨县',3,NULL,NULL,1),(451223,'451200','凤山县',3,NULL,NULL,1),(451224,'451200','东兰县',3,NULL,NULL,1),(451225,'451200','罗城仫佬族自治县',3,NULL,NULL,1),(451226,'451200','环江毛南族自治县',3,NULL,NULL,1),(451227,'451200','巴马瑶族自治县',3,NULL,NULL,1),(451228,'451200','都安瑶族自治县',3,NULL,NULL,1),(451229,'451200','大化瑶族自治县',3,NULL,NULL,1),(451281,'451200','宜州市',3,NULL,NULL,1),(451300,'450000','来宾市',2,NULL,NULL,1),(451301,'451300','市辖区',3,NULL,NULL,1),(451302,'451300','兴宾区',3,NULL,NULL,1),(451321,'451300','忻城县',3,NULL,NULL,1),(451322,'451300','象州县',3,NULL,NULL,1),(451323,'451300','武宣县',3,NULL,NULL,1),(451324,'451300','金秀瑶族自治县',3,NULL,NULL,1),(451381,'451300','合山市',3,NULL,NULL,1),(451400,'450000','崇左市',2,NULL,NULL,1),(451401,'451400','市辖区',3,NULL,NULL,1),(451402,'451400','江州区',3,NULL,NULL,1),(451421,'451400','扶绥县',3,NULL,NULL,1),(451422,'451400','宁明县',3,NULL,NULL,1),(451423,'451400','龙州县',3,NULL,NULL,1),(451424,'451400','大新县',3,NULL,NULL,1),(451425,'451400','天等县',3,NULL,NULL,1),(451481,'451400','凭祥市',3,NULL,NULL,1),(460000,'1','海南省',1,NULL,NULL,1),(460100,'460000','海口市',2,NULL,NULL,1),(460101,'460100','市辖区',3,NULL,NULL,1),(460105,'460100','秀英区',3,NULL,NULL,1),(460106,'460100','龙华区',3,NULL,NULL,1),(460107,'460100','琼山区',3,NULL,NULL,1),(460108,'460100','美兰区',3,NULL,NULL,1),(460200,'460000','三亚市',2,NULL,NULL,1),(460201,'460200','市辖区',3,NULL,NULL,1),(460300,'460000','三沙市',2,NULL,NULL,1),(460321,'460300','西沙群岛',3,NULL,NULL,1),(460322,'460300','南沙群岛',3,NULL,NULL,1),(460323,'460300','中沙群岛的岛礁及其海域',3,NULL,NULL,1),(469000,'460000','省直辖县级行政区划',2,NULL,NULL,1),(469001,'469000','五指山市',3,NULL,NULL,1),(469002,'469000','琼海市',3,NULL,NULL,1),(469003,'469000','儋州市',3,NULL,NULL,1),(469005,'469000','文昌市',3,NULL,NULL,1),(469006,'469000','万宁市',3,NULL,NULL,1),(469007,'469000','东方市',3,NULL,NULL,1),(469021,'469000','定安县',3,NULL,NULL,1),(469022,'469000','屯昌县',3,NULL,NULL,1),(469023,'469000','澄迈县',3,NULL,NULL,1),(469024,'469000','临高县',3,NULL,NULL,1),(469025,'469000','白沙黎族自治县',3,NULL,NULL,1),(469026,'469000','昌江黎族自治县',3,NULL,NULL,1),(469027,'469000','乐东黎族自治县',3,NULL,NULL,1),(469028,'469000','陵水黎族自治县',3,NULL,NULL,1),(469029,'469000','保亭黎族苗族自治县',3,NULL,NULL,1),(469030,'469000','琼中黎族苗族自治县',3,NULL,NULL,1),(500000,'1','重庆市',1,NULL,NULL,1),(500100,'500000','重庆市',2,NULL,NULL,1),(500101,'500100','万州区',3,NULL,NULL,1),(500102,'500100','涪陵区',3,NULL,NULL,1),(500103,'500100','渝中区',3,NULL,NULL,1),(500104,'500100','大渡口区',3,NULL,NULL,1),(500105,'500100','江北区',3,NULL,NULL,1),(500106,'500100','沙坪坝区',3,NULL,NULL,1),(500107,'500100','九龙坡区',3,NULL,NULL,1),(500108,'500100','南岸区',3,NULL,NULL,1),(500109,'500100','北碚区',3,NULL,NULL,1),(500110,'500100','綦江区',3,NULL,NULL,1),(500111,'500100','大足区',3,NULL,NULL,1),(500112,'500100','渝北区',3,NULL,NULL,1),(500113,'500100','巴南区',3,NULL,NULL,1),(500114,'500100','黔江区',3,NULL,NULL,1),(500115,'500100','长寿区',3,NULL,NULL,1),(500116,'500100','江津区',3,NULL,NULL,1),(500117,'500100','合川区',3,NULL,NULL,1),(500118,'500100','永川区',3,NULL,NULL,1),(500119,'500100','南川区',3,NULL,NULL,1),(500223,'500100','潼南县',3,NULL,NULL,1),(500224,'500100','铜梁县',3,NULL,NULL,1),(500226,'500100','荣昌县',3,NULL,NULL,1),(500227,'500100','璧山县',3,NULL,NULL,1),(500228,'500100','梁平县',3,NULL,NULL,1),(500229,'500100','城口县',3,NULL,NULL,1),(500230,'500100','丰都县',3,NULL,NULL,1),(500231,'500100','垫江县',3,NULL,NULL,1),(500232,'500100','武隆县',3,NULL,NULL,1),(500233,'500100','忠县',3,NULL,NULL,1),(500234,'500100','开县',3,NULL,NULL,1),(500235,'500100','云阳县',3,NULL,NULL,1),(500236,'500100','奉节县',3,NULL,NULL,1),(500237,'500100','巫山县',3,NULL,NULL,1),(500238,'500100','巫溪县',3,NULL,NULL,1),(500240,'500100','石柱土家族自治县',3,NULL,NULL,1),(500241,'500100','秀山土家族苗族自治县',3,NULL,NULL,1),(500242,'500100','酉阳土家族苗族自治县',3,NULL,NULL,1),(500243,'500100','彭水苗族土家族自治县',3,NULL,NULL,1),(510000,'1','四川省',1,NULL,NULL,1),(510100,'510000','成都市',2,NULL,NULL,1),(510101,'510100','市辖区',3,NULL,NULL,1),(510104,'510100','锦江区',3,NULL,NULL,1),(510105,'510100','青羊区',3,NULL,NULL,1),(510106,'510100','金牛区',3,NULL,NULL,1),(510107,'510100','武侯区',3,NULL,NULL,1),(510108,'510100','成华区',3,NULL,NULL,1),(510112,'510100','龙泉驿区',3,NULL,NULL,1),(510113,'510100','青白江区',3,NULL,NULL,1),(510114,'510100','新都区',3,NULL,NULL,1),(510115,'510100','温江区',3,NULL,NULL,1),(510121,'510100','金堂县',3,NULL,NULL,1),(510122,'510100','双流县',3,NULL,NULL,1),(510124,'510100','郫县',3,NULL,NULL,1),(510129,'510100','大邑县',3,NULL,NULL,1),(510131,'510100','蒲江县',3,NULL,NULL,1),(510132,'510100','新津县',3,NULL,NULL,1),(510181,'510100','都江堰市',3,NULL,NULL,1),(510182,'510100','彭州市',3,NULL,NULL,1),(510183,'510100','邛崃市',3,NULL,NULL,1),(510184,'510100','崇州市',3,NULL,NULL,1),(510300,'510000','自贡市',2,NULL,NULL,1),(510301,'510300','市辖区',3,NULL,NULL,1),(510302,'510300','自流井区',3,NULL,NULL,1),(510303,'510300','贡井区',3,NULL,NULL,1),(510304,'510300','大安区',3,NULL,NULL,1),(510311,'510300','沿滩区',3,NULL,NULL,1),(510321,'510300','荣县',3,NULL,NULL,1),(510322,'510300','富顺县',3,NULL,NULL,1),(510400,'510000','攀枝花市',2,NULL,NULL,1),(510401,'510400','市辖区',3,NULL,NULL,1),(510402,'510400','东区',3,NULL,NULL,1),(510403,'510400','西区',3,NULL,NULL,1),(510411,'510400','仁和区',3,NULL,NULL,1),(510421,'510400','米易县',3,NULL,NULL,1),(510422,'510400','盐边县',3,NULL,NULL,1),(510500,'510000','泸州市',2,NULL,NULL,1),(510501,'510500','市辖区',3,NULL,NULL,1),(510502,'510500','江阳区',3,NULL,NULL,1),(510503,'510500','纳溪区',3,NULL,NULL,1),(510504,'510500','龙马潭区',3,NULL,NULL,1),(510521,'510500','泸县',3,NULL,NULL,1),(510522,'510500','合江县',3,NULL,NULL,1),(510524,'510500','叙永县',3,NULL,NULL,1),(510525,'510500','古蔺县',3,NULL,NULL,1),(510600,'510000','德阳市',2,NULL,NULL,1),(510601,'510600','市辖区',3,NULL,NULL,1),(510603,'510600','旌阳区',3,NULL,NULL,1),(510623,'510600','中江县',3,NULL,NULL,1),(510626,'510600','罗江县',3,NULL,NULL,1),(510681,'510600','广汉市',3,NULL,NULL,1),(510682,'510600','什邡市',3,NULL,NULL,1),(510683,'510600','绵竹市',3,NULL,NULL,1),(510700,'510000','绵阳市',2,NULL,NULL,1),(510701,'510700','市辖区',3,NULL,NULL,1),(510703,'510700','涪城区',3,NULL,NULL,1),(510704,'510700','游仙区',3,NULL,NULL,1),(510722,'510700','三台县',3,NULL,NULL,1),(510723,'510700','盐亭县',3,NULL,NULL,1),(510724,'510700','安县',3,NULL,NULL,1),(510725,'510700','梓潼县',3,NULL,NULL,1),(510726,'510700','北川羌族自治县',3,NULL,NULL,1),(510727,'510700','平武县',3,NULL,NULL,1),(510781,'510700','江油市',3,NULL,NULL,1),(510800,'510000','广元市',2,NULL,NULL,1),(510801,'510800','市辖区',3,NULL,NULL,1),(510802,'510800','利州区',3,NULL,NULL,1),(510811,'510800','元坝区',3,NULL,NULL,1),(510812,'510800','朝天区',3,NULL,NULL,1),(510821,'510800','旺苍县',3,NULL,NULL,1),(510822,'510800','青川县',3,NULL,NULL,1),(510823,'510800','剑阁县',3,NULL,NULL,1),(510824,'510800','苍溪县',3,NULL,NULL,1),(510900,'510000','遂宁市',2,NULL,NULL,1),(510901,'510900','市辖区',3,NULL,NULL,1),(510903,'510900','船山区',3,NULL,NULL,1),(510904,'510900','安居区',3,NULL,NULL,1),(510921,'510900','蓬溪县',3,NULL,NULL,1),(510922,'510900','射洪县',3,NULL,NULL,1),(510923,'510900','大英县',3,NULL,NULL,1),(511000,'510000','内江市',2,NULL,NULL,1),(511001,'511000','市辖区',3,NULL,NULL,1),(511002,'511000','市中区',3,NULL,NULL,1),(511011,'511000','东兴区',3,NULL,NULL,1),(511024,'511000','威远县',3,NULL,NULL,1),(511025,'511000','资中县',3,NULL,NULL,1),(511028,'511000','隆昌县',3,NULL,NULL,1),(511100,'510000','乐山市',2,NULL,NULL,1),(511101,'511100','市辖区',3,NULL,NULL,1),(511102,'511100','市中区',3,NULL,NULL,1),(511111,'511100','沙湾区',3,NULL,NULL,1),(511112,'511100','五通桥区',3,NULL,NULL,1),(511113,'511100','金口河区',3,NULL,NULL,1),(511123,'511100','犍为县',3,NULL,NULL,1),(511124,'511100','井研县',3,NULL,NULL,1),(511126,'511100','夹江县',3,NULL,NULL,1),(511129,'511100','沐川县',3,NULL,NULL,1),(511132,'511100','峨边彝族自治县',3,NULL,NULL,1),(511133,'511100','马边彝族自治县',3,NULL,NULL,1),(511181,'511100','峨眉山市',3,NULL,NULL,1),(511300,'510000','南充市',2,NULL,NULL,1),(511301,'511300','市辖区',3,NULL,NULL,1),(511302,'511300','顺庆区',3,NULL,NULL,1),(511303,'511300','高坪区',3,NULL,NULL,1),(511304,'511300','嘉陵区',3,NULL,NULL,1),(511321,'511300','南部县',3,NULL,NULL,1),(511322,'511300','营山县',3,NULL,NULL,1),(511323,'511300','蓬安县',3,NULL,NULL,1),(511324,'511300','仪陇县',3,NULL,NULL,1),(511325,'511300','西充县',3,NULL,NULL,1),(511381,'511300','阆中市',3,NULL,NULL,1),(511400,'510000','眉山市',2,NULL,NULL,1),(511401,'511400','市辖区',3,NULL,NULL,1),(511402,'511400','东坡区',3,NULL,NULL,1),(511421,'511400','仁寿县',3,NULL,NULL,1),(511422,'511400','彭山县',3,NULL,NULL,1),(511423,'511400','洪雅县',3,NULL,NULL,1),(511424,'511400','丹棱县',3,NULL,NULL,1),(511425,'511400','青神县',3,NULL,NULL,1),(511500,'510000','宜宾市',2,NULL,NULL,1),(511501,'511500','市辖区',3,NULL,NULL,1),(511502,'511500','翠屏区',3,NULL,NULL,1),(511503,'511500','南溪区',3,NULL,NULL,1),(511521,'511500','宜宾县',3,NULL,NULL,1),(511523,'511500','江安县',3,NULL,NULL,1),(511524,'511500','长宁县',3,NULL,NULL,1),(511525,'511500','高县',3,NULL,NULL,1),(511526,'511500','珙县',3,NULL,NULL,1),(511527,'511500','筠连县',3,NULL,NULL,1),(511528,'511500','兴文县',3,NULL,NULL,1),(511529,'511500','屏山县',3,NULL,NULL,1),(511600,'510000','广安市',2,NULL,NULL,1),(511601,'511600','市辖区',3,NULL,NULL,1),(511602,'511600','广安区',3,NULL,NULL,1),(511603,'511600','前锋区',3,NULL,NULL,1),(511621,'511600','岳池县',3,NULL,NULL,1),(511622,'511600','武胜县',3,NULL,NULL,1),(511623,'511600','邻水县',3,NULL,NULL,1),(511681,'511600','华蓥市',3,NULL,NULL,1),(511700,'510000','达州市',2,NULL,NULL,1),(511701,'511700','市辖区',3,NULL,NULL,1),(511702,'511700','通川区',3,NULL,NULL,1),(511703,'511700','达川区',3,NULL,NULL,1),(511722,'511700','宣汉县',3,NULL,NULL,1),(511723,'511700','开江县',3,NULL,NULL,1),(511724,'511700','大竹县',3,NULL,NULL,1),(511725,'511700','渠县',3,NULL,NULL,1),(511781,'511700','万源市',3,NULL,NULL,1),(511800,'510000','雅安市',2,NULL,NULL,1),(511801,'511800','市辖区',3,NULL,NULL,1),(511802,'511800','雨城区',3,NULL,NULL,1),(511803,'511800','名山区',3,NULL,NULL,1),(511822,'511800','荥经县',3,NULL,NULL,1),(511823,'511800','汉源县',3,NULL,NULL,1),(511824,'511800','石棉县',3,NULL,NULL,1),(511825,'511800','天全县',3,NULL,NULL,1),(511826,'511800','芦山县',3,NULL,NULL,1),(511827,'511800','宝兴县',3,NULL,NULL,1),(511900,'510000','巴中市',2,NULL,NULL,1),(511901,'511900','市辖区',3,NULL,NULL,1),(511902,'511900','巴州区',3,NULL,NULL,1),(511903,'511900','恩阳区',3,NULL,NULL,1),(511921,'511900','通江县',3,NULL,NULL,1),(511922,'511900','南江县',3,NULL,NULL,1),(511923,'511900','平昌县',3,NULL,NULL,1),(512000,'510000','资阳市',2,NULL,NULL,1),(512001,'512000','市辖区',3,NULL,NULL,1),(512002,'512000','雁江区',3,NULL,NULL,1),(512021,'512000','安岳县',3,NULL,NULL,1),(512022,'512000','乐至县',3,NULL,NULL,1),(512081,'512000','简阳市',3,NULL,NULL,1),(513200,'510000','阿坝藏族羌族自治州',2,NULL,NULL,1),(513221,'513200','汶川县',3,NULL,NULL,1),(513222,'513200','理县',3,NULL,NULL,1),(513223,'513200','茂县',3,NULL,NULL,1),(513224,'513200','松潘县',3,NULL,NULL,1),(513225,'513200','九寨沟县',3,NULL,NULL,1),(513226,'513200','金川县',3,NULL,NULL,1),(513227,'513200','小金县',3,NULL,NULL,1),(513228,'513200','黑水县',3,NULL,NULL,1),(513229,'513200','马尔康县',3,NULL,NULL,1),(513230,'513200','壤塘县',3,NULL,NULL,1),(513231,'513200','阿坝县',3,NULL,NULL,1),(513232,'513200','若尔盖县',3,NULL,NULL,1),(513233,'513200','红原县',3,NULL,NULL,1),(513300,'510000','甘孜藏族自治州',2,NULL,NULL,1),(513321,'513300','康定县',3,NULL,NULL,1),(513322,'513300','泸定县',3,NULL,NULL,1),(513323,'513300','丹巴县',3,NULL,NULL,1),(513324,'513300','九龙县',3,NULL,NULL,1),(513325,'513300','雅江县',3,NULL,NULL,1),(513326,'513300','道孚县',3,NULL,NULL,1),(513327,'513300','炉霍县',3,NULL,NULL,1),(513328,'513300','甘孜县',3,NULL,NULL,1),(513329,'513300','新龙县',3,NULL,NULL,1),(513330,'513300','德格县',3,NULL,NULL,1),(513331,'513300','白玉县',3,NULL,NULL,1),(513332,'513300','石渠县',3,NULL,NULL,1),(513333,'513300','色达县',3,NULL,NULL,1),(513334,'513300','理塘县',3,NULL,NULL,1),(513335,'513300','巴塘县',3,NULL,NULL,1),(513336,'513300','乡城县',3,NULL,NULL,1),(513337,'513300','稻城县',3,NULL,NULL,1),(513338,'513300','得荣县',3,NULL,NULL,1),(513400,'510000','凉山彝族自治州',2,NULL,NULL,1),(513401,'513400','西昌市',3,NULL,NULL,1),(513422,'513400','木里藏族自治县',3,NULL,NULL,1),(513423,'513400','盐源县',3,NULL,NULL,1),(513424,'513400','德昌县',3,NULL,NULL,1),(513425,'513400','会理县',3,NULL,NULL,1),(513426,'513400','会东县',3,NULL,NULL,1),(513427,'513400','宁南县',3,NULL,NULL,1),(513428,'513400','普格县',3,NULL,NULL,1),(513429,'513400','布拖县',3,NULL,NULL,1),(513430,'513400','金阳县',3,NULL,NULL,1),(513431,'513400','昭觉县',3,NULL,NULL,1),(513432,'513400','喜德县',3,NULL,NULL,1),(513433,'513400','冕宁县',3,NULL,NULL,1),(513434,'513400','越西县',3,NULL,NULL,1),(513435,'513400','甘洛县',3,NULL,NULL,1),(513436,'513400','美姑县',3,NULL,NULL,1),(513437,'513400','雷波县',3,NULL,NULL,1),(520000,'1','贵州省',1,NULL,NULL,1),(520100,'520000','贵阳市',2,NULL,NULL,1),(520101,'520100','市辖区',3,NULL,NULL,1),(520102,'520100','南明区',3,NULL,NULL,1),(520103,'520100','云岩区',3,NULL,NULL,1),(520111,'520100','花溪区',3,NULL,NULL,1),(520112,'520100','乌当区',3,NULL,NULL,1),(520113,'520100','白云区',3,NULL,NULL,1),(520115,'520100','观山湖区',3,NULL,NULL,1),(520121,'520100','开阳县',3,NULL,NULL,1),(520122,'520100','息烽县',3,NULL,NULL,1),(520123,'520100','修文县',3,NULL,NULL,1),(520181,'520100','清镇市',3,NULL,NULL,1),(520200,'520000','六盘水市',2,NULL,NULL,1),(520201,'520200','钟山区',3,NULL,NULL,1),(520203,'520200','六枝特区',3,NULL,NULL,1),(520221,'520200','水城县',3,NULL,NULL,1),(520222,'520200','盘县',3,NULL,NULL,1),(520300,'520000','遵义市',2,NULL,NULL,1),(520301,'520300','市辖区',3,NULL,NULL,1),(520302,'520300','红花岗区',3,NULL,NULL,1),(520303,'520300','汇川区',3,NULL,NULL,1),(520321,'520300','遵义县',3,NULL,NULL,1),(520322,'520300','桐梓县',3,NULL,NULL,1),(520323,'520300','绥阳县',3,NULL,NULL,1),(520324,'520300','正安县',3,NULL,NULL,1),(520325,'520300','道真仡佬族苗族自治县',3,NULL,NULL,1),(520326,'520300','务川仡佬族苗族自治县',3,NULL,NULL,1),(520327,'520300','凤冈县',3,NULL,NULL,1),(520328,'520300','湄潭县',3,NULL,NULL,1),(520329,'520300','余庆县',3,NULL,NULL,1),(520330,'520300','习水县',3,NULL,NULL,1),(520381,'520300','赤水市',3,NULL,NULL,1),(520382,'520300','仁怀市',3,NULL,NULL,1),(520400,'520000','安顺市',2,NULL,NULL,1),(520401,'520400','市辖区',3,NULL,NULL,1),(520402,'520400','西秀区',3,NULL,NULL,1),(520421,'520400','平坝县',3,NULL,NULL,1),(520422,'520400','普定县',3,NULL,NULL,1),(520423,'520400','镇宁布依族苗族自治县',3,NULL,NULL,1),(520424,'520400','关岭布依族苗族自治县',3,NULL,NULL,1),(520425,'520400','紫云苗族布依族自治县',3,NULL,NULL,1),(520500,'520000','毕节市',2,NULL,NULL,1),(520501,'520500','市辖区',3,NULL,NULL,1),(520502,'520500','七星关区',3,NULL,NULL,1),(520521,'520500','大方县',3,NULL,NULL,1),(520522,'520500','黔西县',3,NULL,NULL,1),(520523,'520500','金沙县',3,NULL,NULL,1),(520524,'520500','织金县',3,NULL,NULL,1),(520525,'520500','纳雍县',3,NULL,NULL,1),(520526,'520500','威宁彝族回族苗族自治县',3,NULL,NULL,1),(520527,'520500','赫章县',3,NULL,NULL,1),(520600,'520000','铜仁市',2,NULL,NULL,1),(520601,'520600','市辖区',3,NULL,NULL,1),(520602,'520600','碧江区',3,NULL,NULL,1),(520603,'520600','万山区',3,NULL,NULL,1),(520621,'520600','江口县',3,NULL,NULL,1),(520622,'520600','玉屏侗族自治县',3,NULL,NULL,1),(520623,'520600','石阡县',3,NULL,NULL,1),(520624,'520600','思南县',3,NULL,NULL,1),(520625,'520600','印江土家族苗族自治县',3,NULL,NULL,1),(520626,'520600','德江县',3,NULL,NULL,1),(520627,'520600','沿河土家族自治县',3,NULL,NULL,1),(520628,'520600','松桃苗族自治县',3,NULL,NULL,1),(522300,'520000','黔西南布依族苗族自治州',2,NULL,NULL,1),(522301,'522300','兴义市',3,NULL,NULL,1),(522322,'522300','兴仁县',3,NULL,NULL,1),(522323,'522300','普安县',3,NULL,NULL,1),(522324,'522300','晴隆县',3,NULL,NULL,1),(522325,'522300','贞丰县',3,NULL,NULL,1),(522326,'522300','望谟县',3,NULL,NULL,1),(522327,'522300','册亨县',3,NULL,NULL,1),(522328,'522300','安龙县',3,NULL,NULL,1),(522600,'520000','黔东南苗族侗族自治州',2,NULL,NULL,1),(522601,'522600','凯里市',3,NULL,NULL,1),(522622,'522600','黄平县',3,NULL,NULL,1),(522623,'522600','施秉县',3,NULL,NULL,1),(522624,'522600','三穗县',3,NULL,NULL,1),(522625,'522600','镇远县',3,NULL,NULL,1),(522626,'522600','岑巩县',3,NULL,NULL,1),(522627,'522600','天柱县',3,NULL,NULL,1),(522628,'522600','锦屏县',3,NULL,NULL,1),(522629,'522600','剑河县',3,NULL,NULL,1),(522630,'522600','台江县',3,NULL,NULL,1),(522631,'522600','黎平县',3,NULL,NULL,1),(522632,'522600','榕江县',3,NULL,NULL,1),(522633,'522600','从江县',3,NULL,NULL,1),(522634,'522600','雷山县',3,NULL,NULL,1),(522635,'522600','麻江县',3,NULL,NULL,1),(522636,'522600','丹寨县',3,NULL,NULL,1),(522700,'520000','黔南布依族苗族自治州',2,NULL,NULL,1),(522701,'522700','都匀市',3,NULL,NULL,1),(522702,'522700','福泉市',3,NULL,NULL,1),(522722,'522700','荔波县',3,NULL,NULL,1),(522723,'522700','贵定县',3,NULL,NULL,1),(522725,'522700','瓮安县',3,NULL,NULL,1),(522726,'522700','独山县',3,NULL,NULL,1),(522727,'522700','平塘县',3,NULL,NULL,1),(522728,'522700','罗甸县',3,NULL,NULL,1),(522729,'522700','长顺县',3,NULL,NULL,1),(522730,'522700','龙里县',3,NULL,NULL,1),(522731,'522700','惠水县',3,NULL,NULL,1),(522732,'522700','三都水族自治县',3,NULL,NULL,1),(530000,'1','云南省',1,NULL,NULL,1),(530100,'530000','昆明市',2,NULL,NULL,1),(530101,'530100','市辖区',3,NULL,NULL,1),(530102,'530100','五华区',3,NULL,NULL,1),(530103,'530100','盘龙区',3,NULL,NULL,1),(530111,'530100','官渡区',3,NULL,NULL,1),(530112,'530100','西山区',3,NULL,NULL,1),(530113,'530100','东川区',3,NULL,NULL,1),(530114,'530100','呈贡区',3,NULL,NULL,1),(530122,'530100','晋宁县',3,NULL,NULL,1),(530124,'530100','富民县',3,NULL,NULL,1),(530125,'530100','宜良县',3,NULL,NULL,1),(530126,'530100','石林彝族自治县',3,NULL,NULL,1),(530127,'530100','嵩明县',3,NULL,NULL,1),(530128,'530100','禄劝彝族苗族自治县',3,NULL,NULL,1),(530129,'530100','寻甸回族彝族自治县',3,NULL,NULL,1),(530181,'530100','安宁市',3,NULL,NULL,1),(530300,'530000','曲靖市',2,NULL,NULL,1),(530301,'530300','市辖区',3,NULL,NULL,1),(530302,'530300','麒麟区',3,NULL,NULL,1),(530321,'530300','马龙县',3,NULL,NULL,1),(530322,'530300','陆良县',3,NULL,NULL,1),(530323,'530300','师宗县',3,NULL,NULL,1),(530324,'530300','罗平县',3,NULL,NULL,1),(530325,'530300','富源县',3,NULL,NULL,1),(530326,'530300','会泽县',3,NULL,NULL,1),(530328,'530300','沾益县',3,NULL,NULL,1),(530381,'530300','宣威市',3,NULL,NULL,1),(530400,'530000','玉溪市',2,NULL,NULL,1),(530401,'530400','市辖区',3,NULL,NULL,1),(530402,'530400','红塔区',3,NULL,NULL,1),(530421,'530400','江川县',3,NULL,NULL,1),(530422,'530400','澄江县',3,NULL,NULL,1),(530423,'530400','通海县',3,NULL,NULL,1),(530424,'530400','华宁县',3,NULL,NULL,1),(530425,'530400','易门县',3,NULL,NULL,1),(530426,'530400','峨山彝族自治县',3,NULL,NULL,1),(530427,'530400','新平彝族傣族自治县',3,NULL,NULL,1),(530428,'530400','元江哈尼族彝族傣族自治县',3,NULL,NULL,1),(530500,'530000','保山市',2,NULL,NULL,1),(530501,'530500','市辖区',3,NULL,NULL,1),(530502,'530500','隆阳区',3,NULL,NULL,1),(530521,'530500','施甸县',3,NULL,NULL,1),(530522,'530500','腾冲县',3,NULL,NULL,1),(530523,'530500','龙陵县',3,NULL,NULL,1),(530524,'530500','昌宁县',3,NULL,NULL,1),(530600,'530000','昭通市',2,NULL,NULL,1),(530601,'530600','市辖区',3,NULL,NULL,1),(530602,'530600','昭阳区',3,NULL,NULL,1),(530621,'530600','鲁甸县',3,NULL,NULL,1),(530622,'530600','巧家县',3,NULL,NULL,1),(530623,'530600','盐津县',3,NULL,NULL,1),(530624,'530600','大关县',3,NULL,NULL,1),(530625,'530600','永善县',3,NULL,NULL,1),(530626,'530600','绥江县',3,NULL,NULL,1),(530627,'530600','镇雄县',3,NULL,NULL,1),(530628,'530600','彝良县',3,NULL,NULL,1),(530629,'530600','威信县',3,NULL,NULL,1),(530630,'530600','水富县',3,NULL,NULL,1),(530700,'530000','丽江市',2,NULL,NULL,1),(530701,'530700','市辖区',3,NULL,NULL,1),(530702,'530700','古城区',3,NULL,NULL,1),(530721,'530700','玉龙纳西族自治县',3,NULL,NULL,1),(530722,'530700','永胜县',3,NULL,NULL,1),(530723,'530700','华坪县',3,NULL,NULL,1),(530724,'530700','宁蒗彝族自治县',3,NULL,NULL,1),(530800,'530000','普洱市',2,NULL,NULL,1),(530801,'530800','市辖区',3,NULL,NULL,1),(530802,'530800','思茅区',3,NULL,NULL,1),(530821,'530800','宁洱哈尼族彝族自治县',3,NULL,NULL,1),(530822,'530800','墨江哈尼族自治县',3,NULL,NULL,1),(530823,'530800','景东彝族自治县',3,NULL,NULL,1),(530824,'530800','景谷傣族彝族自治县',3,NULL,NULL,1),(530825,'530800','镇沅彝族哈尼族拉祜族自治县',3,NULL,NULL,1),(530826,'530800','江城哈尼族彝族自治县',3,NULL,NULL,1),(530827,'530800','孟连傣族拉祜族佤族自治县',3,NULL,NULL,1),(530828,'530800','澜沧拉祜族自治县',3,NULL,NULL,1),(530829,'530800','西盟佤族自治县',3,NULL,NULL,1),(530900,'530000','临沧市',2,NULL,NULL,1),(530901,'530900','市辖区',3,NULL,NULL,1),(530902,'530900','临翔区',3,NULL,NULL,1),(530921,'530900','凤庆县',3,NULL,NULL,1),(530922,'530900','云县',3,NULL,NULL,1),(530923,'530900','永德县',3,NULL,NULL,1),(530924,'530900','镇康县',3,NULL,NULL,1),(530925,'530900','双江拉祜族佤族布朗族傣族自治县',3,NULL,NULL,1),(530926,'530900','耿马傣族佤族自治县',3,NULL,NULL,1),(530927,'530900','沧源佤族自治县',3,NULL,NULL,1),(532300,'530000','楚雄彝族自治州',2,NULL,NULL,1),(532301,'532300','楚雄市',3,NULL,NULL,1),(532322,'532300','双柏县',3,NULL,NULL,1),(532323,'532300','牟定县',3,NULL,NULL,1),(532324,'532300','南华县',3,NULL,NULL,1),(532325,'532300','姚安县',3,NULL,NULL,1),(532326,'532300','大姚县',3,NULL,NULL,1),(532327,'532300','永仁县',3,NULL,NULL,1),(532328,'532300','元谋县',3,NULL,NULL,1),(532329,'532300','武定县',3,NULL,NULL,1),(532331,'532300','禄丰县',3,NULL,NULL,1),(532500,'530000','红河哈尼族彝族自治州',2,NULL,NULL,1),(532501,'532500','个旧市',3,NULL,NULL,1),(532502,'532500','开远市',3,NULL,NULL,1),(532503,'532500','蒙自市',3,NULL,NULL,1),(532504,'532500','弥勒市',3,NULL,NULL,1),(532523,'532500','屏边苗族自治县',3,NULL,NULL,1),(532524,'532500','建水县',3,NULL,NULL,1),(532525,'532500','石屏县',3,NULL,NULL,1),(532527,'532500','泸西县',3,NULL,NULL,1),(532528,'532500','元阳县',3,NULL,NULL,1),(532529,'532500','红河县',3,NULL,NULL,1),(532530,'532500','金平苗族瑶族傣族自治县',3,NULL,NULL,1),(532531,'532500','绿春县',3,NULL,NULL,1),(532532,'532500','河口瑶族自治县',3,NULL,NULL,1),(532600,'530000','文山壮族苗族自治州',2,NULL,NULL,1),(532601,'532600','文山市',3,NULL,NULL,1),(532622,'532600','砚山县',3,NULL,NULL,1),(532623,'532600','西畴县',3,NULL,NULL,1),(532624,'532600','麻栗坡县',3,NULL,NULL,1),(532625,'532600','马关县',3,NULL,NULL,1),(532626,'532600','丘北县',3,NULL,NULL,1),(532627,'532600','广南县',3,NULL,NULL,1),(532628,'532600','富宁县',3,NULL,NULL,1),(532800,'530000','西双版纳傣族自治州',2,NULL,NULL,1),(532801,'532800','景洪市',3,NULL,NULL,1),(532822,'532800','勐海县',3,NULL,NULL,1),(532823,'532800','勐腊县',3,NULL,NULL,1),(532900,'530000','大理白族自治州',2,NULL,NULL,1),(532901,'532900','大理市',3,NULL,NULL,1),(532922,'532900','漾濞彝族自治县',3,NULL,NULL,1),(532923,'532900','祥云县',3,NULL,NULL,1),(532924,'532900','宾川县',3,NULL,NULL,1),(532925,'532900','弥渡县',3,NULL,NULL,1),(532926,'532900','南涧彝族自治县',3,NULL,NULL,1),(532927,'532900','巍山彝族回族自治县',3,NULL,NULL,1),(532928,'532900','永平县',3,NULL,NULL,1),(532929,'532900','云龙县',3,NULL,NULL,1),(532930,'532900','洱源县',3,NULL,NULL,1),(532931,'532900','剑川县',3,NULL,NULL,1),(532932,'532900','鹤庆县',3,NULL,NULL,1),(533100,'530000','德宏傣族景颇族自治州',2,NULL,NULL,1),(533102,'533100','瑞丽市',3,NULL,NULL,1),(533103,'533100','芒市',3,NULL,NULL,1),(533122,'533100','梁河县',3,NULL,NULL,1),(533123,'533100','盈江县',3,NULL,NULL,1),(533124,'533100','陇川县',3,NULL,NULL,1),(533300,'530000','怒江傈僳族自治州',2,NULL,NULL,1),(533321,'533300','泸水县',3,NULL,NULL,1),(533323,'533300','福贡县',3,NULL,NULL,1),(533324,'533300','贡山独龙族怒族自治县',3,NULL,NULL,1),(533325,'533300','兰坪白族普米族自治县',3,NULL,NULL,1),(533400,'530000','迪庆藏族自治州',2,NULL,NULL,1),(533421,'533400','香格里拉县',3,NULL,NULL,1),(533422,'533400','德钦县',3,NULL,NULL,1),(533423,'533400','维西傈僳族自治县',3,NULL,NULL,1),(540000,'1','西藏自治区',1,NULL,NULL,1),(540100,'540000','拉萨市',2,NULL,NULL,1),(540101,'540100','市辖区',3,NULL,NULL,1),(540102,'540100','城关区',3,NULL,NULL,1),(540121,'540100','林周县',3,NULL,NULL,1),(540122,'540100','当雄县',3,NULL,NULL,1),(540123,'540100','尼木县',3,NULL,NULL,1),(540124,'540100','曲水县',3,NULL,NULL,1),(540125,'540100','堆龙德庆县',3,NULL,NULL,1),(540126,'540100','达孜县',3,NULL,NULL,1),(540127,'540100','墨竹工卡县',3,NULL,NULL,1),(542100,'540000','昌都地区',2,NULL,NULL,1),(542121,'542100','昌都县',3,NULL,NULL,1),(542122,'542100','江达县',3,NULL,NULL,1),(542123,'542100','贡觉县',3,NULL,NULL,1),(542124,'542100','类乌齐县',3,NULL,NULL,1),(542125,'542100','丁青县',3,NULL,NULL,1),(542126,'542100','察雅县',3,NULL,NULL,1),(542127,'542100','八宿县',3,NULL,NULL,1),(542128,'542100','左贡县',3,NULL,NULL,1),(542129,'542100','芒康县',3,NULL,NULL,1),(542132,'542100','洛隆县',3,NULL,NULL,1),(542133,'542100','边坝县',3,NULL,NULL,1),(542200,'540000','山南地区',2,NULL,NULL,1),(542221,'542200','乃东县',3,NULL,NULL,1),(542222,'542200','扎囊县',3,NULL,NULL,1),(542223,'542200','贡嘎县',3,NULL,NULL,1),(542224,'542200','桑日县',3,NULL,NULL,1),(542225,'542200','琼结县',3,NULL,NULL,1),(542226,'542200','曲松县',3,NULL,NULL,1),(542227,'542200','措美县',3,NULL,NULL,1),(542228,'542200','洛扎县',3,NULL,NULL,1),(542229,'542200','加查县',3,NULL,NULL,1),(542231,'542200','隆子县',3,NULL,NULL,1),(542232,'542200','错那县',3,NULL,NULL,1),(542233,'542200','浪卡子县',3,NULL,NULL,1),(542300,'540000','日喀则地区',2,NULL,NULL,1),(542301,'542300','日喀则市',3,NULL,NULL,1),(542322,'542300','南木林县',3,NULL,NULL,1),(542323,'542300','江孜县',3,NULL,NULL,1),(542324,'542300','定日县',3,NULL,NULL,1),(542325,'542300','萨迦县',3,NULL,NULL,1),(542326,'542300','拉孜县',3,NULL,NULL,1),(542327,'542300','昂仁县',3,NULL,NULL,1),(542328,'542300','谢通门县',3,NULL,NULL,1),(542329,'542300','白朗县',3,NULL,NULL,1),(542330,'542300','仁布县',3,NULL,NULL,1),(542331,'542300','康马县',3,NULL,NULL,1),(542332,'542300','定结县',3,NULL,NULL,1),(542333,'542300','仲巴县',3,NULL,NULL,1),(542334,'542300','亚东县',3,NULL,NULL,1),(542335,'542300','吉隆县',3,NULL,NULL,1),(542336,'542300','聂拉木县',3,NULL,NULL,1),(542337,'542300','萨嘎县',3,NULL,NULL,1),(542338,'542300','岗巴县',3,NULL,NULL,1),(542400,'540000','那曲地区',2,NULL,NULL,1),(542421,'542400','那曲县',3,NULL,NULL,1),(542422,'542400','嘉黎县',3,NULL,NULL,1),(542423,'542400','比如县',3,NULL,NULL,1),(542424,'542400','聂荣县',3,NULL,NULL,1),(542425,'542400','安多县',3,NULL,NULL,1),(542426,'542400','申扎县',3,NULL,NULL,1),(542427,'542400','索县',3,NULL,NULL,1),(542428,'542400','班戈县',3,NULL,NULL,1),(542429,'542400','巴青县',3,NULL,NULL,1),(542430,'542400','尼玛县',3,NULL,NULL,1),(542431,'542400','双湖县',3,NULL,NULL,1),(542500,'540000','阿里地区',2,NULL,NULL,1),(542521,'542500','普兰县',3,NULL,NULL,1),(542522,'542500','札达县',3,NULL,NULL,1),(542523,'542500','噶尔县',3,NULL,NULL,1),(542524,'542500','日土县',3,NULL,NULL,1),(542525,'542500','革吉县',3,NULL,NULL,1),(542526,'542500','改则县',3,NULL,NULL,1),(542527,'542500','措勤县',3,NULL,NULL,1),(542600,'540000','林芝地区',2,NULL,NULL,1),(542621,'542600','林芝县',3,NULL,NULL,1),(542622,'542600','工布江达县',3,NULL,NULL,1),(542623,'542600','米林县',3,NULL,NULL,1),(542624,'542600','墨脱县',3,NULL,NULL,1),(542625,'542600','波密县',3,NULL,NULL,1),(542626,'542600','察隅县',3,NULL,NULL,1),(542627,'542600','朗县',3,NULL,NULL,1),(610000,'1','陕西省',1,NULL,NULL,1),(610100,'610000','西安市',2,NULL,NULL,1),(610101,'610100','市辖区',3,NULL,NULL,1),(610102,'610100','新城区',3,NULL,NULL,1),(610103,'610100','碑林区',3,NULL,NULL,1),(610104,'610100','莲湖区',3,NULL,NULL,1),(610111,'610100','灞桥区',3,NULL,NULL,1),(610112,'610100','未央区',3,NULL,NULL,1),(610113,'610100','雁塔区',3,NULL,NULL,1),(610114,'610100','阎良区',3,NULL,NULL,1),(610115,'610100','临潼区',3,NULL,NULL,1),(610116,'610100','长安区',3,NULL,NULL,1),(610122,'610100','蓝田县',3,NULL,NULL,1),(610124,'610100','周至县',3,NULL,NULL,1),(610125,'610100','户县',3,NULL,NULL,1),(610126,'610100','高陵县',3,NULL,NULL,1),(610200,'610000','铜川市',2,NULL,NULL,1),(610201,'610200','市辖区',3,NULL,NULL,1),(610202,'610200','王益区',3,NULL,NULL,1),(610203,'610200','印台区',3,NULL,NULL,1),(610204,'610200','耀州区',3,NULL,NULL,1),(610222,'610200','宜君县',3,NULL,NULL,1),(610300,'610000','宝鸡市',2,NULL,NULL,1),(610301,'610300','市辖区',3,NULL,NULL,1),(610302,'610300','渭滨区',3,NULL,NULL,1),(610303,'610300','金台区',3,NULL,NULL,1),(610304,'610300','陈仓区',3,NULL,NULL,1),(610322,'610300','凤翔县',3,NULL,NULL,1),(610323,'610300','岐山县',3,NULL,NULL,1),(610324,'610300','扶风县',3,NULL,NULL,1),(610326,'610300','眉县',3,NULL,NULL,1),(610327,'610300','陇县',3,NULL,NULL,1),(610328,'610300','千阳县',3,NULL,NULL,1),(610329,'610300','麟游县',3,NULL,NULL,1),(610330,'610300','凤县',3,NULL,NULL,1),(610331,'610300','太白县',3,NULL,NULL,1),(610400,'610000','咸阳市',2,NULL,NULL,1),(610401,'610400','市辖区',3,NULL,NULL,1),(610402,'610400','秦都区',3,NULL,NULL,1),(610403,'610400','杨陵区',3,NULL,NULL,1),(610404,'610400','渭城区',3,NULL,NULL,1),(610422,'610400','三原县',3,NULL,NULL,1),(610423,'610400','泾阳县',3,NULL,NULL,1),(610424,'610400','乾县',3,NULL,NULL,1),(610425,'610400','礼泉县',3,NULL,NULL,1),(610426,'610400','永寿县',3,NULL,NULL,1),(610427,'610400','彬县',3,NULL,NULL,1),(610428,'610400','长武县',3,NULL,NULL,1),(610429,'610400','旬邑县',3,NULL,NULL,1),(610430,'610400','淳化县',3,NULL,NULL,1),(610431,'610400','武功县',3,NULL,NULL,1),(610481,'610400','兴平市',3,NULL,NULL,1),(610500,'610000','渭南市',2,NULL,NULL,1),(610501,'610500','市辖区',3,NULL,NULL,1),(610502,'610500','临渭区',3,NULL,NULL,1),(610521,'610500','华县',3,NULL,NULL,1),(610522,'610500','潼关县',3,NULL,NULL,1),(610523,'610500','大荔县',3,NULL,NULL,1),(610524,'610500','合阳县',3,NULL,NULL,1),(610525,'610500','澄城县',3,NULL,NULL,1),(610526,'610500','蒲城县',3,NULL,NULL,1),(610527,'610500','白水县',3,NULL,NULL,1),(610528,'610500','富平县',3,NULL,NULL,1),(610581,'610500','韩城市',3,NULL,NULL,1),(610582,'610500','华阴市',3,NULL,NULL,1),(610600,'610000','延安市',2,NULL,NULL,1),(610601,'610600','市辖区',3,NULL,NULL,1),(610602,'610600','宝塔区',3,NULL,NULL,1),(610621,'610600','延长县',3,NULL,NULL,1),(610622,'610600','延川县',3,NULL,NULL,1),(610623,'610600','子长县',3,NULL,NULL,1),(610624,'610600','安塞县',3,NULL,NULL,1),(610625,'610600','志丹县',3,NULL,NULL,1),(610626,'610600','吴起县',3,NULL,NULL,1),(610627,'610600','甘泉县',3,NULL,NULL,1),(610628,'610600','富县',3,NULL,NULL,1),(610629,'610600','洛川县',3,NULL,NULL,1),(610630,'610600','宜川县',3,NULL,NULL,1),(610631,'610600','黄龙县',3,NULL,NULL,1),(610632,'610600','黄陵县',3,NULL,NULL,1),(610700,'610000','汉中市',2,NULL,NULL,1),(610701,'610700','市辖区',3,NULL,NULL,1),(610702,'610700','汉台区',3,NULL,NULL,1),(610721,'610700','南郑县',3,NULL,NULL,1),(610722,'610700','城固县',3,NULL,NULL,1),(610723,'610700','洋县',3,NULL,NULL,1),(610724,'610700','西乡县',3,NULL,NULL,1),(610725,'610700','勉县',3,NULL,NULL,1),(610726,'610700','宁强县',3,NULL,NULL,1),(610727,'610700','略阳县',3,NULL,NULL,1),(610728,'610700','镇巴县',3,NULL,NULL,1),(610729,'610700','留坝县',3,NULL,NULL,1),(610730,'610700','佛坪县',3,NULL,NULL,1),(610800,'610000','榆林市',2,NULL,NULL,1),(610801,'610800','市辖区',3,NULL,NULL,1),(610802,'610800','榆阳区',3,NULL,NULL,1),(610821,'610800','神木县',3,NULL,NULL,1),(610822,'610800','府谷县',3,NULL,NULL,1),(610823,'610800','横山县',3,NULL,NULL,1),(610824,'610800','靖边县',3,NULL,NULL,1),(610825,'610800','定边县',3,NULL,NULL,1),(610826,'610800','绥德县',3,NULL,NULL,1),(610827,'610800','米脂县',3,NULL,NULL,1),(610828,'610800','佳县',3,NULL,NULL,1),(610829,'610800','吴堡县',3,NULL,NULL,1),(610830,'610800','清涧县',3,NULL,NULL,1),(610831,'610800','子洲县',3,NULL,NULL,1),(610900,'610000','安康市',2,NULL,NULL,1),(610901,'610900','市辖区',3,NULL,NULL,1),(610902,'610900','汉滨区',3,NULL,NULL,1),(610921,'610900','汉阴县',3,NULL,NULL,1),(610922,'610900','石泉县',3,NULL,NULL,1),(610923,'610900','宁陕县',3,NULL,NULL,1),(610924,'610900','紫阳县',3,NULL,NULL,1),(610925,'610900','岚皋县',3,NULL,NULL,1),(610926,'610900','平利县',3,NULL,NULL,1),(610927,'610900','镇坪县',3,NULL,NULL,1),(610928,'610900','旬阳县',3,NULL,NULL,1),(610929,'610900','白河县',3,NULL,NULL,1),(611000,'610000','商洛市',2,NULL,NULL,1),(611001,'611000','市辖区',3,NULL,NULL,1),(611002,'611000','商州区',3,NULL,NULL,1),(611021,'611000','洛南县',3,NULL,NULL,1),(611022,'611000','丹凤县',3,NULL,NULL,1),(611023,'611000','商南县',3,NULL,NULL,1),(611024,'611000','山阳县',3,NULL,NULL,1),(611025,'611000','镇安县',3,NULL,NULL,1),(611026,'611000','柞水县',3,NULL,NULL,1),(620000,'1','甘肃省',1,NULL,NULL,1),(620100,'620000','兰州市',2,NULL,NULL,1),(620101,'620100','市辖区',3,NULL,NULL,1),(620102,'620100','城关区',3,NULL,NULL,1),(620103,'620100','七里河区',3,NULL,NULL,1),(620104,'620100','西固区',3,NULL,NULL,1),(620105,'620100','安宁区',3,NULL,NULL,1),(620111,'620100','红古区',3,NULL,NULL,1),(620121,'620100','永登县',3,NULL,NULL,1),(620122,'620100','皋兰县',3,NULL,NULL,1),(620123,'620100','榆中县',3,NULL,NULL,1),(620200,'620000','嘉峪关市',2,NULL,NULL,1),(620201,'620200','市辖区',3,NULL,NULL,1),(620300,'620000','金昌市',2,NULL,NULL,1),(620301,'620300','市辖区',3,NULL,NULL,1),(620302,'620300','金川区',3,NULL,NULL,1),(620321,'620300','永昌县',3,NULL,NULL,1),(620400,'620000','白银市',2,NULL,NULL,1),(620401,'620400','市辖区',3,NULL,NULL,1),(620402,'620400','白银区',3,NULL,NULL,1),(620403,'620400','平川区',3,NULL,NULL,1),(620421,'620400','靖远县',3,NULL,NULL,1),(620422,'620400','会宁县',3,NULL,NULL,1),(620423,'620400','景泰县',3,NULL,NULL,1),(620500,'620000','天水市',2,NULL,NULL,1),(620501,'620500','市辖区',3,NULL,NULL,1),(620502,'620500','秦州区',3,NULL,NULL,1),(620503,'620500','麦积区',3,NULL,NULL,1),(620521,'620500','清水县',3,NULL,NULL,1),(620522,'620500','秦安县',3,NULL,NULL,1),(620523,'620500','甘谷县',3,NULL,NULL,1),(620524,'620500','武山县',3,NULL,NULL,1),(620525,'620500','张家川回族自治县',3,NULL,NULL,1),(620600,'620000','武威市',2,NULL,NULL,1),(620601,'620600','市辖区',3,NULL,NULL,1),(620602,'620600','凉州区',3,NULL,NULL,1),(620621,'620600','民勤县',3,NULL,NULL,1),(620622,'620600','古浪县',3,NULL,NULL,1),(620623,'620600','天祝藏族自治县',3,NULL,NULL,1),(620700,'620000','张掖市',2,NULL,NULL,1),(620701,'620700','市辖区',3,NULL,NULL,1),(620702,'620700','甘州区',3,NULL,NULL,1),(620721,'620700','肃南裕固族自治县',3,NULL,NULL,1),(620722,'620700','民乐县',3,NULL,NULL,1),(620723,'620700','临泽县',3,NULL,NULL,1),(620724,'620700','高台县',3,NULL,NULL,1),(620725,'620700','山丹县',3,NULL,NULL,1),(620800,'620000','平凉市',2,NULL,NULL,1),(620801,'620800','市辖区',3,NULL,NULL,1),(620802,'620800','崆峒区',3,NULL,NULL,1),(620821,'620800','泾川县',3,NULL,NULL,1),(620822,'620800','灵台县',3,NULL,NULL,1),(620823,'620800','崇信县',3,NULL,NULL,1),(620824,'620800','华亭县',3,NULL,NULL,1),(620825,'620800','庄浪县',3,NULL,NULL,1),(620826,'620800','静宁县',3,NULL,NULL,1),(620900,'620000','酒泉市',2,NULL,NULL,1),(620901,'620900','市辖区',3,NULL,NULL,1),(620902,'620900','肃州区',3,NULL,NULL,1),(620921,'620900','金塔县',3,NULL,NULL,1),(620922,'620900','瓜州县',3,NULL,NULL,1),(620923,'620900','肃北蒙古族自治县',3,NULL,NULL,1),(620924,'620900','阿克塞哈萨克族自治县',3,NULL,NULL,1),(620981,'620900','玉门市',3,NULL,NULL,1),(620982,'620900','敦煌市',3,NULL,NULL,1),(621000,'620000','庆阳市',2,NULL,NULL,1),(621001,'621000','市辖区',3,NULL,NULL,1),(621002,'621000','西峰区',3,NULL,NULL,1),(621021,'621000','庆城县',3,NULL,NULL,1),(621022,'621000','环县',3,NULL,NULL,1),(621023,'621000','华池县',3,NULL,NULL,1),(621024,'621000','合水县',3,NULL,NULL,1),(621025,'621000','正宁县',3,NULL,NULL,1),(621026,'621000','宁县',3,NULL,NULL,1),(621027,'621000','镇原县',3,NULL,NULL,1),(621100,'620000','定西市',2,NULL,NULL,1),(621101,'621100','市辖区',3,NULL,NULL,1),(621102,'621100','安定区',3,NULL,NULL,1),(621121,'621100','通渭县',3,NULL,NULL,1),(621122,'621100','陇西县',3,NULL,NULL,1),(621123,'621100','渭源县',3,NULL,NULL,1),(621124,'621100','临洮县',3,NULL,NULL,1),(621125,'621100','漳县',3,NULL,NULL,1),(621126,'621100','岷县',3,NULL,NULL,1),(621200,'620000','陇南市',2,NULL,NULL,1),(621201,'621200','市辖区',3,NULL,NULL,1),(621202,'621200','武都区',3,NULL,NULL,1),(621221,'621200','成县',3,NULL,NULL,1),(621222,'621200','文县',3,NULL,NULL,1),(621223,'621200','宕昌县',3,NULL,NULL,1),(621224,'621200','康县',3,NULL,NULL,1),(621225,'621200','西和县',3,NULL,NULL,1),(621226,'621200','礼县',3,NULL,NULL,1),(621227,'621200','徽县',3,NULL,NULL,1),(621228,'621200','两当县',3,NULL,NULL,1),(622900,'620000','临夏回族自治州',2,NULL,NULL,1),(622901,'622900','临夏市',3,NULL,NULL,1),(622921,'622900','临夏县',3,NULL,NULL,1),(622922,'622900','康乐县',3,NULL,NULL,1),(622923,'622900','永靖县',3,NULL,NULL,1),(622924,'622900','广河县',3,NULL,NULL,1),(622925,'622900','和政县',3,NULL,NULL,1),(622926,'622900','东乡族自治县',3,NULL,NULL,1),(622927,'622900','积石山保安族东乡族撒拉族自治县',3,NULL,NULL,1),(623000,'620000','甘南藏族自治州',2,NULL,NULL,1),(623001,'623000','合作市',3,NULL,NULL,1),(623021,'623000','临潭县',3,NULL,NULL,1),(623022,'623000','卓尼县',3,NULL,NULL,1),(623023,'623000','舟曲县',3,NULL,NULL,1),(623024,'623000','迭部县',3,NULL,NULL,1),(623025,'623000','玛曲县',3,NULL,NULL,1),(623026,'623000','碌曲县',3,NULL,NULL,1),(623027,'623000','夏河县',3,NULL,NULL,1),(630000,'1','青海省',1,NULL,NULL,1),(630100,'630000','西宁市',2,NULL,NULL,1),(630101,'630100','市辖区',3,NULL,NULL,1),(630102,'630100','城东区',3,NULL,NULL,1),(630103,'630100','城中区',3,NULL,NULL,1),(630104,'630100','城西区',3,NULL,NULL,1),(630105,'630100','城北区',3,NULL,NULL,1),(630121,'630100','大通回族土族自治县',3,NULL,NULL,1),(630122,'630100','湟中县',3,NULL,NULL,1),(630123,'630100','湟源县',3,NULL,NULL,1),(630200,'630000','海东市',2,NULL,NULL,1),(630202,'630200','乐都区',3,NULL,NULL,1),(630221,'630200','平安县',3,NULL,NULL,1),(630222,'630200','民和回族土族自治县',3,NULL,NULL,1),(630223,'630200','互助土族自治县',3,NULL,NULL,1),(630224,'630200','化隆回族自治县',3,NULL,NULL,1),(630225,'630200','循化撒拉族自治县',3,NULL,NULL,1),(632200,'630000','海北藏族自治州',2,NULL,NULL,1),(632221,'632200','门源回族自治县',3,NULL,NULL,1),(632222,'632200','祁连县',3,NULL,NULL,1),(632223,'632200','海晏县',3,NULL,NULL,1),(632224,'632200','刚察县',3,NULL,NULL,1),(632300,'630000','黄南藏族自治州',2,NULL,NULL,1),(632321,'632300','同仁县',3,NULL,NULL,1),(632322,'632300','尖扎县',3,NULL,NULL,1),(632323,'632300','泽库县',3,NULL,NULL,1),(632324,'632300','河南蒙古族自治县',3,NULL,NULL,1),(632500,'630000','海南藏族自治州',2,NULL,NULL,1),(632521,'632500','共和县',3,NULL,NULL,1),(632522,'632500','同德县',3,NULL,NULL,1),(632523,'632500','贵德县',3,NULL,NULL,1),(632524,'632500','兴海县',3,NULL,NULL,1),(632525,'632500','贵南县',3,NULL,NULL,1),(632600,'630000','果洛藏族自治州',2,NULL,NULL,1),(632621,'632600','玛沁县',3,NULL,NULL,1),(632622,'632600','班玛县',3,NULL,NULL,1),(632623,'632600','甘德县',3,NULL,NULL,1),(632624,'632600','达日县',3,NULL,NULL,1),(632625,'632600','久治县',3,NULL,NULL,1),(632626,'632600','玛多县',3,NULL,NULL,1),(632700,'630000','玉树藏族自治州',2,NULL,NULL,1),(632701,'632700','玉树市',3,NULL,NULL,1),(632722,'632700','杂多县',3,NULL,NULL,1),(632723,'632700','称多县',3,NULL,NULL,1),(632724,'632700','治多县',3,NULL,NULL,1),(632725,'632700','囊谦县',3,NULL,NULL,1),(632726,'632700','曲麻莱县',3,NULL,NULL,1),(632800,'630000','海西蒙古族藏族自治州',2,NULL,NULL,1),(632801,'632800','格尔木市',3,NULL,NULL,1),(632802,'632800','德令哈市',3,NULL,NULL,1),(632821,'632800','乌兰县',3,NULL,NULL,1),(632822,'632800','都兰县',3,NULL,NULL,1),(632823,'632800','天峻县',3,NULL,NULL,1),(640000,'1','宁夏回族自治区',1,NULL,NULL,1),(640100,'640000','银川市',2,NULL,NULL,1),(640101,'640100','市辖区',3,NULL,NULL,1),(640104,'640100','兴庆区',3,NULL,NULL,1),(640105,'640100','西夏区',3,NULL,NULL,1),(640106,'640100','金凤区',3,NULL,NULL,1),(640121,'640100','永宁县',3,NULL,NULL,1),(640122,'640100','贺兰县',3,NULL,NULL,1),(640181,'640100','灵武市',3,NULL,NULL,1),(640200,'640000','石嘴山市',2,NULL,NULL,1),(640201,'640200','市辖区',3,NULL,NULL,1),(640202,'640200','大武口区',3,NULL,NULL,1),(640205,'640200','惠农区',3,NULL,NULL,1),(640221,'640200','平罗县',3,NULL,NULL,1),(640300,'640000','吴忠市',2,NULL,NULL,1),(640301,'640300','市辖区',3,NULL,NULL,1),(640302,'640300','利通区',3,NULL,NULL,1),(640303,'640300','红寺堡区',3,NULL,NULL,1),(640323,'640300','盐池县',3,NULL,NULL,1),(640324,'640300','同心县',3,NULL,NULL,1),(640381,'640300','青铜峡市',3,NULL,NULL,1),(640400,'640000','固原市',2,NULL,NULL,1),(640401,'640400','市辖区',3,NULL,NULL,1),(640402,'640400','原州区',3,NULL,NULL,1),(640422,'640400','西吉县',3,NULL,NULL,1),(640423,'640400','隆德县',3,NULL,NULL,1),(640424,'640400','泾源县',3,NULL,NULL,1),(640425,'640400','彭阳县',3,NULL,NULL,1),(640500,'640000','中卫市',2,NULL,NULL,1),(640501,'640500','市辖区',3,NULL,NULL,1),(640502,'640500','沙坡头区',3,NULL,NULL,1),(640521,'640500','中宁县',3,NULL,NULL,1),(640522,'640500','海原县',3,NULL,NULL,1),(650000,'1','新疆维吾尔自治区',1,NULL,NULL,1),(650100,'650000','乌鲁木齐市',2,NULL,NULL,1),(650101,'650100','市辖区',3,NULL,NULL,1),(650102,'650100','天山区',3,NULL,NULL,1),(650103,'650100','沙依巴克区',3,NULL,NULL,1),(650104,'650100','新市区',3,NULL,NULL,1),(650105,'650100','水磨沟区',3,NULL,NULL,1),(650106,'650100','头屯河区',3,NULL,NULL,1),(650107,'650100','达坂城区',3,NULL,NULL,1),(650109,'650100','米东区',3,NULL,NULL,1),(650121,'650100','乌鲁木齐县',3,NULL,NULL,1),(650200,'650000','克拉玛依市',2,NULL,NULL,1),(650201,'650200','市辖区',3,NULL,NULL,1),(650202,'650200','独山子区',3,NULL,NULL,1),(650203,'650200','克拉玛依区',3,NULL,NULL,1),(650204,'650200','白碱滩区',3,NULL,NULL,1),(650205,'650200','乌尔禾区',3,NULL,NULL,1),(652100,'650000','吐鲁番地区',2,NULL,NULL,1),(652101,'652100','吐鲁番市',3,NULL,NULL,1),(652122,'652100','鄯善县',3,NULL,NULL,1),(652123,'652100','托克逊县',3,NULL,NULL,1),(652200,'650000','哈密地区',2,NULL,NULL,1),(652201,'652200','哈密市',3,NULL,NULL,1),(652222,'652200','巴里坤哈萨克自治县',3,NULL,NULL,1),(652223,'652200','伊吾县',3,NULL,NULL,1),(652300,'650000','昌吉回族自治州',2,NULL,NULL,1),(652301,'652300','昌吉市',3,NULL,NULL,1),(652302,'652300','阜康市',3,NULL,NULL,1),(652323,'652300','呼图壁县',3,NULL,NULL,1),(652324,'652300','玛纳斯县',3,NULL,NULL,1),(652325,'652300','奇台县',3,NULL,NULL,1),(652327,'652300','吉木萨尔县',3,NULL,NULL,1),(652328,'652300','木垒哈萨克自治县',3,NULL,NULL,1),(652700,'650000','博尔塔拉蒙古自治州',2,NULL,NULL,1),(652701,'652700','博乐市',3,NULL,NULL,1),(652702,'652700','阿拉山口市',3,NULL,NULL,1),(652722,'652700','精河县',3,NULL,NULL,1),(652723,'652700','温泉县',3,NULL,NULL,1),(652800,'650000','巴音郭楞蒙古自治州',2,NULL,NULL,1),(652801,'652800','库尔勒市',3,NULL,NULL,1),(652822,'652800','轮台县',3,NULL,NULL,1),(652823,'652800','尉犁县',3,NULL,NULL,1),(652824,'652800','若羌县',3,NULL,NULL,1),(652825,'652800','且末县',3,NULL,NULL,1),(652826,'652800','焉耆回族自治县',3,NULL,NULL,1),(652827,'652800','和静县',3,NULL,NULL,1),(652828,'652800','和硕县',3,NULL,NULL,1),(652829,'652800','博湖县',3,NULL,NULL,1),(652900,'650000','阿克苏地区',2,NULL,NULL,1),(652901,'652900','阿克苏市',3,NULL,NULL,1),(652922,'652900','温宿县',3,NULL,NULL,1),(652923,'652900','库车县',3,NULL,NULL,1),(652924,'652900','沙雅县',3,NULL,NULL,1),(652925,'652900','新和县',3,NULL,NULL,1),(652926,'652900','拜城县',3,NULL,NULL,1),(652927,'652900','乌什县',3,NULL,NULL,1),(652928,'652900','阿瓦提县',3,NULL,NULL,1),(652929,'652900','柯坪县',3,NULL,NULL,1),(653000,'650000','克孜勒苏柯尔克孜自治州',2,NULL,NULL,1),(653001,'653000','阿图什市',3,NULL,NULL,1),(653022,'653000','阿克陶县',3,NULL,NULL,1),(653023,'653000','阿合奇县',3,NULL,NULL,1),(653024,'653000','乌恰县',3,NULL,NULL,1),(653100,'650000','喀什地区',2,NULL,NULL,1),(653101,'653100','喀什市',3,NULL,NULL,1),(653121,'653100','疏附县',3,NULL,NULL,1),(653122,'653100','疏勒县',3,NULL,NULL,1),(653123,'653100','英吉沙县',3,NULL,NULL,1),(653124,'653100','泽普县',3,NULL,NULL,1),(653125,'653100','莎车县',3,NULL,NULL,1),(653126,'653100','叶城县',3,NULL,NULL,1),(653127,'653100','麦盖提县',3,NULL,NULL,1),(653128,'653100','岳普湖县',3,NULL,NULL,1),(653129,'653100','伽师县',3,NULL,NULL,1),(653130,'653100','巴楚县',3,NULL,NULL,1),(653131,'653100','塔什库尔干塔吉克自治县',3,NULL,NULL,1),(653200,'650000','和田地区',2,NULL,NULL,1),(653201,'653200','和田市',3,NULL,NULL,1),(653221,'653200','和田县',3,NULL,NULL,1),(653222,'653200','墨玉县',3,NULL,NULL,1),(653223,'653200','皮山县',3,NULL,NULL,1),(653224,'653200','洛浦县',3,NULL,NULL,1),(653225,'653200','策勒县',3,NULL,NULL,1),(653226,'653200','于田县',3,NULL,NULL,1),(653227,'653200','民丰县',3,NULL,NULL,1),(654000,'650000','伊犁哈萨克自治州',2,NULL,NULL,1),(654002,'654000','伊宁市',3,NULL,NULL,1),(654003,'654000','奎屯市',3,NULL,NULL,1),(654021,'654000','伊宁县',3,NULL,NULL,1),(654022,'654000','察布查尔锡伯自治县',3,NULL,NULL,1),(654023,'654000','霍城县',3,NULL,NULL,1),(654024,'654000','巩留县',3,NULL,NULL,1),(654025,'654000','新源县',3,NULL,NULL,1),(654026,'654000','昭苏县',3,NULL,NULL,1),(654027,'654000','特克斯县',3,NULL,NULL,1),(654028,'654000','尼勒克县',3,NULL,NULL,1),(654200,'650000','塔城地区',2,NULL,NULL,1),(654201,'654200','塔城市',3,NULL,NULL,1),(654202,'654200','乌苏市',3,NULL,NULL,1),(654221,'654200','额敏县',3,NULL,NULL,1),(654223,'654200','沙湾县',3,NULL,NULL,1),(654224,'654200','托里县',3,NULL,NULL,1),(654225,'654200','裕民县',3,NULL,NULL,1),(654226,'654200','和布克赛尔蒙古自治县',3,NULL,NULL,1),(654300,'650000','阿勒泰地区',2,NULL,NULL,1),(654301,'654300','阿勒泰市',3,NULL,NULL,1),(654321,'654300','布尔津县',3,NULL,NULL,1),(654322,'654300','富蕴县',3,NULL,NULL,1),(654323,'654300','福海县',3,NULL,NULL,1),(654324,'654300','哈巴河县',3,NULL,NULL,1),(654325,'654300','青河县',3,NULL,NULL,1),(654326,'654300','吉木乃县',3,NULL,NULL,1),(659000,'650000','自治区直辖县级行政区划',2,NULL,NULL,1),(659001,'659000','石河子市',3,NULL,NULL,1),(659002,'659000','阿拉尔市',3,NULL,NULL,1),(659003,'659000','图木舒克市',3,NULL,NULL,1),(659004,'659000','五家渠市',3,NULL,NULL,1),(710000,'1','台湾省',1,NULL,NULL,1),(810000,'1','香港特别行政区',1,NULL,NULL,1),(820000,'1','澳门特别行政区',1,NULL,NULL,1);

/*Table structure for table `sst_admin` */

DROP TABLE IF EXISTS `sst_admin`;

CREATE TABLE `sst_admin` (
  `id` varchar(36) NOT NULL COMMENT '主键id',
  `account` varchar(20) DEFAULT NULL COMMENT '账号',
  `pwd` varchar(32) DEFAULT NULL COMMENT '密码',
  `create_time` datetime DEFAULT NULL COMMENT '创建时间',
  `last_update_time` datetime DEFAULT NULL COMMENT '最后更新时间',
  `stat` int(1) DEFAULT NULL COMMENT '数据状态',
  PRIMARY KEY (`id`)
) ENGINE=InnoDB DEFAULT CHARSET=utf8 COMMENT='后台管理员表';

/*Data for the table `sst_admin` */

insert  into `sst_admin`(`id`,`account`,`pwd`,`create_time`,`last_update_time`,`stat`) values ('1','wangxiang','96e79218965eb72c92a549dd5a330112','2016-01-12 13:12:26',NULL,1),('3e6346a3-f942-4567-bf2a-926117022fbf','jam','c4ca4238a0b923820dcc509a6f75849b','2016-01-12 15:33:46',NULL,1),('57390b0c-b06a-4e30-b8e9-1f42c5adf979','admin','e10adc3949ba59abbe56e057f20f883e','2016-01-12 14:25:10','2016-01-12 14:44:18',1);

/*Table structure for table `sst_admin_menu` */

DROP TABLE IF EXISTS `sst_admin_menu`;

CREATE TABLE `sst_admin_menu` (
  `id` varchar(36) NOT NULL COMMENT '主键',
  `leaf` varchar(100) DEFAULT NULL COMMENT '否为主菜单',
  `left_menu` varchar(100) DEFAULT NULL COMMENT '是否左侧',
  `menu_id` varchar(50) DEFAULT NULL,
  `menu_title` varchar(100) DEFAULT NULL COMMENT '菜单名称',
  `parent_id` varchar(36) DEFAULT NULL COMMENT '父菜单id',
  `descript` varchar(200) DEFAULT NULL COMMENT '菜单说明',
  `menu_url` varchar(50) DEFAULT NULL COMMENT '菜单url地址',
  `menu_icon` varchar(30) DEFAULT NULL COMMENT '菜单地址',
  `orderby` int(4) DEFAULT NULL COMMENT '菜单排序',
  `create_time` datetime DEFAULT NULL COMMENT '创建时间',
  `last_update_time` datetime DEFAULT NULL COMMENT '最新更新时间',
  `stat` int(4) NOT NULL DEFAULT '1' COMMENT '1表示有效；0表示无效',
  PRIMARY KEY (`id`)
) ENGINE=InnoDB DEFAULT CHARSET=utf8 COMMENT='后台管理菜单';

/*Data for the table `sst_admin_menu` */

insert  into `sst_admin_menu`(`id`,`leaf`,`left_menu`,`menu_id`,`menu_title`,`parent_id`,`descript`,`menu_url`,`menu_icon`,`orderby`,`create_time`,`last_update_time`,`stat`) values ('1','否','是',NULL,'管理员管理','0',NULL,NULL,'icon-credit-card',1,'2016-01-12 13:44:28',NULL,1),('10','是','是',NULL,'群组列表','3',NULL,'/group/list.do',NULL,3,'2016-01-12 13:45:27',NULL,1),('100','是','是',NULL,'清除缓存','1',NULL,'/main.do','',100,'2016-01-23 11:21:53',NULL,1),('11','是','是',NULL,'备忘列表','3',NULL,'/memo/list.do',NULL,4,'2016-01-12 13:45:27',NULL,1),('12','是','是',NULL,'提醒列表','3',NULL,'/remind/list.do',NULL,5,'2016-01-12 13:45:27',NULL,1),('13','是','是',NULL,'计划列表','3',NULL,'/plan/list.do',NULL,6,'2016-01-12 13:45:27',NULL,1),('2','是','是',NULL,'管理员列表','1',NULL,'/admin/list.do',NULL,1,'2016-01-12 13:45:27',NULL,1),('28','是','是',NULL,'资讯列表','5',NULL,'/info/list.do',NULL,2,'2016-01-13 14:54:00',NULL,1),('3','否','是',NULL,'用户管理','0',NULL,'','icon-credit-card',2,'2016-01-12 13:44:28',NULL,0),('30','否','是',NULL,'轮播图管理','0',NULL,NULL,'icon-credit-card',5,'2016-01-29 16:53:16',NULL,1),('300','否','是',NULL,'首页管理','0',NULL,NULL,'icon-credit-card',14,'2016-01-12 13:45:27',NULL,1),('301','是','是',NULL,'前台导航','300',NULL,'/menu/findPage.do',NULL,1,'2016-01-12 13:45:27',NULL,1),('31','是','是',NULL,'轮播图列表','30',NULL,'/banner/findBannerView.do',NULL,6,'2016-01-29 16:53:54',NULL,1),('32','否','是',NULL,'文档管理','0',NULL,NULL,'icon-credit-card',1,'2016-02-29 18:11:59',NULL,1),('34','是','是',NULL,'图片列表','32',NULL,'/albumPic/findAlbumPicByPage.do',NULL,3,NULL,NULL,1),('4','是','是',NULL,'用户列表','3',NULL,'/user/list.do',NULL,1,'2016-01-12 13:45:27',NULL,1),('5','否','是',NULL,'资讯管理','0',NULL,'','icon-credit-card',3,'2016-01-13 09:34:07',NULL,1),('9','是','是',NULL,'投票列表','3',NULL,'/vote/list.do',NULL,2,'2016-01-12 13:45:27',NULL,1);

/*Table structure for table `sst_album` */

DROP TABLE IF EXISTS `sst_album`;

CREATE TABLE `sst_album` (
  `id` varchar(36) NOT NULL DEFAULT '' COMMENT '主键',
  `title` varchar(50) DEFAULT '' COMMENT '标题',
  `described` varchar(500) DEFAULT NULL COMMENT '描述',
  `thumbnail` varchar(100) DEFAULT NULL COMMENT '封面缩略图',
  `publisher` varchar(150) DEFAULT '' COMMENT '发布者',
  `page_ranking` int(4) DEFAULT NULL COMMENT '前端页面排序',
  `last_update_time` datetime DEFAULT NULL COMMENT '最近一次的更新时间',
  `create_time` datetime DEFAULT NULL COMMENT '记录的创建时间',
  `stat` int(4) NOT NULL DEFAULT '1' COMMENT '记录的状态(1表示有效，0表示无效)',
  `team_id` varchar(36) DEFAULT NULL COMMENT '相册所属球队id',
  `game_id` varchar(36) DEFAULT NULL COMMENT '赛事id',
  `pic_count` int(11) DEFAULT '0' COMMENT '该相册对应相片数量',
  `pic_type` int(4) DEFAULT NULL COMMENT '4:教练员培训',
  PRIMARY KEY (`id`)
) ENGINE=InnoDB DEFAULT CHARSET=utf8 COMMENT='相册';

/*Data for the table `sst_album` */

insert  into `sst_album`(`id`,`title`,`described`,`thumbnail`,`publisher`,`page_ranking`,`last_update_time`,`create_time`,`stat`,`team_id`,`game_id`,`pic_count`,`pic_type`) values ('01b83f71-8006-4cf3-8768-d2e79c6cbf12','全家福',NULL,NULL,NULL,NULL,'2016-03-01 14:37:21','2015-12-25 09:37:45',0,'601fb12b-da2a-41c4-8446-589093181cb1',NULL,0,NULL),('02bbfdc3-ac0e-4777-abd9-16c6363a70a9','火箭队',NULL,'\\upload\\20151116\\c6a0617fe3323a4305c8581fbd00cede.jpeg','',NULL,'2015-11-16 14:55:56','2015-11-16 14:10:50',1,'19657f93-661e-4f14-920c-06e837e65a94','f682db9e-4ea6-471b-aef5-ecd5fe2fe90d',0,NULL),('0565ca4f-feca-4ae5-878e-04fdadc20cbe','全家福',NULL,NULL,NULL,NULL,'2016-03-01 14:37:21','2015-12-25 09:32:39',0,'0d140c94-336d-4915-8916-78391dd838a6',NULL,0,NULL),('0586b056-67eb-4cd5-accc-1db6da773e85','全家福',NULL,NULL,NULL,NULL,'2016-03-01 14:36:31','2016-01-04 15:48:55',0,'55617cda-0c52-45e2-b8e5-5c4b6ed1159b',NULL,0,NULL),('05e1c4f0-db12-4426-9e93-aeaed6c73821','教练员培训',NULL,'\\upload\\20160119\\8d337e810cb642a294dab0098a0838c6.jpg','admin',NULL,NULL,'2016-01-19 17:03:16',1,'003d3b3e-4ff0-4a58-927d-3a10ebf0920d','606f0cdb-c7f0-427c-b5cc-280440af56ed',0,4),('063892c8-1f8b-4bbf-9492-0310ad5ad00e','3-4岁',NULL,'','jam',4,'2015-11-26 19:02:34','2015-11-18 17:57:21',1,'5f6adb47-29d3-41f5-8a7b-bb1ad0558352','f682db9e-4ea6-471b-aef5-ecd5fe2fe90d',0,NULL),('0c1459d4-d775-43c2-88fc-77b83a517caf','快船队',NULL,'','admin',4,NULL,'2015-11-17 16:22:31',1,'19657f93-661e-4f14-920c-06e837e65a94','f682db9e-4ea6-471b-aef5-ecd5fe2fe90d',0,NULL),('0dfdd725-8649-4b52-941a-922ec0dad580','库里精彩合辑',NULL,'\\upload\\20151130\\1612230679bd4d129cc3a8926877ba92.jpg','admin',1,'2015-11-16 15:33:06','2015-11-16 10:31:35',1,'6599f743-af35-458b-94db-104838d8a6c6','f682db9e-4ea6-471b-aef5-ecd5fe2fe90d',0,NULL),('0e6438fd-e023-453f-89a3-9746ce0190f4','全家福',NULL,NULL,NULL,NULL,NULL,'2015-12-16 13:56:35',1,'4edfa2c1-bf2a-41b8-8d8d-8f87f98c6a3e',NULL,0,NULL),('18b4c450-af01-415f-9f59-7d00c1bf27c1','蓝网',NULL,'','',334,NULL,'2015-11-17 10:35:14',1,'19657f93-661e-4f14-920c-06e837e65a94','f682db9e-4ea6-471b-aef5-ecd5fe2fe90d',0,NULL),('19b035a5-4cb8-4ec4-b613-8958d79add20','katherine',NULL,'\\upload\\20160317\\386eeeddddee4be3aabfe15c5e7c3fdd.jpg','jam',1,'2016-03-17 10:01:27','2016-03-01 09:53:23',1,NULL,NULL,0,4),('1b9573d7-1f07-4fb7-b8be-ebb9ac07d360','2222',NULL,'\\upload\\20151216\\644fdf3520494ea494d9da465197473a.jpg','jam',232332,NULL,'2015-12-16 11:41:33',1,'003d3b3e-4ff0-4a58-927d-3a10ebf0920d','606f0cdb-c7f0-427c-b5cc-280440af56ed',0,NULL),('1dfa6c4a-2246-4c46-b2d0-332b28a058fe','黄蜂队',NULL,'','',43,'2015-11-17 09:42:53','2015-11-17 09:34:54',1,'19657f93-661e-4f14-920c-06e837e65a94','f682db9e-4ea6-471b-aef5-ecd5fe2fe90d',0,NULL),('1e5feefb-d448-478a-8fb1-720a1a62c82f','全家福',NULL,NULL,NULL,NULL,'2016-03-01 14:37:21','2015-12-24 11:46:07',0,'96d7b901-841f-4199-91aa-ccb5c7b37c67',NULL,0,NULL),('2198ffa9-80f0-4b47-99a1-345674e0c197','马刺队',NULL,'\\upload\\20151116\\2c53d0241b1fcd6fa004d03e385b93b6.jpeg','',NULL,'2015-11-16 15:33:05','2015-11-16 14:21:04',1,'19657f93-661e-4f14-920c-06e837e65a94','f682db9e-4ea6-471b-aef5-ecd5fe2fe90d',0,NULL),('23e40c78-d72b-4f58-ba40-454818eaf279','1-2岁',NULL,'\\upload\\20151118\\eee23429b8154a1698a74a4f8c8d0bd6.jpg','jam',2,NULL,'2015-11-18 17:55:31',1,'2a9c4fb1-3340-4015-afdb-20fb26748bcc','f682db9e-4ea6-471b-aef5-ecd5fe2fe90d',0,NULL),('242b8a58-32ba-4f3f-b469-39f31d169575','太阳队',NULL,'','',33,NULL,'2015-11-17 09:33:34',1,'19657f93-661e-4f14-920c-06e837e65a94','f682db9e-4ea6-471b-aef5-ecd5fe2fe90d',0,NULL),('24dbe77f-5644-4d84-b287-ae0f3a6ca820','法拉利003',NULL,'\\upload\\20151216\\f884ce6fe3ef47bd9be347c332a944b3.jpg','jam',111,'2015-12-16 17:14:10','2015-12-16 16:47:40',1,'003d3b3e-4ff0-4a58-927d-3a10ebf0920d','606f0cdb-c7f0-427c-b5cc-280440af56ed',0,NULL),('2556160b-8463-4590-8ea2-6f4c5cf29bfb','小虎队',NULL,'\\upload\\20151116\\c6a0617fe3323a4305c8581fbd00cede.jpeg','',NULL,NULL,'2015-11-16 18:03:34',1,'19657f93-661e-4f14-920c-06e837e65a94','f682db9e-4ea6-471b-aef5-ecd5fe2fe90d',0,NULL),('2556fa2e-144e-476a-959e-c4e50119379a','全家福',NULL,NULL,NULL,NULL,'2015-12-24 17:53:25','2015-12-24 11:44:40',0,'cf9f9b48-b95a-477e-b31e-56f2fd038dbf',NULL,0,NULL),('27c26c81-f250-42ab-bd00-47f1da9d86f4','你好12135','sdfsdfsf','\\upload\\20151217\\eb13586124d14433aab5acaff537934e.jpg','',NULL,'2015-12-17 18:18:48','2015-12-17 18:01:35',1,'f9f6bf49-01d9-4484-8f94-170968ddb9b6',NULL,0,NULL),('2a1f0b65-91b5-4af7-96d0-6ff5990321c5','(ˇˍˇ) 想～',NULL,'\\upload\\20151216\\21bd0bd2fdda40f491f57c12e5ded2ef.jpg','jam',111,NULL,'2015-12-16 10:59:50',1,'050aa681-92ee-4f64-8e6a-60f09a01ea80',NULL,0,NULL),('2bd60a74-8eec-4ab9-8946-0f93190372c4','骑士队',NULL,'\\upload\\20151116\\2c53d0241b1fcd6fa004d03e385b93b6.jpeg','',NULL,'2015-11-16 15:42:50','2015-11-16 14:28:22',1,'19657f93-661e-4f14-920c-06e837e65a94','f682db9e-4ea6-471b-aef5-ecd5fe2fe90d',0,NULL),('2c2cb58b-1518-41ab-8d0c-7f55678daf06','全家福',NULL,NULL,NULL,NULL,'2016-03-02 09:55:03','2015-12-22 15:59:55',0,'95f4039b-42e8-4b9c-a117-8aaacb3dcfe4',NULL,0,NULL),('30ae2abe-567a-4e8f-9fd9-311aaee62bec','全家福',NULL,NULL,NULL,NULL,NULL,'2015-12-17 16:53:08',1,'17636c45-933d-4793-941b-9d31c04f6fd9',NULL,0,NULL),('377589a9-e679-44a7-b92b-af6e66d796b9','按时阿萨德',NULL,'\\upload\\20151216\\0b7b54f7ea0144bd929a47bb46808137.jpg','jam',111,NULL,'2015-12-16 15:13:36',1,'5f6adb47-29d3-41f5-8a7b-bb1ad0558352','f682db9e-4ea6-471b-aef5-ecd5fe2fe90d',0,NULL),('382cc90a-ddf0-4169-bab0-264fe653b072','全家福',NULL,NULL,NULL,NULL,NULL,'2015-12-15 17:01:22',1,'4bb758b7-dbfa-4ced-a986-91e588c3cd4f','1',0,NULL),('39f9d0ee-ccb3-43ce-a7c7-acb2f2db0cbe','地对地导弹',NULL,NULL,'',NULL,NULL,'2015-11-28 16:17:25',1,'163ac472-86cd-47fc-a619-d26eb8f929e3',NULL,0,NULL),('3edc76b3-b6ec-476c-a200-e8a2dd1faba7','小牛队',NULL,'','',33,NULL,'2015-11-17 10:05:52',1,'19657f93-661e-4f14-920c-06e837e65a94','f682db9e-4ea6-471b-aef5-ecd5fe2fe90d',0,NULL),('45a81b39-dbb2-473c-91cd-a20766ef8412','全家福',NULL,'\\upload\\20160119\\3f59ff981f8e426aa975a4f81f778344.png',NULL,NULL,'2016-01-19 16:27:13','2016-01-04 15:50:21',1,'f2b48137-decb-46a5-8085-7f69eb704fa3','f682db9e-4ea6-471b-aef5-ecd5fe2fe90d',0,4),('46b8e8a8-4a32-4939-a579-e9cbc9524101','kate',NULL,'\\upload\\20160301\\5d15cfbc1c674c8191c1a66928a61df0.jpg','jam',999,NULL,'2016-03-01 14:36:16',1,NULL,NULL,0,NULL),('497725cf-c5fd-4e95-a31e-1e65c15706db','学校生活',NULL,'\\upload\\20151202\\47edc30a75f344d08b9eb155b6f84a07.jpg','',NULL,'2015-12-08 10:05:31','2015-11-30 16:27:54',1,'b2116559-dff2-4190-a817-fd5737a50d0a',NULL,0,NULL),('4a176f1e-bf1b-4a8f-91dc-4374c56e8cdd','太阳',NULL,'\\upload\\20151216\\b84b2fabb6db4f6a9c0cad542e9894db.jpg','jam',33,NULL,'2015-12-16 13:17:14',1,'050aa681-92ee-4f64-8e6a-60f09a01ea80',NULL,0,NULL),('4b568673-5c36-4b53-b081-f00950b28ebc','火箭队',NULL,'\\upload\\20151116\\2c53d0241b1fcd6fa004d03e385b93b6.jpeg','',NULL,'2015-11-16 16:00:11','2015-11-16 15:06:33',1,'19657f93-661e-4f14-920c-06e837e65a94','f682db9e-4ea6-471b-aef5-ecd5fe2fe90d',0,NULL),('4ca6741c-9563-45d7-91ce-2e926c87bc23','从法国风格',NULL,'','123',33,'2015-12-16 15:50:37','2015-12-16 15:50:21',1,'050aa681-92ee-4f64-8e6a-60f09a01ea80',NULL,0,NULL),('4d7f50fd-12fc-41fd-a93c-7178fa021c6a','111111111',NULL,NULL,'',NULL,'2015-12-11 14:39:04','2015-11-28 16:23:08',0,'163ac472-86cd-47fc-a619-d26eb8f929e3',NULL,0,NULL),('5394b874-1da1-4c99-8fb4-673bec697cb2','leng',NULL,'/upload/20151216/42f30db21ec140739a6c242baad22963.jpg','jam',1111,NULL,'2015-12-16 11:32:15',1,'003d3b3e-4ff0-4a58-927d-3a10ebf0920d','606f0cdb-c7f0-427c-b5cc-280440af56ed',0,NULL),('55ed3d2b-364b-492c-9491-596e181e9b5d','全家福',NULL,NULL,NULL,NULL,'2016-03-02 09:54:56','2015-12-24 11:37:35',0,'c18e675d-1b5f-4d56-9c00-fbafb28906d3',NULL,0,NULL),('5857d625-5510-469a-99c8-e613cbf7f2bb','全家福',NULL,NULL,NULL,NULL,NULL,'2015-12-15 18:23:50',1,'22ac4763-5d57-415e-966e-cd0740f4e70d',NULL,0,NULL),('5b828ced-f26c-4fde-90f0-5100c187866a','3','3呜呜呜呜呜呜呜呜呜',NULL,'',NULL,'2015-12-14 14:32:12','2015-12-14 14:30:44',1,'c689cf41-7c4f-4adf-80d7-0c5c842dc540',NULL,0,NULL),('5cbf495a-1b8f-41e9-8485-8850f2bf3721','全家福',NULL,NULL,'',NULL,NULL,'2015-11-28 16:07:55',1,'163ac472-86cd-47fc-a619-d26eb8f929e3',NULL,0,NULL),('5e78a346-525e-4527-9bc7-c6c258c56bad','全家福',NULL,NULL,NULL,NULL,NULL,'2015-12-15 20:29:16',1,'9db9a3ed-d031-4f3a-ac13-5142335b49ea',NULL,0,NULL),('5eef6d69-94f9-4423-926d-e9761165b400','湖人队',NULL,'','',NULL,NULL,'2015-11-17 09:29:27',1,'19657f93-661e-4f14-920c-06e837e65a94','f682db9e-4ea6-471b-aef5-ecd5fe2fe90d',0,NULL),('64d466cd-f791-40a1-bece-8943fd1e1b41','测试',NULL,'\\upload\\20151216\\86530092578a4fde87dc8afd5ed4f186.jpg','123',2,'2015-12-16 15:49:46','2015-12-16 15:49:22',1,'10820b90-dbfe-44c6-9410-81b5bab61389','606f0cdb-c7f0-427c-b5cc-280440af56ed',0,NULL),('65b311cc-08bf-40e9-a502-850b60f76f92','老鹰队',NULL,'','',NULL,NULL,'2015-11-17 09:27:01',0,'37fe6cf9-c39d-41da-b651-a933bb68900f',NULL,0,NULL),('6766c257-cc6b-405b-a95b-673e40476fa2','3333',NULL,NULL,'',NULL,NULL,'2015-11-28 14:07:21',1,'163ac472-86cd-47fc-a619-d26eb8f929e3',NULL,0,NULL),('67dc5c0a-f4c2-4114-8ad4-de65fde20a58','全家福',NULL,NULL,NULL,NULL,'2016-03-01 09:44:07','2015-12-25 09:43:32',0,'84860b7e-07af-482f-8b48-7d1179af939b',NULL,0,NULL),('68433a23-dd2e-4079-a991-883a644b0a86','山猫队',NULL,'','',22,NULL,'2015-11-17 10:04:01',0,'37fe6cf9-c39d-41da-b651-a933bb68900f',NULL,0,NULL),('6e593ddc-9d69-4f54-aca2-3d35133155bb','社区生活',NULL,'\\upload\\20151130\\af4a77efda45402195cbd00201eddfdc.jpg','jam',12,'2015-12-10 10:18:54','2015-11-21 16:11:40',0,'b2116559-dff2-4190-a817-fd5737a50d0a',NULL,0,NULL),('6e646c7f-9bd6-4f46-94dd-e17a5b89612b','4-5岁11',NULL,NULL,'',NULL,'2015-12-11 15:42:54','2015-12-10 10:17:43',0,'b2116559-dff2-4190-a817-fd5737a50d0a',NULL,0,NULL),('746ee86c-ea6a-437b-b027-856e7b278954','咕噜',NULL,'\\upload\\20151202\\635d6652474f4f87b120d881a8f10de8.jpg','jam',111,NULL,'2015-12-02 10:52:26',1,'23432qasdggggg',NULL,0,NULL),('7618e3ef-8c2f-4bc0-bd92-faa0b5afece1','大瓶1',NULL,'\\upload\\20160302\\bf9d8eb6a9e842fe8b0c21968b703f24.png','jam',11,'2016-03-02 09:54:46','2016-03-02 09:54:33',1,NULL,NULL,0,4),('79bf2093-f19e-44fc-9178-89bcd547bd02','全家福',NULL,NULL,NULL,NULL,NULL,'2015-12-16 13:54:58',1,'e0f689e3-1f24-4803-abd6-120bfbd1fea7',NULL,0,NULL),('7a626a0b-04fc-4a80-8178-8a2948732a2d','11',NULL,'\\upload\\20160301\\20a075dae9ee44e79d5aaf261a3d2593.jpg','admin',22,'2016-03-01 09:55:07','2015-12-15 11:08:16',1,'0acfaf71-3cc7-4b82-ad83-80c127b16888','f682db9e-4ea6-471b-aef5-ecd5fe2fe90d',0,NULL),('7d1760ed-0ac5-46bf-8043-b2fd2dfb8e59','全家福',NULL,NULL,NULL,NULL,'2016-03-02 09:55:03','2015-12-23 14:09:10',0,'3e7cf6bd-86a0-4911-8ece-651f9ef24ecd',NULL,0,NULL),('7e673643-7e00-48c4-abd5-6d985f4f0c9a','呼啦啦',NULL,'/upload/20151216/36953e33f5a6426d9086909864a84960.jpg','jam',23423,NULL,'2015-12-16 13:07:23',1,'050aa681-92ee-4f64-8e6a-60f09a01ea80',NULL,0,NULL),('8776d8de-4613-466b-b23b-a6750c1635fa','全家福',NULL,NULL,NULL,NULL,NULL,'2015-12-16 14:21:49',1,'37264792-b068-4ef5-86d1-85d7e1fbc0e6',NULL,0,NULL),('878429de-29f3-4210-80f4-2e9992092a46','全家福',NULL,NULL,NULL,NULL,'2016-03-01 09:44:07','2015-12-25 17:20:40',0,'081f4605-eb31-4062-9239-859bacd5dce3',NULL,0,NULL),('8c266bc8-16ef-47f8-9499-875b6c23fe16','全家福',NULL,NULL,NULL,NULL,NULL,'2015-12-15 16:58:04',1,'ebba1524-c28d-4639-87cc-6b8e4fb0d3b3','2',0,NULL),('91d7470d-1a27-4e8d-a6c2-d6ca1b61a435','天五月',NULL,'\\upload\\20151216\\2b8e487e381b4394997a0c3e2e29b170.jpg','jam',1111,NULL,'2015-12-16 11:30:28',1,'003d3b3e-4ff0-4a58-927d-3a10ebf0920d','606f0cdb-c7f0-427c-b5cc-280440af56ed',0,NULL),('9245d1dc-af22-4581-bf21-198e5a7f73d4','2-3岁',NULL,'\\upload\\20151118\\58a1a3d47fb04a35b811e0bf241d3cee.jpg','jam',3,'2015-11-18 18:02:11','2015-11-18 17:56:58',1,'5f6adb47-29d3-41f5-8a7b-bb1ad0558352',NULL,0,NULL),('92c5e3d7-8f76-40f6-85ba-69bf924c6b45','勇士队',NULL,'\\upload\\20151116\\a9e844b98721f2e720f222617465214f.jpeg','',NULL,'2015-11-16 17:32:31','2015-11-16 17:23:40',0,'37fe6cf9-c39d-41da-b651-a933bb68900f',NULL,0,NULL),('95cb5037-9966-481f-9e34-524901139ee5','全家福',NULL,NULL,NULL,NULL,NULL,'2015-12-15 18:28:36',1,'dfecdce1-b152-433c-a235-0c43cd67cb08',NULL,0,NULL),('9665fb7d-6177-466c-a935-5ed0803fb5b2','全家福',NULL,NULL,NULL,NULL,'2016-03-02 09:55:03','2015-12-22 16:13:11',0,'f0be1fd6-9c49-46c4-96b5-1e10a01a1f7a',NULL,0,NULL),('96a72273-1771-4f5d-92c9-58e7424e3c03','全家福',NULL,NULL,NULL,NULL,NULL,'2015-12-16 09:19:01',1,'e329f06b-f550-404e-b50c-8346188d7379',NULL,0,NULL),('99a7eed3-6edc-4128-9729-66c5c9a7eaa8','不想',NULL,'\\upload\\20151216\\61c54160608b431aa1810bb3c2163122.jpg','jam',12,NULL,'2015-12-16 11:01:32',1,'050aa681-92ee-4f64-8e6a-60f09a01ea80',NULL,0,NULL),('9aae10c8-0945-4547-b473-0417044204c3','想不想呢',NULL,'','jam',44,'2015-12-16 11:04:54','2015-12-16 11:02:05',1,'1c459677-f2b9-44fb-8475-a41db6a36b21',NULL,0,NULL),('9b7c2052-6f4d-47be-b16c-cd558a0f03f5','灰熊队',NULL,'\\upload\\20151116\\6bdaae53c5d7d17e99caa74cfd25cc4f.jpeg','',NULL,'2015-11-16 15:42:50','2015-11-16 14:25:43',0,'37fe6cf9-c39d-41da-b651-a933bb68900f',NULL,0,NULL),('9ecbd28e-f13d-41d6-85f0-1478307e2e48','0-1岁',NULL,'\\upload\\20151118\\eee23429b8154a1698a74a4f8c8d0bd6.jpg','jam',1,NULL,'2015-11-18 17:55:09',1,'2a9c4fb1-3340-4015-afdb-20fb26748bcc',NULL,0,NULL),('9f42f0f4-c3af-42f1-a442-710c3242b4bd','全家福',NULL,NULL,NULL,NULL,NULL,'2015-12-15 21:06:56',1,'a87cbb7a-5625-4ca3-bda1-647d22d4aa5c',NULL,0,NULL),('a0fb031b-7454-42c3-9465-68a035c37adc','雄鹿队',NULL,'\\upload\\20151118\\a1f6e5f73ad1408e8f8a7378decf2aa3.jpg','jam',1,'2015-11-18 11:03:09','2015-11-18 10:16:36',0,'37fe6cf9-c39d-41da-b651-a933bb68900f',NULL,0,NULL),('a14cd10d-9a20-442b-ba68-01feef269e61','青春岁月','青春岁月','\\upload\\20151130\\1612230679bd4d129cc3a8926877ba92.jpg','jam',13,'2015-12-10 11:24:02','2015-11-21 16:09:14',1,'b2116559-dff2-4190-a817-fd5737a50d0a',NULL,0,NULL),('a27fd9ac-632a-4877-a47a-2590316ada13','32323232',NULL,NULL,'',NULL,NULL,'2015-12-10 14:27:25',1,'61c63da1-49cd-408b-b4a0-c917a2bed2c0',NULL,0,NULL),('a471c805-9021-403f-9b26-97887c0f62e8','cwf',NULL,'\\upload\\20151214\\5a1ad0c6e2b64745bf1a4b86c8b186f3.jpg','admin',1,NULL,'2015-12-14 18:33:53',1,'214332zdsgzxgvdsagtadsgdsa','f682db9e-4ea6-471b-aef5-ecd5fe2fe90d',0,NULL),('a9208a24-ca87-4648-ae0a-c38998b60827','全家福',NULL,NULL,NULL,NULL,NULL,'2015-12-15 16:53:10',1,'7ba4260b-cba1-46c6-bada-66317a9e2786',NULL,0,NULL),('ad3ad8eb-e675-4707-bbb4-661610b0ab06','全家福11',NULL,'\\upload\\20151224\\222aedd441fd46668f177eeaf2e78bfa.jpg',NULL,11,'2016-01-19 13:22:38','2015-12-24 11:40:07',1,'870c032d-f23c-490b-a6c2-cdd21fd72744',NULL,0,4),('ad86e425-ddfe-4707-8677-a5b2a6bc5f9c','全家福',NULL,NULL,NULL,NULL,NULL,'2015-12-16 14:01:01',1,'994571fb-bf8e-4d6c-9e53-a49d98004cc9',NULL,0,NULL),('b4ce1dc9-0bd2-4612-8221-7bf127a9acce','111',NULL,'\\upload\\20160301\\d90a1fe09e064ec587ac08935b50ec84.jpg','',33,'2016-03-01 09:55:22','2015-11-27 16:45:17',1,'53cac30f-efc2-420b-99e2-d11fd4ec3d52',NULL,0,NULL),('b6e8d51d-d3fc-4803-9250-66c1e2cde31b','gg',NULL,'\\upload\\20151118\\8b7a51947b5c4fc7bb3dc735b70472ac.jpg','jam',11,'2015-11-18 11:02:16','2015-11-18 10:53:43',0,'19657f93-661e-4f14-920c-06e837e65a94',NULL,0,NULL),('bd0f43f5-4652-4bd9-a208-1302d2d912e8','黄蜂队',NULL,NULL,'',NULL,'2015-11-16 15:33:05','2015-11-16 13:58:32',0,'37fe6cf9-c39d-41da-b651-a933bb68900f',NULL,0,NULL),('c3d11fea-04a4-46ed-a472-0bca239455d8','5月','4336','/upload/20151215/24e32c059d15411f9ea72ce9546539a7.jpg','',NULL,'2015-12-15 18:02:42','2015-12-15 18:01:00',1,'2849049d-cd65-4b64-b5a2-a498804ca0cd',NULL,0,NULL),('c5c0f71c-7e0b-4bcd-b41c-5275ef46a4a5','全家福',NULL,NULL,NULL,NULL,'2016-03-01 14:37:21','2015-12-25 09:32:50',0,'e039305e-885a-456c-a69f-e632e0b87dd4',NULL,0,NULL),('c5f30151-bdf2-4bb3-874c-573bd5b2131d','全家福',NULL,NULL,NULL,NULL,NULL,'2015-12-15 14:21:19',1,'e6aa24fe-039c-4dc0-9c43-3d2f0a63f520','606f0cdb-c7f0-427c-b5cc-280440af56ed',0,NULL),('c815ece1-89ae-4672-bf6d-3341dc243346','全家福',NULL,NULL,NULL,NULL,NULL,'2015-12-16 13:56:00',1,'3d6b7c58-1ad4-4acc-839a-0caf79ae914a',NULL,0,NULL),('cc1ff5d0-d6d5-4149-b5cc-5bfe376fbacd','22222',NULL,'','',NULL,'2015-12-15 11:42:33','2015-11-28 16:05:47',1,'38f921bb-b42b-42ee-ba10-12e5e479de4d',NULL,0,NULL),('ce5888d6-a39c-445d-a12c-466faaa38456','全家福',NULL,NULL,NULL,NULL,NULL,'2015-12-15 18:26:46',1,'f95cc21f-4fdc-406b-926e-d68a1bd26bb3',NULL,0,NULL),('d94e928e-8b9c-4b43-9ae5-c29db4067c5e','这鬼天气',NULL,'\\upload\\20160309\\83d1ffeffcf444959f64b50789f5a54f.jpg',NULL,11,'2016-03-09 15:11:18','2015-12-17 16:51:47',1,'1b647764-8684-48c3-a1cb-5d5cce080d07',NULL,0,4),('dbd30fe7-b009-4860-bf86-20ea9f867757','当435个人提供34','',NULL,NULL,NULL,'2015-12-17 17:47:26','2015-12-17 16:47:49',1,'60a1c115-b54d-44d9-a044-302e30209391',NULL,0,NULL),('dcb80abd-f181-41c7-8b3a-e96d8607aee4','全家福',NULL,NULL,NULL,NULL,'2016-03-01 14:37:21','2015-12-25 09:26:44',0,'7d2ebed4-ac86-4ebe-aa5f-bd97cf17baea',NULL,0,NULL),('dcc7469a-c365-4b1d-90e4-5800c5b11c44','全家福','df',NULL,NULL,NULL,'2015-12-17 18:01:29','2015-12-17 17:14:37',0,'f9f6bf49-01d9-4484-8f94-170968ddb9b6',NULL,0,NULL),('de6845ea-101d-4413-ba57-ae2ab2037acb','鹈鹕队',NULL,'\\upload\\20151116\\c6a0617fe3323a4305c8581fbd00cede.jpeg','',NULL,NULL,'2015-11-16 16:05:02',0,'37fe6cf9-c39d-41da-b651-a933bb68900f',NULL,0,NULL),('ded28701-075d-452a-a5b2-cf78ecdd6325','凯尔特人',NULL,'\\upload\\20151116\\c6a0617fe3323a4305c8581fbd00cede.jpeg','',NULL,'2015-11-16 15:33:05','2015-11-16 14:22:58',0,'37fe6cf9-c39d-41da-b651-a933bb68900f',NULL,0,NULL),('df2e293d-4e48-4cbd-abb5-539173d17452','76人',NULL,'','',222,NULL,'2015-11-17 10:34:01',0,'6599f743-af35-458b-94db-104838d8a6c6',NULL,0,NULL),('ec793dff-e704-4781-80cc-a4ea8130442f','全家福',NULL,NULL,NULL,NULL,NULL,'2015-12-15 16:09:44',1,'2849049d-cd65-4b64-b5a2-a498804ca0cd',NULL,0,NULL),('ee86bc2f-51b5-4f2e-8bf2-efb83175e1ce','全家福',NULL,NULL,NULL,NULL,'2016-03-02 09:55:03','2015-12-22 15:54:18',0,'fe14473e-6fa1-4e45-8294-3c2518b61eb2',NULL,0,NULL),('ef6160cf-9498-487d-b195-a93b0c5f6b82','全家福',NULL,NULL,NULL,NULL,NULL,'2015-12-16 14:26:26',1,'9c0d7143-e7fb-42ba-97d0-7b7a80990838',NULL,0,NULL),('f386e194-30f3-4774-826a-4aecdb1957c8','全家福',NULL,NULL,NULL,NULL,NULL,'2015-12-16 14:17:46',1,'73257837-29bd-41c4-ab28-14fe232206bf',NULL,0,NULL),('f3ae73d2-1da8-44ef-8fb0-d3e82f787d04','全家福',NULL,NULL,NULL,NULL,NULL,'2015-12-15 13:58:27',1,'003d3b3e-4ff0-4a58-927d-3a10ebf0920d','606f0cdb-c7f0-427c-b5cc-280440af56ed',NULL,NULL),('f6b810d4-14d2-4cd6-a95d-18bd5642a769','全家福',NULL,NULL,NULL,NULL,NULL,'2015-12-15 18:31:10',1,'050aa681-92ee-4f64-8e6a-60f09a01ea80',NULL,0,NULL),('f78f1fbd-fa81-4830-ab30-37672e593164','全家福',NULL,NULL,NULL,NULL,NULL,'2015-12-17 15:48:27',1,'e5870122-bb1c-4b6d-a861-b2efe8c14f43',NULL,0,NULL),('f8520595-9f16-46d3-846a-60b080e2e64a','活塞队',NULL,'','',NULL,NULL,'2015-11-17 09:23:43',0,'6599f743-af35-458b-94db-104838d8a6c6',NULL,0,NULL),('fb94240f-ba3e-4980-9f27-efb4fc0cc824','全家福',NULL,NULL,NULL,NULL,'2016-03-01 09:43:59','2015-12-28 15:16:06',0,'c1901aff-b68e-4d81-93b0-c7cae3b37d43','f682db9e-4ea6-471b-aef5-ecd5fe2fe90d',0,NULL),('ffd0767d-3ee6-459f-a303-44a694259c11','全家福',NULL,NULL,NULL,NULL,NULL,'2015-12-15 16:58:22',1,'76654bac-b497-4573-953a-4965fd772a04','2',0,NULL);

/*Table structure for table `sst_album_picture` */

DROP TABLE IF EXISTS `sst_album_picture`;

CREATE TABLE `sst_album_picture` (
  `id` varchar(36) NOT NULL DEFAULT '' COMMENT '主键',
  `menu_type` varchar(36) DEFAULT NULL COMMENT '菜单级别',
  `album_id` varchar(36) DEFAULT '' COMMENT '相册id',
  `pic` varchar(255) DEFAULT '' COMMENT '原图地址',
  `shadow_pic` varchar(255) DEFAULT NULL COMMENT '阴影图地址',
  `title` varchar(100) DEFAULT NULL COMMENT '中文标题',
  `en_title` varchar(100) DEFAULT NULL COMMENT '英文标题',
  `described` varchar(200) DEFAULT NULL COMMENT '相片描述',
  `en_describe` varchar(200) DEFAULT NULL COMMENT '相片描述-英文',
  `last_update_time` datetime DEFAULT NULL COMMENT '最近一次的更新时间',
  `create_time` datetime DEFAULT NULL COMMENT '记录的创建时间',
  `stat` int(4) NOT NULL DEFAULT '1' COMMENT '状态是否有效：1表示有效；0表示无效',
  `team_id` varchar(36) DEFAULT NULL COMMENT '图片所属球队id',
  `user_id` varchar(36) DEFAULT '' COMMENT '用户Id',
  `pic_status` int(4) DEFAULT '0' COMMENT '照片状态(0.待审核   1.审核通过 2.审核不通过)',
  `pic_type` int(4) DEFAULT NULL COMMENT '相片类型（4：教练员培训）',
  `order_no` int(4) DEFAULT NULL COMMENT '照片排序',
  PRIMARY KEY (`id`)
) ENGINE=InnoDB DEFAULT CHARSET=utf8 COMMENT='相册图片';

/*Data for the table `sst_album_picture` */

insert  into `sst_album_picture`(`id`,`menu_type`,`album_id`,`pic`,`shadow_pic`,`title`,`en_title`,`described`,`en_describe`,`last_update_time`,`create_time`,`stat`,`team_id`,`user_id`,`pic_status`,`pic_type`,`order_no`) values ('000b1f44-8f31-496e-ae54-69b5045cc54f','9857c4b3-6116-4b8f-8ea4-da1ebe2b187e','','/upload/20160422/f439864390bb4f8ea5c3731b7194862c.jpg','','中西式宴会','Chinese and Western banquets','','','2016-04-27 14:57:52','2016-04-22 15:26:38',1,NULL,'',1,NULL,1),('059fe921-98d9-11e5-9e4c-005056a5f57b','2','ad3ad8eb-e675-4707-bbb4-661610b0ab06','/upload/20151202/43d21b9313f948478422cedf4681b158.jpg',NULL,NULL,NULL,'',NULL,'2016-04-27 14:24:11','2015-12-02 17:42:37',0,NULL,'',1,4,NULL),('0770a291-ce2d-4d2b-809b-32ee5574bfb0','671a3971-2e80-4481-86f8-3048201764f3','','/upload/20160422/61b580451a7d41cb94f80825909b53bf.jpg','/upload/20160422/3f3f801cfc1f467f9fa7a624b66c0f4f.jpg','11','11','11','11','2016-04-26 16:01:31','2016-04-07 13:22:58',0,NULL,'',1,NULL,NULL),('0af97fe3-6204-4efe-b9c9-9de2ac01d081','2','23e40c78-d72b-4f58-ba40-454818eaf279','\\upload\\20151118\\5398dc469b734db1ab66394fa78ba02f.jpg',NULL,NULL,NULL,NULL,NULL,'2016-04-27 14:23:54','2015-11-18 15:43:58',0,'2a9c4fb1-3340-4015-afdb-20fb26748bcc','17b5c436-1ab7-437e-8376-d98075b50a22',1,4,NULL),('0d6169bf-16ab-45c9-8bba-03a169beeba4','2','','\\upload\\20160301\\f8bbfb7584f842699be152fbd077762a.jpg',NULL,NULL,NULL,NULL,NULL,'2016-04-27 14:24:57','2016-03-01 14:14:32',0,NULL,'',0,NULL,NULL),('0f9ee999-923d-4029-b6fb-927c9efc8f90','2','02bbfdc3-ac0e-4777-abd9-16c6363a70a9','\\upload\\20151223\\19cdf78c20584440b193c8339282c2f6.jpg',NULL,NULL,NULL,NULL,NULL,'2016-04-27 14:24:49','2015-12-23 18:34:23',0,'19657f93-661e-4f14-920c-06e837e65a94','',2,4,NULL),('130eb49f-447c-4bdc-8ee5-cd03d176bd46','671a3971-2e80-4481-86f8-3048201764f3','','/upload/20160426/7ae91e6ae0794e11badeae0a93d1068a.jpg','','','','','','2016-04-26 16:13:28','2016-04-26 16:11:44',1,NULL,'',1,NULL,3),('13d2a738-88ef-4e89-af4d-6a9be331a298','2','','\\upload\\20160301\\bd8f9beae2b443828ae817a55f5d44c9.jpg',NULL,NULL,NULL,NULL,NULL,'2016-04-27 14:25:08','2016-03-01 15:00:05',0,NULL,'',0,NULL,NULL),('16926844-c945-496f-b080-6c17a16707b0','671a3971-2e80-4481-86f8-3048201764f3','','/upload/20160426/96e947041ca54a81b685677a016f76ed.jpg','','','','','','2016-04-26 16:13:25','2016-04-26 16:11:07',1,NULL,'',1,NULL,2),('173a3022-a932-41fb-b44b-d45e47fcc80b','5e6ad2f2-f14a-4964-9598-1a78edf81628','','/upload/20160426/dd734713fcc840d690e43c1449e95738.jpg','','','','','','2016-04-27 14:23:31','2016-04-26 15:10:14',0,NULL,'',1,NULL,2),('19886f6c-2439-4fed-8451-b0fbc20da657','2','a471c805-9021-403f-9b26-97887c0f62e8','\\upload\\20151215\\dbe20bea58fa4aeab19b7fcee1d56e28.jpg',NULL,NULL,NULL,NULL,NULL,'2016-04-27 14:24:20','2015-12-15 11:42:32',0,'214332zdsgzxgvdsagtadsgdsa','',1,NULL,NULL),('1c4866d2-54f3-4658-aa2f-af6b0d075b56','2','','\\upload\\20160301\\14c2196ec21948e6a21e20c8db433cad.jpg',NULL,NULL,NULL,NULL,NULL,'2016-04-27 14:25:08','2016-03-01 15:03:18',0,NULL,'',0,4,NULL),('1fee558b-9977-4e21-a5e5-256218499a75','2','05e1c4f0-db12-4426-9e93-aeaed6c73821','\\upload\\20160119\\4880b2cc912d43d8becda345ed1faeff.jpg',NULL,NULL,NULL,NULL,NULL,'2016-04-27 14:24:57','2016-01-19 17:04:10',0,'003d3b3e-4ff0-4a58-927d-3a10ebf0920d','',2,4,NULL),('2141b1d0-98d9-11e5-9e4c-005056a5f57b','2',NULL,'\\upload\\20151202\\97ae11f583f8485d8e47a1bc8f507cf1.jpg',NULL,NULL,NULL,'',NULL,'2016-04-27 14:24:11','2015-12-02 17:43:23',0,NULL,'',1,NULL,NULL),('2a8a842e-74dc-4d80-9cda-8ff717738648','2','','\\upload\\20160401\\7d53af13b5c947e98824a8853adcff04.jpg',NULL,'7','77','777','7777','2016-04-27 14:25:20','2016-04-01 15:31:24',0,NULL,'',0,NULL,NULL),('3005a50c-e542-481c-a466-4fb6b828ba2b','2','a471c805-9021-403f-9b26-97887c0f62e8','\\upload\\20151215\\c1829e567d324bdfadf8dee86f3dd6f9.jpg',NULL,NULL,NULL,NULL,NULL,'2016-04-27 14:24:20','2015-12-15 11:42:32',0,'214332zdsgzxgvdsagtadsgdsa','',1,NULL,NULL),('32051984-a4a5-11e5-9e4c-005056a5f57b','2',NULL,'\\upload\\20151217\\ed96e1844bf846439459f0ec60b8b388.jpg',NULL,NULL,NULL,'sfsdfs',NULL,'2016-04-27 14:24:40','2015-12-17 18:01:52',0,'f9f6bf49-01d9-4484-8f94-170968ddb9b6',NULL,1,NULL,NULL),('32051dd7-a4a5-11e5-9e4c-005056a5f57b','2',NULL,'\\upload\\20151217\\f5f2045e009142c99d05e07a20ab3f2b.jpg',NULL,NULL,NULL,'sfsdfs',NULL,'2016-04-27 14:24:40','2015-12-17 18:01:52',0,'f9f6bf49-01d9-4484-8f94-170968ddb9b6',NULL,1,NULL,NULL),('32051fb8-a4a5-11e5-9e4c-005056a5f57b','2',NULL,'\\upload\\20151217\\e2985f07ba944899ad7f20c7e9007e7e.jpg',NULL,NULL,NULL,'sfsdfs',NULL,'2016-04-27 14:24:40','2015-12-17 18:01:52',0,'f9f6bf49-01d9-4484-8f94-170968ddb9b6',NULL,1,NULL,NULL),('3205207a-a4a5-11e5-9e4c-005056a5f57b','2',NULL,'\\upload\\20151217\\26a528b74797436db24b88b4f5c2fa03.jpg',NULL,NULL,NULL,'sfsdfs',NULL,'2016-04-27 14:24:30','2015-12-17 18:01:52',0,'f9f6bf49-01d9-4484-8f94-170968ddb9b6',NULL,1,NULL,NULL),('340ccc9e-4b07-4306-8e5e-b3d4f3210d23','d493bf67-c8fc-4dfa-9835-3f4d443e5abe','','\\upload\\20160407\\7ec6cb4a98e64e58978cb11e61741ea5.jpg','\\upload\\20160407\\051c87272c154c629fc016fb0d95705f.jpg','中西式宴会','Chinese and Western Event','烛光、鲜花、美酒、珍馐，以丰富的经验为您承办一场完美的华丽盛宴。','Research and development of more than 6000 square plant, at a cost of nearly sixty million times, Tian fang food research and','2016-04-22 17:05:52','2016-04-07 11:39:04',0,NULL,'',0,NULL,NULL),('340ccc9e-4b07-4306-8e5e-b3d4f3210d24','29ab349b-337d-4cdb-8a26-339d250708ad','','\\upload\\20160407\\7ec6cb4a98e64e58978cb11e61741ea5.jpg','\\upload\\20160407\\051c87272c154c629fc016fb0d95705f.jpg','中西式宴会','Chinese and Western Event','烛光、鲜花、美酒、珍馐，以丰富的经验为您承办一场完美的华丽盛宴。','Research and development of more than 6000 square plant, at a cost of nearly sixty million times, Tian fang food research and','2016-04-22 17:05:52','2016-04-07 11:39:04',0,NULL,'',0,NULL,NULL),('340ccc9e-4b07-4306-8e5e-b3d4f3210d25','671a3971-2e80-4481-86f8-3048201764f4','','\\upload\\20160407\\7ec6cb4a98e64e58978cb11e61741ea5.jpg','\\upload\\20160407\\051c87272c154c629fc016fb0d95705f.jpg','中西式宴会','Chinese and Western Event','烛光、鲜花、美酒、珍馐，以丰富的经验为您承办一场完美的华丽盛宴。','Research and development of more than 6000 square plant, at a cost of nearly sixty million times, Tian fang food research and','2016-04-22 14:43:34','2016-04-07 11:39:04',0,NULL,'',2,NULL,NULL),('340ccc9e-4b07-4306-8e5e-b3d4f3210d26','d493bf67-c8fc-4dfa-9835-3f4d443e5abe','','\\upload\\20160407\\7ec6cb4a98e64e58978cb11e61741ea5.jpg','\\upload\\20160407\\051c87272c154c629fc016fb0d95705f.jpg','中西式宴会','Chinese and Western Event','烛光、鲜花、美酒、珍馐，以丰富的经验为您承办一场完美的华丽盛宴。','Research and development of more than 6000 square plant, at a cost of nearly sixty million times, Tian fang food research and','2016-04-22 17:05:52','2016-04-07 11:39:04',0,NULL,'',0,NULL,NULL),('340ccc9e-4b07-4306-8e5e-b3d4f3210d27','671a3971-2e80-4481-86f8-3048201764f4','','\\upload\\20160407\\f6f5f2d660bc4953b1f905d6961d2e54.jpg','\\upload\\20160407\\051c87272c154c629fc016fb0d95705f.jpg','中西式宴会','Chinese and Western Event','烛光、鲜花、美酒、珍馐，以丰富的经验为您承办一场完美的华丽盛宴。','Research and development of more than 6000 square plant, at a cost of nearly sixty million times, Tian fang food research and','2016-04-22 14:43:38','2016-04-07 11:39:04',0,NULL,'',1,NULL,NULL),('340ccc9e-4b07-4306-8e5e-b3d4f3210d28','671a3971-2e80-4481-86f8-3048201764f4','','\\upload\\20160407\\7ec6cb4a98e64e58978cb11e61741ea5.jpg','\\upload\\20160407\\051c87272c154c629fc016fb0d95705f.jpg','中西式宴会','Chinese and Western Event','烛光、鲜花、美酒、珍馐，以丰富的经验为您承办一场完美的华丽盛宴。','Research and development of more than 6000 square plant, at a cost of nearly sixty million times, Tian fang food research and','2016-04-22 14:43:42','2016-04-07 11:39:04',0,NULL,'',1,NULL,NULL),('3543e174-94b7-4e8c-96e9-652827373844','671a3971-2e80-4481-86f8-3048201764f1','','/upload/20160426/9450e7c362604600bcd9154876abff33.jpg','','','','','','2016-04-26 16:27:31','2016-04-26 16:27:21',1,NULL,'',1,NULL,1),('36cf73cd-a246-11e5-9e4c-005056a5f57b','2',NULL,'/upload/20151214/44e1ae80012b4f2a99bcc8974f4a1b8c.jpg',NULL,'asd asd',NULL,'as asdasd asdasd 2345et bds s sdf sdf fsd a1as as',NULL,'2016-04-27 14:24:21','2015-12-14 17:36:55',0,NULL,'eb4be3bc-7325-46f6-bfe2-8b8780eac6db',1,NULL,NULL),('38746687-70f4-4b4f-a45b-41356e6c326e','2','05e1c4f0-db12-4426-9e93-aeaed6c73821','\\upload\\20160119\\0547f0d3bf6848d8885a9bd7f108f3c8.jpg',NULL,NULL,NULL,NULL,NULL,'2016-04-27 14:24:57','2016-01-19 17:04:10',0,'003d3b3e-4ff0-4a58-927d-3a10ebf0920d','',1,4,NULL),('3b5b5e00-b92d-4a8a-bf3f-73971a6f4574','8b40d84f-ebc6-4354-87e9-8491fc31c0c7','','/upload/20160427/d73404b547e24a0db6904c9e9a61907a.jpg','','','','','','2016-04-27 14:21:12','2016-04-27 14:21:01',1,NULL,'',1,NULL,1),('3c704b9d-d777-45e1-ad48-07fcf495a7bc','2','c5f30151-bdf2-4bb3-874c-573bd5b2131d','\\upload\\20160301\\6b52f71ae53049dcabd894373c0fc704.jpg',NULL,NULL,NULL,NULL,NULL,'2016-04-27 14:25:08','2016-03-01 15:33:29',0,NULL,'',1,4,NULL),('3c960155-5791-47ab-890c-d8d92a1b488b','9857c4b3-6116-4b8f-8ea4-da1ebe2b187e','','/upload/20160422/2c2fa983ca1a4a4aaf5fcba6cc046d76.jpg','','便当','lunch box','','','2016-04-27 14:58:46','2016-04-22 17:03:39',1,NULL,'',1,NULL,8),('3e556a9b-e820-494a-a8d4-51bf06cbe4dd','2','','\\upload\\20160331\\9ea2186e30994931bb15e04be6d7e1e7.jpg',NULL,'凯瑟琳',NULL,'赫赫',NULL,'2016-04-27 14:25:20','2016-03-31 13:14:58',0,NULL,'',0,NULL,NULL),('40095273-a4a5-11e5-9e4c-005056a5f57b','2','27c26c81-f250-42ab-bd00-47f1da9d86f4','\\upload\\20151217\\dba740e53d4448288de6d8a254d71e35.jpg',NULL,NULL,NULL,'sfsdf',NULL,'2016-04-27 14:24:40','2015-12-17 18:02:15',0,'f9f6bf49-01d9-4484-8f94-170968ddb9b6',NULL,1,NULL,NULL),('400957bc-a4a5-11e5-9e4c-005056a5f57b','2','27c26c81-f250-42ab-bd00-47f1da9d86f4','\\upload\\20151217\\eb13586124d14433aab5acaff537934e.jpg',NULL,NULL,NULL,'sfsdf',NULL,'2016-04-27 14:24:40','2015-12-17 18:02:15',0,'f9f6bf49-01d9-4484-8f94-170968ddb9b6',NULL,1,NULL,NULL),('41aecca7-3941-4e53-b276-ad18800f0d0c','2df6cf99-9083-4eed-b7df-79630bbc7417','','/upload/20160426/9e15ecaccb4746dfba2652aeb139b3b0.jpg','/upload/20160426/020e64a713c2470d9432fdfe2df3d30a.jpg','牛牛','cow','好哒一条牛','so big a cow','2016-04-28 10:55:35','2016-04-06 14:05:14',1,NULL,'',1,NULL,NULL),('4262c894-206c-41f2-aa1c-0f266efb2ff8','5e6ad2f2-f14a-4964-9598-1a78edf81628','','/upload/20160426/a9b2eeaa5d1a4b6b8b1e05b7ffef9efe.jpg','','','','','','2016-04-27 14:23:43','2016-04-26 15:10:50',0,NULL,'',1,NULL,1),('458553aa-87c7-4545-888f-39391e55c9c3','2','05e1c4f0-db12-4426-9e93-aeaed6c73821','\\upload\\20160119\\182225384e4f4afcb12b0320e0613106.jpg',NULL,NULL,NULL,NULL,NULL,'2016-04-27 14:24:57','2016-01-19 17:04:10',0,'003d3b3e-4ff0-4a58-927d-3a10ebf0920d','',1,4,NULL),('46d42d1a-1595-472d-afb5-9c7da45ed8ae','2','c5f30151-bdf2-4bb3-874c-573bd5b2131d','\\upload\\20160301\\0997d82122a24b31bbb11643513e7901.jpg',NULL,NULL,NULL,NULL,NULL,'2016-04-27 14:25:08','2016-03-01 15:33:29',0,NULL,'',2,4,NULL),('4dac487d-8404-4318-8729-5aca08458d2f','2df6cf99-9083-4eed-b7df-79630bbc7417','','/upload/20160426/422ea70d7acb4ac8977b38aa1cfca578.jpg','/upload/20160426/501a51ecc92842f58b74de224e734d74.jpg','1','11','111','1111','2016-04-28 11:34:03','2016-04-06 15:04:24',1,NULL,'',1,NULL,NULL),('5237b83c-4308-4686-aeaf-61a8e47bcb82','4c8d507e-de2b-41cc-9667-e35e95914bb4','','\\upload\\20160406\\29a72a61e4b84bc09549e147f27581fd.jpg','\\upload\\20160406\\c71e1652a3bc4b55aba1ec6e3732e6d8.jpg','41','441','4441','44441','2016-04-28 11:06:46','2016-04-06 15:08:06',0,NULL,'',0,NULL,NULL),('53480834-f1be-47c1-88a8-71794a730a7c','2','a471c805-9021-403f-9b26-97887c0f62e8','\\upload\\20151215\\70d28c7caec847608bae54109688219b.jpg',NULL,NULL,NULL,NULL,NULL,'2016-04-27 14:24:20','2015-12-15 11:42:32',0,'214332zdsgzxgvdsagtadsgdsa','',1,NULL,NULL),('539e9e76-0dc6-420e-8ea8-723f8c5848d6','671a3971-2e80-4481-86f8-3048201764f1','','\\upload\\20160406\\903b566ba0e74171b22fd1e200a14493.jpg','\\upload\\20160406\\422fdf929f2d4f3ab558d6fa3cf80ab0.jpg','b1','bb1','bbb1','bbbb1','2016-04-28 10:55:11','2016-04-06 17:03:55',0,NULL,'',1,NULL,NULL),('53bbeaa0-27e4-414a-aaae-cd730bbc352b','4c8d507e-de2b-41cc-9667-e35e95914bb4','','\\upload\\20160406\\a53bbf9b3ec144c69d23bd260386c55d.jpg','\\upload\\20160406\\e9711f215dc3424fa96841da6d755f60.jpg','a','aa','aaa','aaaa','2016-04-28 10:55:07','2016-04-06 17:03:24',0,NULL,'',1,NULL,NULL),('55bffd5f-e383-4d08-82b8-af689930d04f','2','23e40c78-d72b-4f58-ba40-454818eaf279','\\upload\\20151121\\9582fc754d1046a1bb3764798ac7c49c.jpg',NULL,'111',NULL,'2222',NULL,'2016-04-27 14:23:54','2015-11-21 16:14:39',0,NULL,'17b5c436-1ab7-437e-8376-d98075b50a22',1,NULL,NULL),('572daadc-6082-4213-b8f7-03de873e66b5','2','7618e3ef-8c2f-4bc0-bd92-faa0b5afece1','\\upload\\20160302\\2e07c62415c642f5a41040e9b1805b6a.jpg',NULL,NULL,NULL,NULL,NULL,'2016-04-27 14:25:08','2016-03-02 09:56:07',0,NULL,'',0,4,NULL),('5decd65a-a4d4-4c7c-88cb-4e3bf4099db6','2','c5f30151-bdf2-4bb3-874c-573bd5b2131d','\\upload\\20160301\\d2906db0d008409dab5c539a628f75a6.jpg',NULL,NULL,NULL,NULL,NULL,'2016-04-27 14:25:08','2016-03-01 15:33:29',0,NULL,'',0,4,NULL),('5f98ead3-a250-11e5-9e4c-005056a5f57b','2',NULL,'/upload/20151214/2e8999e12e2346d6aad3ceace57eb437.jpg',NULL,NULL,NULL,'范德萨发散',NULL,'2016-04-27 14:24:21','2015-12-14 18:49:38',0,NULL,'197729c6-3373-4a0f-a9c2-0e8a5af0ef12',1,NULL,NULL),('6402da24-9d4e-11e5-9e4c-005056a5f57b','2','497725cf-c5fd-4e95-a31e-1e65c15706db','undefined',NULL,'11212',NULL,'',NULL,'2016-04-27 14:24:11','2015-12-08 09:52:51',0,'b2116559-dff2-4190-a817-fd5737a50d0a',NULL,1,NULL,NULL),('6535028f-33b9-4845-8ed5-89ebaefc6929','2','05e1c4f0-db12-4426-9e93-aeaed6c73821','\\upload\\20160119\\5a3204f697364bfe92fa971c9a07013a.jpg',NULL,NULL,NULL,NULL,NULL,'2016-04-27 14:24:57','2016-01-19 17:04:10',0,'003d3b3e-4ff0-4a58-927d-3a10ebf0920d','',1,4,NULL),('671a3971-2e80-4481-86f8-3048201764f2','671a3971-2e80-4481-86f8-3048201764f2','','\\upload\\20160407\\7ec6cb4a98e64e58978cb11e61741ea5.jpg','\\upload\\20160407\\2101ba979fac435e89f6769bafe93825.jpg','${imgurl}1','${imgurl}11','${imgurl}11','${imgurl}11','2016-04-22 17:05:52','2016-04-07 13:22:58',0,NULL,'',0,NULL,NULL),('671a3971-2e80-4481-86f8-3048201764f3','671a3971-2e80-4481-86f8-3048201764f2','','\\upload\\20160407\\7ec6cb4a98e64e58978cb11e61741ea5.jpg','\\upload\\20160407\\051c87272c154c629fc016fb0d95705f.jpg','中西式宴会','Chinese and Western Event','烛光、鲜花、美酒、珍馐，以丰富的经验为您承办一场完美的华丽盛宴。','Research and development of more than 6000 square plant, at a cost of nearly sixty million times, Tian fang food research and','2016-04-22 17:05:52','2016-04-07 11:39:04',0,NULL,'',0,NULL,NULL),('671a3971-2e80-4481-86f8-3048201764f4','671a3971-2e80-4481-86f8-3048201764f2','','\\upload\\20160407\\7ec6cb4a98e64e58978cb11e61741ea5.jpg','\\upload\\20160407\\051c87272c154c629fc016fb0d95705f.jpg','中西式宴会','Chinese and Western Event','烛光、鲜花、美酒、珍馐，以丰富的经验为您承办一场完美的华丽盛宴。','Research and development of more than 6000 square plant, at a cost of nearly sixty million times, Tian fang food research and','2016-04-22 17:05:52','2016-04-07 11:39:04',0,NULL,'',0,NULL,NULL),('688de100-ecbe-4b5a-b672-b24cf2d0f400','671a3971-2e80-4481-86f8-3048201764f3','','/upload/20160426/d83769f428c84e439965e98b47ad0091.jpg','','','','','','2016-04-26 16:11:55','2016-04-26 16:10:11',0,NULL,'',0,NULL,1),('68ed680a-a98a-4eb3-a3c6-48d0a6065cfc','671a3971-2e80-4481-86f8-3048201764f4','','/upload/20160426/1cb98c37573b40c7860a2518f4cf76ea.jpg','','','','','','2016-04-26 16:08:12','2016-04-26 16:07:57',1,NULL,'',1,NULL,3),('75bd06a4-55a9-4041-beb0-24d3d6dfa4c4','2','','\\upload\\20160301\\44b997f40fe647d7a746707589abddff.jpg',NULL,NULL,NULL,NULL,NULL,'2016-04-27 14:25:08','2016-03-01 15:03:18',0,NULL,'',0,4,NULL),('7606af65-a0e6-11e5-9e4c-005056a5f57b','2','5b828ced-f26c-4fde-90f0-5100c187866a','/upload/20151214/5d84e97976294483b8ba310aa53b1213.jpg',NULL,'图片名称222',NULL,'2222',NULL,'2016-04-27 14:24:11','2015-12-12 23:38:58',0,'c689cf41-7c4f-4adf-80d7-0c5c842dc540',NULL,1,NULL,NULL),('77d4ad57-a250-11e5-9e4c-005056a5f57b','2',NULL,'/upload/20151214/e62366520f1045d5bea8d10c4deffe09.jpg',NULL,NULL,NULL,'222',NULL,'2016-04-27 14:24:21','2015-12-14 18:50:19',0,NULL,'197729c6-3373-4a0f-a9c2-0e8a5af0ef12',1,NULL,NULL),('77fe3dca-dedc-4f63-9fde-981223bcbaad','2','a471c805-9021-403f-9b26-97887c0f62e8','\\upload\\20151215\\2ee6f03d9bdc4fddbeb626e64b723c51.jpg',NULL,NULL,NULL,NULL,NULL,'2016-04-27 14:24:20','2015-12-15 11:42:32',0,'214332zdsgzxgvdsagtadsgdsa','',1,NULL,NULL),('7af8c260-f534-4028-a837-2455d2f10be1','2','','\\upload\\20160301\\3eac2e80332e4150a69c5519e229b700.jpg',NULL,NULL,NULL,NULL,NULL,'2016-04-27 14:25:08','2016-03-01 15:00:05',0,NULL,'',0,NULL,NULL),('7bafb67e-1dfd-43c2-b623-94962ae75221','2','01b83f71-8006-4cf3-8768-d2e79c6cbf12','\\upload\\20151225\\50827f60ce92416196d0e958d93aa84a.jpg',NULL,NULL,NULL,NULL,NULL,'2016-04-27 14:24:49','2015-12-25 10:55:38',0,'601fb12b-da2a-41c4-8446-589093181cb1','',1,4,NULL),('7bccbdea-5eb9-4396-a12f-f6b97444e1ee','2','23e40c78-d72b-4f58-ba40-454818eaf279','\\upload\\20151121\\4da4a0736bca43b3aa301beef3ecdce6.jpg',NULL,NULL,NULL,NULL,NULL,'2016-04-27 14:23:54','2015-11-21 16:14:39',0,NULL,'17b5c436-1ab7-437e-8376-d98075b50a22',1,NULL,NULL),('821ed3ae-d461-4fde-bb7b-32df02bbbd6c','671a3971-2e80-4481-86f8-3048201764f3','','/upload/20160426/71b52da259274318b10ce9629be1119f.jpg','','','','','','2016-04-26 16:12:25','2016-04-26 16:12:13',1,NULL,'',1,NULL,4),('828fd8b2-2d76-4120-88eb-1302beca46f5','2','','\\upload\\20160301\\a78361eefa8d430aad22d55a4f0751c0.jpg',NULL,NULL,NULL,NULL,NULL,'2016-04-27 14:24:57','2016-03-01 14:14:33',0,NULL,'',0,NULL,NULL),('83c3a51d-1763-497a-b79d-a2d8f6a74f57','671a3971-2e80-4481-86f8-3048201764f2','','/upload/20160426/d300c8cb6d984651bcd833bf55b0fe9a.jpg','','','','','','2016-04-26 15:33:13','2016-04-26 15:33:03',1,NULL,'',1,NULL,2),('85c3a45d-d15f-4b8b-9b7c-956b6ebdbc73','2','a471c805-9021-403f-9b26-97887c0f62e8','\\upload\\20151215\\afb26a0a41284c8bb5cb76906b1e6b16.jpg',NULL,NULL,NULL,NULL,NULL,'2016-04-27 14:24:20','2015-12-15 11:42:32',0,'214332zdsgzxgvdsagtadsgdsa','',1,NULL,NULL),('8a8c502d-1d84-49b9-b679-c057ffdb740c','2df6cf99-9083-4eed-b7df-79630bbc7417','','/upload/20160428/4632a87f309843579c510e60b4011b3c.jpg','/upload/20160426/1c02b09dc857431397bfabcc033acbf4.jpg','一个','saasassa','一个','aaa','2016-04-28 10:55:38','2016-04-06 16:35:52',1,NULL,'',1,NULL,NULL),('9020981f-7197-4751-a104-48062296f0ce','2','05e1c4f0-db12-4426-9e93-aeaed6c73821','\\upload\\20160119\\a776ac10db544253a7e0d1719bf5301c.jpg',NULL,NULL,NULL,NULL,NULL,'2016-04-27 14:24:57','2016-01-19 17:04:10',0,'003d3b3e-4ff0-4a58-927d-3a10ebf0920d','',1,4,NULL),('906ccb80-1293-4835-bda1-0eb5b1939e9c','671a3971-2e80-4481-86f8-3048201764f1','','/upload/20160426/232ad44906f24dc298b22eab7cfe789b.jpg','','','','','','2016-04-26 16:27:05','2016-04-26 16:16:53',0,NULL,'',1,NULL,1),('934dd336-fe2f-42a0-9b26-d24ed30dfd27','671a3971-2e80-4481-86f8-3048201764f1','','\\upload\\20160406\\6425b2d798ca49a0a8017f1d2a6262b6.jpg','\\upload\\20160406\\ef3d07dc89ab43489370070bd667be3e.jpg','5','55','555','5555','2016-04-28 11:06:46','2016-04-06 15:08:30',0,NULL,'',0,NULL,NULL),('975385ac-9acd-4936-bba2-8b3b4ded4601','671a3971-2e80-4481-86f8-3048201764f1','','\\upload\\20160406\\19263164abd04c28839d4c81165764c9.jpg','\\upload\\20160406\\b37e9f173bff4665b5a77885fff58824.jpg','51','551','5551','55551','2016-04-28 11:06:46','2016-04-06 16:49:12',0,NULL,'',0,NULL,NULL),('978e4609-eb5b-4286-9e34-b663e47b3b00','8b40d84f-ebc6-4354-87e9-8491fc31c0c7','','/upload/20160426/3c7852ac4110489b8dc25098993c707d.jpg','','','','','','2016-04-26 16:31:24','2016-04-26 15:09:48',1,NULL,'',1,NULL,4),('99212182-a65e-11e5-a885-00155d01ef04','2',NULL,'\\upload\\20151221\\f57f034ba24140e186a102366e98a43e.jpg',NULL,'sdsad',NULL,'dsad sddf',NULL,'2016-04-27 14:24:40','2015-12-21 11:26:37',0,NULL,'fe9b475a-dc7d-4df4-a293-8cb8635e79c0',1,NULL,NULL),('99783a26-0ff1-46fb-85f2-a210d8dc7e25','2','05e1c4f0-db12-4426-9e93-aeaed6c73821','\\upload\\20160119\\c93a9c518f5b49a98c7399b3d77d60b6.jpg',NULL,NULL,NULL,NULL,NULL,'2016-04-27 14:24:57','2016-01-19 17:04:10',0,'003d3b3e-4ff0-4a58-927d-3a10ebf0920d','',1,4,NULL),('9abbd47b-1393-48d9-9c51-83936d044943','671a3971-2e80-4481-86f8-3048201764f2','','/upload/20160426/2759428b3d574cd084f5553ed763dca8.jpg','','','','','','2016-04-26 15:32:41','2016-04-26 15:32:30',1,NULL,'',1,NULL,1),('9d2dd745-796e-46f8-83bc-a00d77c5881c','9857c4b3-6116-4b8f-8ea4-da1ebe2b187e','','/upload/20160422/6a27749a91724385bd88ed93fe7d50b9.jpg','','茶歇','wedding reception','','','2016-04-27 14:57:59','2016-04-22 15:32:44',1,NULL,'',1,NULL,2),('9e2dd696-caae-4f1f-b04f-7b5c0aabb598','4c8d507e-de2b-41cc-9667-e35e95914bb4','','\\upload\\20160406\\5f57ccc2553c41e5bf02dc62275276c4.jpg','\\upload\\20160406\\9c9ba4e1df6546ab98f895b55e934f76.jpg','c','cc','ccc','cccc','2016-04-28 10:55:14','2016-04-06 17:27:46',0,NULL,'',1,NULL,NULL),('9ff3d626-a713-417f-806c-ca7f684d2787','1','','\\upload\\20160401\\acd5a915427145f3ac47c2ef7b368782.jpg',NULL,'8','88','888','8888','2016-04-27 14:25:20','2016-04-01 15:33:54',0,NULL,'',0,NULL,NULL),('a092c3a9-6ee0-4494-9b33-5fb14511d77a','2','','\\upload\\20160331\\b6b1491b566e4f478fa788736184c9de.jpg',NULL,'1','11','111','1111','2016-04-27 14:25:20','2016-03-31 13:34:24',0,NULL,'',0,NULL,NULL),('a0fa063b-679d-4089-824a-e29834cbc28a','2','05e1c4f0-db12-4426-9e93-aeaed6c73821','\\upload\\20160119\\42898380d46d423ea349d5d86a8d928b.png',NULL,NULL,NULL,NULL,NULL,'2016-04-27 14:24:57','2016-01-19 17:04:10',0,'003d3b3e-4ff0-4a58-927d-3a10ebf0920d','',1,4,NULL),('a508ed6f-47c5-407e-b0d4-00b3fec07203','1','','\\upload\\20160401\\219a9c856d7545d19eb324cbb89056a8.jpg',NULL,'夏','summer`','嘿嘿','heihei','2016-04-27 14:25:20','2016-04-01 10:18:09',0,NULL,'',2,NULL,NULL),('a69f9ee6-b5b5-4fa9-a2ef-2c9e0edb0b20','2','9ecbd28e-f13d-41d6-85f0-1478307e2e48','\\upload\\20151121\\fe75d64e3a2c4b509cc0e96d5b2fec15.jpg',NULL,NULL,NULL,NULL,NULL,'2016-04-27 14:23:54','2015-11-21 16:14:17',0,NULL,'17b5c436-1ab7-437e-8376-d98075b50a22',1,NULL,NULL),('a7950d54-a68b-4c55-a0c5-82f110fc0ef2','2','9ecbd28e-f13d-41d6-85f0-1478307e2e48','\\upload\\20151121\\fe75d64e3a2c4b509cc0e96d5b2fec15.jpg',NULL,NULL,NULL,NULL,NULL,'2016-04-27 14:23:54','2015-11-21 16:14:17',0,NULL,'17b5c436-1ab7-437e-8376-d98075b50a22',1,NULL,NULL),('a87f5b0b-3663-4db8-9ebe-52efe9011b3b','8b40d84f-ebc6-4354-87e9-8491fc31c0c7','','/upload/20160427/a198bc4068a947b0a32d29ab53affbff.jpg','','','','','','2016-04-27 14:22:40','2016-04-27 14:22:33',1,NULL,'',0,NULL,3),('a9495248-302e-4e13-aca6-601919e224fa','2','01b83f71-8006-4cf3-8768-d2e79c6cbf12','',NULL,NULL,NULL,NULL,NULL,'2016-04-27 14:24:49','2015-12-25 14:20:55',0,'601fb12b-da2a-41c4-8446-589093181cb1','',0,4,NULL),('ab08731c-47c7-47ed-b9ac-265bf34a80f6','9857c4b3-6116-4b8f-8ea4-da1ebe2b187e','','/upload/20160422/d54e15f4f4494c5d9edc1098f5530e94.jpg','','特色婚礼','wedding reception','','','2016-04-27 14:58:15','2016-04-22 14:32:58',1,NULL,'',1,NULL,4),('ab255b8d-df28-40f4-9721-fdc86a3f8b9d','2','02bbfdc3-ac0e-4777-abd9-16c6363a70a9','',NULL,NULL,NULL,NULL,NULL,'2016-04-27 14:24:49','2015-12-21 14:00:49',0,'19657f93-661e-4f14-920c-06e837e65a94','',1,NULL,NULL),('b2eac11c-4685-4f52-9c70-d8b14decaeca','2','','\\upload\\20160301\\1bf308a56c51434a9847dcceb501dead.jpg',NULL,NULL,NULL,NULL,NULL,'2016-04-27 14:25:08','2016-03-01 15:03:18',0,NULL,'',0,4,NULL),('b4b8f023-7446-45d6-9fcc-4a5e9ed8ae82','671a3971-2e80-4481-86f8-3048201764f3','','/upload/20160426/2972c708aa7d4b79bce46b8b15135346.jpg','','','','','','2016-04-26 16:12:47','2016-04-26 16:12:39',1,NULL,'',1,NULL,5),('b4deafba-204e-449e-8a6b-b75ab9ef2da2','8b40d84f-ebc6-4354-87e9-8491fc31c0c7','','/upload/20160427/eef33e5ac2774308aa1d172883b7a1bb.jpg','','','','','','2016-04-27 14:22:13','2016-04-27 14:21:48',1,NULL,'',1,NULL,2),('b61e9d28-3cad-4eee-8414-fa5ce6a3f148','8b40d84f-ebc6-4354-87e9-8491fc31c0c7','','/upload/20160426/30c32b18f3f446aea13283b5a7bd44c0.jpg','','','','','','2016-04-26 16:31:05','2016-04-26 10:19:04',1,NULL,'',1,NULL,5),('be0655fd-f057-4f37-9466-6bc82856dc88','2','a471c805-9021-403f-9b26-97887c0f62e8','\\upload\\20151215\\db517222f7854dcf8a8410fef574025a.jpg',NULL,NULL,NULL,NULL,NULL,'2016-04-27 14:24:20','2015-12-15 11:42:32',0,'214332zdsgzxgvdsagtadsgdsa','',1,NULL,NULL),('be2d468e-a0dd-11e5-9e4c-005056a5f57b','2',NULL,'/upload/20151214/549c5863726e469b8dc109077de03dec.jpg',NULL,'111',NULL,'美女',NULL,'2016-04-27 14:24:11','2015-12-12 22:36:34',0,NULL,'197729c6-3373-4a0f-a9c2-0e8a5af0ef12',1,NULL,NULL),('c0d88482-8e3b-4d72-9d91-f2c4309f6730','5e6ad2f2-f14a-4964-9598-1a78edf81628','','/upload/20160426/b7ebf8fa59694461b747970d64eff878.jpg','','','','','','2016-04-27 14:23:27','2016-04-26 15:10:00',0,NULL,'',1,NULL,3),('c14dcbd7-0491-49f9-906d-081258e67854','9857c4b3-6116-4b8f-8ea4-da1ebe2b187e','','/upload/20160422/e604e36437c24062bdee969f6b31ca29.jpg','','鸡尾酒会','Cocktail party','','','2016-04-27 14:58:21','2016-04-22 16:13:51',1,NULL,'',1,NULL,5),('c2fa8958-07fe-41ca-9589-577dd446cb46','2','05e1c4f0-db12-4426-9e93-aeaed6c73821','\\upload\\20160119\\c253f9213db141a5a1b05c62d63d6a27.jpg',NULL,NULL,NULL,NULL,NULL,'2016-04-27 14:24:49','2016-01-19 17:04:10',0,'003d3b3e-4ff0-4a58-927d-3a10ebf0920d','',0,4,NULL),('c31456f8-cf3c-4e51-a487-fa5a0104f594','2','7618e3ef-8c2f-4bc0-bd92-faa0b5afece1','\\upload\\20160302\\ecfdc912e8f348799910a357eb0a9b77.jpg',NULL,NULL,NULL,NULL,NULL,'2016-04-27 14:25:08','2016-03-02 09:56:07',0,NULL,'',1,4,NULL),('c5c4ca90-88c5-4029-b62d-3c7b397247a9','671a3971-2e80-4481-86f8-3048201764f3','','/upload/20160426/8c66732f01c14848889792b40fc91b45.jpg','','','','','','2016-04-26 16:14:26','2016-04-26 16:14:13',1,NULL,'',1,NULL,1),('c6bd3e30-a912-4f1f-ac0f-4c29d2bcb57e','671a3971-2e80-4481-86f8-3048201764f1','','\\upload\\20160406\\1baf1e18dbaf4099b3b48879b6252a1d.jpg','\\upload\\20160406\\656cff8da54e4ea3b6f17298d2eea714.jpg','凯瑟琳','kate','不过','not hh','2016-04-28 11:06:53','2016-04-06 11:15:52',0,NULL,'',1,NULL,NULL),('c6de3dae-1b73-44e2-b468-3ebb679977cd','671a3971-2e80-4481-86f8-3048201764f4','','/upload/20160426/5eada86b3c354038bebfd072a3904783.jpg','','','','','','2016-04-26 16:07:38','2016-04-26 16:07:23',1,NULL,'',1,NULL,2),('cc7ff4b4-2e58-4b35-bd8a-1c9c6c3f8d8a','2','05e1c4f0-db12-4426-9e93-aeaed6c73821','\\upload\\20160119\\1968e6c508814421a9b8c458688e4cc6.jpg',NULL,NULL,NULL,NULL,NULL,'2016-04-27 14:24:49','2016-01-19 17:04:10',0,'003d3b3e-4ff0-4a58-927d-3a10ebf0920d','',0,4,NULL),('cccbc569-4e8f-4751-9aa3-9e2208dc8b17','671a3971-2e80-4481-86f8-3048201764f4','','/upload/20160426/52c035437cb2484bb89440a0ec1d3b42.jpg','','','','','','2016-04-26 16:08:39','2016-04-26 16:08:29',1,NULL,'',1,NULL,4),('cd18374e-d415-4244-ae16-5d5dc1dadfea','2','a471c805-9021-403f-9b26-97887c0f62e8','\\upload\\20151215\\24393a3dd6fe4780affbba1cc09ea463.jpg',NULL,NULL,NULL,NULL,NULL,'2016-04-27 14:24:21','2015-12-15 11:42:32',0,'214332zdsgzxgvdsagtadsgdsa','',1,NULL,NULL),('d06b69fa-7491-44e5-9295-8cf102be01bc','2df6cf99-9083-4eed-b7df-79630bbc7417','','/upload/20160426/271acc6dd296402c999257c24d946310.jpg','/upload/20160426/15b99dd0116643e7977e8bd4237c5d53.jpg','2','22','w(ﾟДﾟ)w','2222','2016-04-28 11:38:34','2016-04-06 15:06:55',1,NULL,'',1,NULL,NULL),('d0b375ca-368f-412b-ab18-5dcf15b2120b','2','','\\upload\\20160331\\08c3b8a8957043948c21cbd445b735c1.jpg',NULL,'2','22','222','2222','2016-04-27 14:25:20','2016-03-31 13:38:53',0,NULL,'',0,NULL,NULL),('d10485e0-0259-4743-a592-b47ed8a914f6','2','05e1c4f0-db12-4426-9e93-aeaed6c73821','\\upload\\20160119\\47f474f418144efeada5a759bc583263.jpg',NULL,NULL,NULL,NULL,NULL,'2016-04-27 14:24:49','2016-01-19 17:04:10',0,'003d3b3e-4ff0-4a58-927d-3a10ebf0920d','',0,4,NULL),('d493bf67-c8fc-4dfa-9835-3f4d443e5bb1','671a3971-2e80-4481-86f8-3048201764f3','','\\upload\\20160407\\7ec6cb4a98e64e58978cb11e61741ea5.jpg','\\upload\\20160407\\051c87272c154c629fc016fb0d95705f.jpg','中西式宴会','Chinese and Western Event','烛光、鲜花、美酒、珍馐，以丰富的经验为您承办一场完美的华丽盛宴。','Research and development of more than 6000 square plant, at a cost of nearly sixty million times, Tian fang food research and','2016-04-22 17:05:52','2016-04-07 11:39:04',0,NULL,'',0,NULL,NULL),('d493bf67-c8fc-4dfa-9835-3f4d443e5bbe','d493bf67-c8fc-4dfa-9835-3f4d443e5abe','','\\upload\\20160407\\7ec6cb4a98e64e58978cb11e61741ea5.jpg','\\upload\\20160407\\051c87272c154c629fc016fb0d95705f.jpg','中西式宴会','Chinese and Western Event','烛光、鲜花、美酒、珍馐，以丰富的经验为您承办一场完美的华丽盛宴。','Research and development of more than 6000 square plant, at a cost of nearly sixty million times, Tian fang food research and','2016-04-22 17:05:52','2016-04-07 11:39:04',0,NULL,'',0,NULL,NULL),('d493bf67-c8fc-4dfa-9835-3f4d443e5bbf','671a3971-2e80-4481-86f8-3048201764f3','','\\upload\\20160407\\7ec6cb4a98e64e58978cb11e61741ea5.jpg','\\upload\\20160407\\051c87272c154c629fc016fb0d95705f.jpg','中西式宴会','Chinese and Western Event','烛光、鲜花、美酒、珍馐，以丰富的经验为您承办一场完美的华丽盛宴。','Research and development of more than 6000 square plant, at a cost of nearly sixty million times, Tian fang food research and','2016-04-22 17:05:52','2016-04-07 11:39:04',0,NULL,'',0,NULL,NULL),('d493bf67-c8fc-4dfa-9835-3f4d443e5bbj','671a3971-2e80-4481-86f8-3048201764f3','','\\upload\\20160407\\f6f5f2d660bc4953b1f905d6961d2e54.jpg','\\upload\\20160407\\051c87272c154c629fc016fb0d95705f.jpg','中西式宴会','Chinese and Western Event','烛光、鲜花、美酒、珍馐，以丰富的经验为您承办一场完美的华丽盛宴。','Research and development of more than 6000 square plant, at a cost of nearly sixty million times, Tian fang food research and','2016-04-22 17:05:52','2016-04-07 11:39:04',0,NULL,'',0,NULL,NULL),('d937845b-a109-4f61-84a4-e8bbd2445068','2','','\\upload\\20160301\\d54d9aa752414278b16d447e3b488de7.jpg',NULL,NULL,NULL,NULL,NULL,'2016-04-27 14:24:57','2016-03-01 15:00:05',0,NULL,'',0,NULL,NULL),('d95ff933-69ff-4f49-a26f-53bbf9cf691c','9857c4b3-6116-4b8f-8ea4-da1ebe2b187e','','/upload/20160422/9580e049603049fbb217d615917f104a.jpg','','自助餐','Buffet','','','2016-04-27 14:58:07','2016-04-22 16:44:37',1,NULL,'',1,NULL,3),('da6377fd-b400-4b3a-9396-ac452cb6396f','2','','\\upload\\20160331\\20c9ba31026a4587bddad735758ed9bf.jpg',NULL,'樱桃',NULL,'红色的',NULL,'2016-04-27 14:25:20','2016-03-31 13:19:19',0,NULL,'',0,NULL,NULL),('dc8457a1-a65e-11e5-a885-00155d01ef04','2',NULL,'\\upload\\20151221\\7f4120d2ed844706b4d8d93d6d193c8c.jpg',NULL,NULL,NULL,'',NULL,'2016-04-27 14:24:40','2015-12-21 11:28:30',0,NULL,'fe9b475a-dc7d-4df4-a293-8cb8635e79c0',1,NULL,NULL),('dc845e5a-a65e-11e5-a885-00155d01ef04','2',NULL,'\\upload\\20151221\\6221b2a3ecd949a985b6ece43adfaafc.jpg',NULL,NULL,NULL,'',NULL,'2016-04-27 14:24:40','2015-12-21 11:28:30',0,NULL,'fe9b475a-dc7d-4df4-a293-8cb8635e79c0',1,NULL,NULL),('dc84603a-a65e-11e5-a885-00155d01ef04','2',NULL,'\\upload\\20151221\\0cdfb756699e4fc9853a01d7303859fe.jpg',NULL,'667788',NULL,'334455',NULL,'2016-04-27 14:24:40','2015-12-21 11:28:30',0,NULL,'fe9b475a-dc7d-4df4-a293-8cb8635e79c0',1,NULL,NULL),('dc84617b-a65e-11e5-a885-00155d01ef04','2',NULL,'\\upload\\20151221\\3a260a823e3341fcbb4e9d96c62da4a9.jpg',NULL,'84849848',NULL,'777888999',NULL,'2016-04-27 14:24:40','2015-12-21 11:28:30',0,NULL,'fe9b475a-dc7d-4df4-a293-8cb8635e79c0',1,NULL,NULL),('dd1b7849-9500-4d19-8b3b-8e4b0e82b53d','2','9ecbd28e-f13d-41d6-85f0-1478307e2e48','\\upload\\20151121\\eee23429b8154a1698a74a4f8c8d0bd6.jpg',NULL,'111',NULL,'111',NULL,'2016-04-27 14:23:54','2015-11-21 16:14:17',0,NULL,'17b5c436-1ab7-437e-8376-d98075b50a22',1,NULL,NULL),('dd3f2d30-de44-4c34-abe8-cbd119b64e8b','2','23e40c78-d72b-4f58-ba40-454818eaf279','/upload/20151211/975e04584d7d44dd8d8c6f6760052fa4.jpg',NULL,NULL,NULL,NULL,NULL,'2016-04-27 14:24:11','2015-12-11 13:26:59',0,NULL,'',1,NULL,NULL),('df0a48a9-7be5-47d4-9741-0545fd906ca7','671a3971-2e80-4481-86f8-3048201764f1','','\\upload\\20160406\\10b81ff241e14e73bde57fd22bcbb4f3.jpg','\\upload\\20160406\\3cbe66ead4e848f5bed98908d770d129.jpg','3','33','333','3333','2016-04-28 11:06:46','2016-04-06 15:07:18',0,NULL,'',0,NULL,NULL),('dff77fcf-9f08-11e5-9e4c-005056a5f57b','2','a27fd9ac-632a-4877-a47a-2590316ada13','/upload/20151210/b7574cb0548d4617bf1d7ce41e3712b0.jpg',NULL,NULL,NULL,'2222',NULL,'2016-04-27 14:24:11','2015-12-10 14:40:17',0,'61c63da1-49cd-408b-b4a0-c917a2bed2c0',NULL,1,NULL,NULL),('e17f7be2-a678-11e5-a885-00155d01ef04','2',NULL,'\\upload\\20151221\\96404d0512cd4f139c7cc32b111f7d69.jpg',NULL,NULL,NULL,'我系小白兔几哟',NULL,'2016-04-27 14:24:49','2015-12-21 14:34:46',0,NULL,'eb4be3bc-7325-46f6-bfe2-8b8780eac6db',1,NULL,NULL),('e1a4a070-98d8-11e5-9e4c-005056a5f57b','2',NULL,'\\upload\\20151202\\202751c82f754071bf24f84dd75e92d9.jpg',NULL,NULL,NULL,'',NULL,'2016-04-27 14:24:11','2015-12-02 17:41:37',0,NULL,'',1,NULL,NULL),('e1a4ac64-98d8-11e5-9e4c-005056a5f57b','2',NULL,'\\upload\\20151202\\55f8417733334120bde143a29df651b1.jpg',NULL,NULL,NULL,'',NULL,'2016-04-27 14:24:11','2015-12-02 17:41:37',0,NULL,'',1,NULL,NULL),('e1a4addc-98d8-11e5-9e4c-005056a5f57b','2',NULL,'\\upload\\20151202\\6b29445724444f608b8f016155aa4764.jpg',NULL,NULL,NULL,'',NULL,'2016-04-27 14:24:11','2015-12-02 17:41:37',0,NULL,'',1,NULL,NULL),('e1a4ae77-98d8-11e5-9e4c-005056a5f57b','2',NULL,'\\upload\\20151202\\de4c3df4ac8449a0aa7eaf43a43acb9f.jpg',NULL,NULL,NULL,'',NULL,'2016-04-27 14:23:54','2015-12-02 17:41:37',0,NULL,'',1,NULL,NULL),('e5e05333-a312-11e5-9e4c-005056a5f57b','2','c3d11fea-04a4-46ed-a472-0bca239455d8','/upload/20151215/bda8c7594cb24aceb9fc97cccdda65da.jpg',NULL,NULL,NULL,'额为台湾',NULL,'2016-04-27 14:24:30','2015-12-15 18:02:06',0,'2849049d-cd65-4b64-b5a2-a498804ca0cd',NULL,1,NULL,NULL),('e5e0639d-a312-11e5-9e4c-005056a5f57b','2','c3d11fea-04a4-46ed-a472-0bca239455d8','/upload/20151215/24e32c059d15411f9ea72ce9546539a7.jpg',NULL,NULL,NULL,'额为台湾',NULL,'2016-04-27 14:24:30','2015-12-15 18:02:06',0,'2849049d-cd65-4b64-b5a2-a498804ca0cd',NULL,1,NULL,NULL),('e5e07761-a312-11e5-9e4c-005056a5f57b','2','c3d11fea-04a4-46ed-a472-0bca239455d8','/upload/20151215/a98e47f651ef4bcb814f1652ab156cb0.jpg',NULL,NULL,NULL,'额为台湾',NULL,'2016-04-27 14:24:30','2015-12-15 18:02:06',0,'2849049d-cd65-4b64-b5a2-a498804ca0cd',NULL,1,NULL,NULL),('e86758a0-a65e-11e5-a885-00155d01ef04','2',NULL,'\\upload\\20151221\\52521ace99b84a0ba8d474127f7862ed.jpg',NULL,NULL,NULL,'',NULL,'2016-04-27 14:24:49','2015-12-21 11:28:50',0,NULL,'fe9b475a-dc7d-4df4-a293-8cb8635e79c0',1,NULL,NULL),('e8675f6b-a65e-11e5-a885-00155d01ef04','2',NULL,'\\upload\\20151221\\83a4dc1c43f34b8a978f8257bd80ac09.jpg',NULL,NULL,NULL,'',NULL,'2016-04-27 14:24:49','2015-12-21 11:28:50',0,NULL,'fe9b475a-dc7d-4df4-a293-8cb8635e79c0',1,NULL,NULL),('e9e1db49-a312-11e5-9e4c-005056a5f57b','2','c3d11fea-04a4-46ed-a472-0bca239455d8','/upload/20151215/bda8c7594cb24aceb9fc97cccdda65da.jpg',NULL,NULL,NULL,'额为台湾',NULL,'2016-04-27 14:24:30','2015-12-15 18:02:13',0,'2849049d-cd65-4b64-b5a2-a498804ca0cd',NULL,1,NULL,NULL),('e9e1e0c7-a312-11e5-9e4c-005056a5f57b','2','c3d11fea-04a4-46ed-a472-0bca239455d8','/upload/20151215/24e32c059d15411f9ea72ce9546539a7.jpg',NULL,NULL,NULL,'额为台湾',NULL,'2016-04-27 14:24:30','2015-12-15 18:02:13',0,'2849049d-cd65-4b64-b5a2-a498804ca0cd',NULL,1,NULL,NULL),('e9e1e2a2-a312-11e5-9e4c-005056a5f57b','2','c3d11fea-04a4-46ed-a472-0bca239455d8','/upload/20151215/a98e47f651ef4bcb814f1652ab156cb0.jpg',NULL,NULL,NULL,'额为台湾',NULL,'2016-04-27 14:24:30','2015-12-15 18:02:13',0,'2849049d-cd65-4b64-b5a2-a498804ca0cd',NULL,1,NULL,NULL),('e9e58d63-a804-459c-bed5-c019d0cefac7','9857c4b3-6116-4b8f-8ea4-da1ebe2b187e','','/upload/20160422/67e4ad0e363d4dbe9cce0117ceac8e4a.jpg','','烧烤','barbecue party','','','2016-04-27 14:58:37','2016-04-22 16:48:50',1,NULL,'',1,NULL,7),('eaf15548-98d6-11e5-9e4c-005056a5f57b','2','497725cf-c5fd-4e95-a31e-1e65c15706db','\\upload\\20151202\\0827fb68e27e4f9d881df97cbefa464e.jpg',NULL,NULL,NULL,'222',NULL,'2016-04-27 14:23:54','2015-12-02 17:27:33',0,'b2116559-dff2-4190-a817-fd5737a50d0a','',1,NULL,NULL),('eaf15d19-98d6-11e5-9e4c-005056a5f57b','2','497725cf-c5fd-4e95-a31e-1e65c15706db','\\upload\\20151202\\a21954b8a73048358afb0c8ec27f6c03.jpg',NULL,NULL,NULL,'222',NULL,'2016-04-27 14:23:54','2015-12-02 17:27:33',0,'b2116559-dff2-4190-a817-fd5737a50d0a','',1,NULL,NULL),('eaf15e3c-98d6-11e5-9e4c-005056a5f57b','2','497725cf-c5fd-4e95-a31e-1e65c15706db','\\upload\\20151202\\47edc30a75f344d08b9eb155b6f84a07.jpg',NULL,NULL,NULL,'222',NULL,'2016-04-27 14:23:54','2015-12-02 17:27:33',0,'b2116559-dff2-4190-a817-fd5737a50d0a','',1,NULL,NULL),('eb770995-a312-11e5-9e4c-005056a5f57b','2','c3d11fea-04a4-46ed-a472-0bca239455d8','/upload/20151215/bda8c7594cb24aceb9fc97cccdda65da.jpg',NULL,NULL,NULL,'额为台湾',NULL,'2016-04-27 14:24:30','2015-12-15 18:02:15',0,'2849049d-cd65-4b64-b5a2-a498804ca0cd',NULL,1,NULL,NULL),('eb770ef8-a312-11e5-9e4c-005056a5f57b','2','c3d11fea-04a4-46ed-a472-0bca239455d8','/upload/20151215/24e32c059d15411f9ea72ce9546539a7.jpg',NULL,NULL,NULL,'额为台湾',NULL,'2016-04-27 14:24:30','2015-12-15 18:02:15',0,'2849049d-cd65-4b64-b5a2-a498804ca0cd',NULL,1,NULL,NULL),('eb771005-a312-11e5-9e4c-005056a5f57b','2','c3d11fea-04a4-46ed-a472-0bca239455d8','/upload/20151215/a98e47f651ef4bcb814f1652ab156cb0.jpg',NULL,NULL,NULL,'额为台湾',NULL,'2016-04-27 14:24:30','2015-12-15 18:02:15',0,'2849049d-cd65-4b64-b5a2-a498804ca0cd',NULL,1,NULL,NULL),('ef23557c-9b50-4989-af29-75483523d52f','4c8d507e-de2b-41cc-9667-e35e95914bb4','','\\upload\\20160407\\ef42015c7926497fa16f1cfda502f83b.png','\\upload\\20160407\\f527f38166764437ab54ab96c086183d.jpg','q','qq','qqq','qqqq','2016-04-28 10:55:18','2016-04-07 11:03:55',0,NULL,'',1,NULL,NULL),('f73e4441-09f0-4ee8-b9fd-98d056c0b3cb','9857c4b3-6116-4b8f-8ea4-da1ebe2b187e','','/upload/20160422/75484d72042649af98c966599e1906aa.jpg','','生日宴','Birthday Party','','','2016-04-27 14:58:25','2016-04-22 15:43:24',1,NULL,'',1,NULL,6),('fa4d8113-ec20-4e9f-9b1e-f07c7783ba53','1','','\\upload\\20160401\\1e259c202a554c12a91ea0d40fe42990.png','\\upload\\20160401\\685f23d23da44fc49992ab32d2b0df28.png','9','99','999','9999','2016-04-27 14:25:20','2016-04-01 15:38:16',0,NULL,'',0,NULL,NULL),('fade824e-8566-4b39-b46a-99c53f3b0fc0','1','','\\upload\\20160331\\5d29746554eb4154a27525cd62705f2a.jpg',NULL,'5','55','555','5555','2016-04-27 14:25:20','2016-03-31 13:54:55',0,NULL,'',2,NULL,NULL),('ff143347-61c9-4ab3-8b57-8a3dc281a84b','671a3971-2e80-4481-86f8-3048201764f4','','/upload/20160422/c0529541adda4bf8b13f01193b03b9ae.jpg','','自助餐菜单A套','Buffet Dinner Menu RMB128','第三方的高大上非官方的非官方的股份','第三方的高大上非官方的非官方的股份','2016-04-26 16:10:46','2016-04-22 14:10:12',1,NULL,'',1,NULL,1);

/*Table structure for table `sst_app_version` */

DROP TABLE IF EXISTS `sst_app_version`;

CREATE TABLE `sst_app_version` (
  `id` varchar(36) NOT NULL,
  `version_num` int(11) DEFAULT NULL COMMENT '版本号',
  `version_type` varchar(36) DEFAULT NULL COMMENT '1: Android 2:ios',
  `share_url` varchar(50) DEFAULT NULL COMMENT '分享url',
  `version_url` varchar(50) DEFAULT NULL,
  `create_time` datetime DEFAULT NULL,
  `last_update_time` datetime DEFAULT NULL,
  `stat` int(11) DEFAULT '1',
  PRIMARY KEY (`id`)
) ENGINE=InnoDB DEFAULT CHARSET=utf8;

/*Data for the table `sst_app_version` */

insert  into `sst_app_version`(`id`,`version_num`,`version_type`,`share_url`,`version_url`,`create_time`,`last_update_time`,`stat`) values ('1',1,'1','http://zhidao.baidu.com/','http://zhidao.baidu.com/','2016-03-29 14:06:35','2016-03-29 14:06:35',1),('2',1,'2','http://zhidao.baidu.com/','http://zhidao.baidu.com/','2016-03-29 14:06:35','2016-03-29 14:06:35',1);

/*Table structure for table `sst_authorization` */

DROP TABLE IF EXISTS `sst_authorization`;

CREATE TABLE `sst_authorization` (
  `id` varchar(36) NOT NULL COMMENT '主键ID',
  `admin_id` varchar(36) NOT NULL,
  `menu_id` varchar(36) NOT NULL,
  `create_time` datetime DEFAULT NULL,
  `stat` int(4) NOT NULL DEFAULT '1',
  `last_update_time` datetime DEFAULT NULL,
  PRIMARY KEY (`id`)
) ENGINE=InnoDB DEFAULT CHARSET=utf8;

/*Data for the table `sst_authorization` */

insert  into `sst_authorization`(`id`,`admin_id`,`menu_id`,`create_time`,`stat`,`last_update_time`) values ('030b9f9f-c882-474d-a17c-5bddfcfad73a','57390b0c-b06a-4e30-b8e9-1f42c5adf979','10','2016-01-15 13:13:14',0,'2016-04-22 14:02:54'),('03dd479f-6983-4474-ab57-b2205db896c6','57390b0c-b06a-4e30-b8e9-1f42c5adf979','23','2016-01-27 11:03:00',0,'2016-04-22 14:02:54'),('06ede759-ef84-4065-9b10-94bc91e302ed','57390b0c-b06a-4e30-b8e9-1f42c5adf979','1','2016-01-12 14:43:43',1,NULL),('09bd1b8a-2ed3-4884-a186-cd26a1799af3','3e6346a3-f942-4567-bf2a-926117022fbf','200','2016-01-29 16:54:45',1,NULL),('0b0a26cc-8895-454f-8ab6-8187d7fe472e','3e6346a3-f942-4567-bf2a-926117022fbf','16','2016-01-19 13:12:37',1,NULL),('0c477deb-5c24-43a6-90ee-0f4897746b0b','1','200','2016-01-29 16:55:27',1,NULL),('0cc2e48b-e63b-4157-8d08-0a8333e3871a','57390b0c-b06a-4e30-b8e9-1f42c5adf979','2','2016-01-12 14:43:44',1,NULL),('0e1bf4b0-7ebb-4964-bab2-2fb041f1574d','57390b0c-b06a-4e30-b8e9-1f42c5adf979','15','2016-01-19 13:13:00',0,'2016-04-22 14:02:54'),('1','1','1','2016-01-12 13:47:15',1,NULL),('1102c6c5-a559-4960-8dd7-ed69574cc86b','57390b0c-b06a-4e30-b8e9-1f42c5adf979','9','2016-01-13 17:57:33',0,'2016-04-22 14:02:54'),('12f8de79-df65-4d6c-81ee-999c43c5675f','3e6346a3-f942-4567-bf2a-926117022fbf','3','2016-01-13 09:35:42',1,NULL),('133bf2fd-40a6-4053-9b9e-85254267ca69','3e6346a3-f942-4567-bf2a-926117022fbf','15','2016-01-19 13:12:37',1,'2016-01-19 13:33:37'),('135b56d5-e46f-4421-b113-6e80cfb761cd','3e6346a3-f942-4567-bf2a-926117022fbf','14','2016-01-19 13:12:37',1,NULL),('1463bc63-53d3-4357-a0e4-3b7cfdc5c724','3e6346a3-f942-4567-bf2a-926117022fbf','6','2016-01-13 14:59:55',1,NULL),('15a300ec-a9b8-478f-9f28-7057b4095ace','3e6346a3-f942-4567-bf2a-926117022fbf','24','2016-01-27 14:33:11',1,NULL),('1701abaf-a10d-438b-9d8c-7b835eebc614','3e6346a3-f942-4567-bf2a-926117022fbf','11','2016-01-19 13:12:37',1,NULL),('188613c7-bc99-4474-8081-1aed63406063','57390b0c-b06a-4e30-b8e9-1f42c5adf979','12','2016-01-15 15:45:07',0,'2016-04-22 14:02:54'),('1a3c1932-d59d-47bd-8cc2-4b1a09882ab1','57390b0c-b06a-4e30-b8e9-1f42c5adf979','3','2016-01-12 15:42:19',0,'2016-04-22 14:02:54'),('1bdf2191-8f04-418c-962f-980f6522ae84','57390b0c-b06a-4e30-b8e9-1f42c5adf979','24','2016-01-27 14:33:22',0,'2016-04-22 14:02:54'),('1e47d8ad-52fb-4ea7-a774-07a4eee999c0','3e6346a3-f942-4567-bf2a-926117022fbf','12','2016-01-19 13:12:37',1,NULL),('1f105a8a-41ed-4246-9d99-36145811887d','1','22','2016-01-25 18:13:36',1,NULL),('2','1','2','2016-01-12 13:47:15',1,NULL),('2181b490-d67e-4a25-81df-6f86d9329c75','57390b0c-b06a-4e30-b8e9-1f42c5adf979','11','2016-01-15 15:45:07',0,'2016-04-22 14:02:54'),('22c1deea-4f3e-4616-8c61-c4893a9b2201','57390b0c-b06a-4e30-b8e9-1f42c5adf979','30','2016-01-29 16:55:21',0,'2016-04-22 14:02:54'),('23dcae64-886e-4a56-8459-2e54f2e887a6','1','11','2016-01-19 13:12:55',1,NULL),('26868477-4920-4242-83a1-56892aff59e2','3e6346a3-f942-4567-bf2a-926117022fbf','10','2016-01-19 13:12:37',1,NULL),('26c64170-16b6-4375-8e87-23a81fa19834','3e6346a3-f942-4567-bf2a-926117022fbf','29','2016-01-29 16:51:07',1,NULL),('26e83d2c-d5e4-4eec-a3bc-1c6f08d9be0f','3e6346a3-f942-4567-bf2a-926117022fbf','8','2016-01-19 13:12:37',1,NULL),('2aa3bbdd-87a3-4246-a6eb-9de3e1393cf7','57390b0c-b06a-4e30-b8e9-1f42c5adf979','4','2016-01-12 15:42:19',0,'2016-04-22 14:02:54'),('2c86a143-b845-4ca4-82cd-4fac28e7896f','1','5','2016-01-19 13:12:55',1,NULL),('2f55cc89-406f-4fd6-8ece-1d333673f4fd','1','24','2016-01-29 16:55:27',1,NULL),('36927912-8226-47cc-8e01-107855c872d6','57390b0c-b06a-4e30-b8e9-1f42c5adf979','100','2016-01-23 11:22:44',1,NULL),('373e5f4a-4bc8-43ce-adb1-dd4a1a13605f','1','30','2016-01-29 16:55:27',1,NULL),('39f99198-2289-4db9-9f8f-1235f7a668f0','3e6346a3-f942-4567-bf2a-926117022fbf','5','2016-01-13 09:35:42',1,NULL),('3ba22044-63b1-4914-a0f5-e0a8917f7ce0','57390b0c-b06a-4e30-b8e9-1f42c5adf979','200','2016-01-29 16:19:11',0,'2016-04-22 14:02:54'),('3c89fca0-b73f-4298-b871-bb1a4a49a424','1','6','2016-01-19 13:12:55',1,NULL),('3e0f7c0f-9ea0-4bdd-a9b9-19b25b7a1c07','57390b0c-b06a-4e30-b8e9-1f42c5adf979','5','2016-01-13 15:00:17',1,NULL),('3e96bb21-f8a9-4c25-9d09-218605f8c58c','57390b0c-b06a-4e30-b8e9-1f42c5adf979','28','2016-01-29 13:17:19',1,NULL),('411cdf7c-370e-4a9c-a26e-eb99385e0d2a','3e6346a3-f942-4567-bf2a-926117022fbf','33','2016-03-01 09:19:54',1,NULL),('422fa5f1-51f7-4198-91a1-ad1b56a55cdb','3e6346a3-f942-4567-bf2a-926117022fbf','21','2016-01-25 18:13:27',1,NULL),('4312e72d-cab5-47fa-80cf-b8176bc4ed65','1','9','2016-01-19 13:12:55',1,NULL),('43be15a9-7767-4f29-8bfb-0cf900487a9e','1','23','2016-01-29 16:55:27',1,NULL),('4540451b-a44b-4cfa-b167-85c5504df3dd','57390b0c-b06a-4e30-b8e9-1f42c5adf979','20','2016-01-23 11:19:26',0,'2016-04-22 14:02:54'),('48c7cd1b-8a70-4a42-9f0f-2c0249ac6d7e','1','20','2016-01-25 18:13:36',1,NULL),('48f3b937-c230-4a3e-bf28-154680412551','1','19','2016-01-25 18:13:36',1,NULL),('49b20ea5-fbc5-4f23-a42a-4a3095f2084c','1','25','2016-01-29 16:55:27',1,NULL),('4a7d4c7d-b5e5-4295-ac3a-46dc5822dd95','57390b0c-b06a-4e30-b8e9-1f42c5adf979','301','2016-03-16 16:02:14',1,NULL),('4f3d0b11-c9f9-47ed-8b48-c0545ea1dd21','3e6346a3-f942-4567-bf2a-926117022fbf','20','2016-01-23 11:19:20',1,NULL),('5059f9d5-5026-456f-8ddc-925eec924976','57390b0c-b06a-4e30-b8e9-1f42c5adf979','27','2016-01-28 11:11:30',0,'2016-04-22 14:02:54'),('57c7d25a-8ac4-4b39-b218-b991c754a737','57390b0c-b06a-4e30-b8e9-1f42c5adf979','7','2016-01-13 17:57:45',0,'2016-04-22 14:02:54'),('58a31bde-4574-4e12-8d2e-7f0dee68e409','3e6346a3-f942-4567-bf2a-926117022fbf','300','2016-03-24 10:18:49',1,NULL),('591aae79-a746-44e1-b0f8-c1bb57e07d02','1','29','2016-01-29 16:55:27',1,NULL),('59b85fc9-bbab-4249-b49f-dc9e2f0f078d','57390b0c-b06a-4e30-b8e9-1f42c5adf979','31','2016-01-29 16:55:21',0,'2016-04-22 14:02:54'),('5d9fed00-942e-4661-9594-b6f4c6384a2e','1','100','2016-01-25 18:13:36',1,NULL),('5f68db05-1fc9-4cc6-9a84-4768c0a379a4','57390b0c-b06a-4e30-b8e9-1f42c5adf979','6','2016-01-13 15:00:17',0,'2016-04-22 14:02:54'),('60942bac-589d-4905-aa6d-adf92ff8ab20','1','26','2016-01-29 16:55:27',1,NULL),('63ce45bb-58c2-4aad-9086-095fabdfdea6','1','4','2016-01-19 13:12:55',1,NULL),('6cf4cf13-d4df-4455-b44b-ad77e0c0a2e4','57390b0c-b06a-4e30-b8e9-1f42c5adf979','25','2016-01-27 15:40:52',0,'2016-04-22 14:02:54'),('730f1228-bb7f-463c-bfc6-a0e57e7bd9a5','3e6346a3-f942-4567-bf2a-926117022fbf','26','2016-01-27 16:58:12',1,NULL),('75399e4d-5ef1-4324-903b-9c0c13bfcbb3','3e6346a3-f942-4567-bf2a-926117022fbf','27','2016-01-29 16:51:07',1,NULL),('79ce472a-a510-490a-8c51-2bcc8f237520','3e6346a3-f942-4567-bf2a-926117022fbf','30','2016-01-29 16:54:51',1,NULL),('7d38f24e-be0c-4839-9512-cdd2b895ca8e','57390b0c-b06a-4e30-b8e9-1f42c5adf979','16','2016-01-19 13:13:00',0,'2016-04-22 14:02:54'),('7ea1106d-3ee6-4fd4-806f-42d0d1c62634','3e6346a3-f942-4567-bf2a-926117022fbf','32','2016-03-01 09:19:54',1,NULL),('807674ae-98e7-4090-ad6a-6607523fc063','3e6346a3-f942-4567-bf2a-926117022fbf','17','2016-01-19 13:12:37',1,NULL),('81482fc3-d887-41b6-b6c5-5b924fc70408','3e6346a3-f942-4567-bf2a-926117022fbf','35','2016-03-01 09:19:54',1,NULL),('816bdc49-84a1-4268-bacf-e4f56a9495bf','3e6346a3-f942-4567-bf2a-926117022fbf','2','2016-01-13 09:35:42',1,NULL),('8204c1b6-4e88-4c71-a534-22019e0ead36','57390b0c-b06a-4e30-b8e9-1f42c5adf979','201','2016-01-29 16:21:23',0,'2016-04-22 14:02:54'),('82e77ea1-1fb6-4e46-ba1f-2f2914bfe945','1','14','2016-01-19 13:12:55',1,NULL),('83661379-0938-411d-a279-3537c281c889','3e6346a3-f942-4567-bf2a-926117022fbf','31','2016-01-29 16:54:51',1,NULL),('847c5634-26da-4184-9067-700f7a1e83c3','57390b0c-b06a-4e30-b8e9-1f42c5adf979','19','2016-01-23 11:19:26',0,'2016-04-22 14:02:54'),('85dddacb-1942-4d4b-a04a-4ef7b1c392dd','57390b0c-b06a-4e30-b8e9-1f42c5adf979','32','2016-03-14 08:59:10',1,NULL),('8a65c5e0-eec9-429a-958c-f6bf3babb2d1','57390b0c-b06a-4e30-b8e9-1f42c5adf979','18','2016-01-19 13:29:29',0,'2016-04-22 14:02:54'),('8ba076bd-e8fc-4ae0-9b70-32e4fd6f7a56','1','13','2016-01-19 13:12:55',1,NULL),('8df44e23-e7ae-4899-8685-542f7d808fce','3e6346a3-f942-4567-bf2a-926117022fbf','9','2016-01-19 13:12:37',1,NULL),('954009a2-2f26-4a75-8799-5772d25c76d9','57390b0c-b06a-4e30-b8e9-1f42c5adf979','21','2016-01-23 14:55:49',0,'2016-04-22 14:02:54'),('9613b6dc-70ba-49cc-86fe-326ae9b4929b','57390b0c-b06a-4e30-b8e9-1f42c5adf979','33','2016-03-14 08:59:10',0,'2016-04-22 14:02:54'),('9b9169aa-45f4-477b-910a-c7e1a5d26c78','3e6346a3-f942-4567-bf2a-926117022fbf','34','2016-03-01 09:19:54',1,NULL),('9ba85645-8fed-4548-9c52-a6871b94c904','1','10','2016-01-19 13:12:55',1,NULL),('a1287ae0-247e-4014-9568-bfa7116b649b','3e6346a3-f942-4567-bf2a-926117022fbf','18','2016-01-19 13:28:33',1,NULL),('a1f8e99a-e683-40ed-9bc7-ead3a5e3c78e','57390b0c-b06a-4e30-b8e9-1f42c5adf979','14','2016-01-19 13:13:00',0,'2016-04-22 14:02:54'),('a366d22a-d551-4408-805e-d5127ca03fce','3e6346a3-f942-4567-bf2a-926117022fbf','28','2016-01-29 16:51:07',1,NULL),('a847a0a1-39b3-4470-bb91-d8326eb295ba','1','3','2016-01-19 13:12:55',1,NULL),('a8687a02-5c04-4c48-8216-441c26cfbd88','57390b0c-b06a-4e30-b8e9-1f42c5adf979','13','2016-01-18 09:49:01',0,'2016-04-22 14:02:54'),('aa79dc49-ca9a-4473-8f75-eafbdfe532e1','57390b0c-b06a-4e30-b8e9-1f42c5adf979','8','2016-01-13 17:57:45',0,'2016-04-22 14:02:54'),('af0b22b7-c708-433e-af9c-e394711a53ea','1','7','2016-01-19 13:12:55',1,NULL),('af2ce1a3-c5ff-4367-b502-a692de358e7d','3e6346a3-f942-4567-bf2a-926117022fbf','13','2016-01-19 13:12:37',1,NULL),('af7ee762-6fdb-4194-8c95-4ca9aaef7d2b','57390b0c-b06a-4e30-b8e9-1f42c5adf979','26','2016-01-27 15:40:52',0,'2016-04-22 14:02:54'),('b19a5ccf-0726-48f0-bc16-3f559cd39fce','1','201','2016-01-29 16:55:27',1,NULL),('bbf2a73e-265f-4aad-a8f4-a6f25033b69e','3e6346a3-f942-4567-bf2a-926117022fbf','100','2016-01-23 11:22:39',1,NULL),('bc603d89-f808-4d2f-8645-9a4ea39b3e20','1','28','2016-01-29 16:55:27',1,NULL),('bcf147f2-a689-4a85-bb4f-6968396f74cb','3e6346a3-f942-4567-bf2a-926117022fbf','201','2016-01-29 16:54:45',1,NULL),('c5c1b989-36aa-4af3-a685-d5dd43bf4784','57390b0c-b06a-4e30-b8e9-1f42c5adf979','34','2016-03-14 08:59:10',1,NULL),('cb86bb9f-cd76-4027-b821-62bc366815f3','57390b0c-b06a-4e30-b8e9-1f42c5adf979','29','2016-01-29 13:17:19',0,'2016-04-22 14:02:54'),('cd9427ed-627c-4f21-bb29-8cec8ac4246f','1','17','2016-01-19 13:12:55',1,NULL),('d0c5c466-8e28-4c04-b5da-7126fa143e92','3e6346a3-f942-4567-bf2a-926117022fbf','25','2016-01-27 16:58:12',1,NULL),('d110814a-1d98-4791-9f4d-3f8814e95fbd','1','12','2016-01-19 13:12:55',1,NULL),('d5e2239c-b434-4091-affe-7f306a66b9a6','1','8','2016-01-19 13:12:55',1,NULL),('d9b62fb9-d537-4663-9d1b-cd96f940791b','3e6346a3-f942-4567-bf2a-926117022fbf','301','2016-03-24 10:18:49',1,NULL),('d9f8e279-c667-4ed3-9da5-68726a70a9a3','3e6346a3-f942-4567-bf2a-926117022fbf','7','2016-01-19 13:12:37',1,NULL),('e09ebd91-75ce-44e7-aa5c-75f0e5ca3d8e','3e6346a3-f942-4567-bf2a-926117022fbf','19','2016-01-23 11:19:20',1,NULL),('e1123e4e-09e7-41cb-9b01-beb9811a8ef9','1','18','2016-01-25 18:13:36',1,NULL),('e34e28d3-28b5-4003-83c8-22e933691350','3e6346a3-f942-4567-bf2a-926117022fbf','1','2016-01-13 09:35:41',1,NULL),('e6937909-1991-49f8-a6f2-c6500ff4c049','1','15','2016-01-19 13:12:55',1,NULL),('e9a6acc4-9080-48dd-9a38-1715e338f22e','1','21','2016-01-25 18:13:36',1,NULL),('e9e5df72-fff5-46c5-89cd-8ad49e68f88a','57390b0c-b06a-4e30-b8e9-1f42c5adf979','22','2016-01-25 17:40:54',0,'2016-04-22 14:02:54'),('ea807bd4-2ac5-42ad-8480-c291fb60c6ea','1','27','2016-01-29 16:55:27',1,NULL),('ec1fdae5-9df7-42f8-a51c-e1887f408b4b','3e6346a3-f942-4567-bf2a-926117022fbf','23','2016-01-27 14:33:11',1,NULL),('edfc12ae-22c8-48d6-a014-549e8bbf4d27','57390b0c-b06a-4e30-b8e9-1f42c5adf979','35','2016-03-14 08:59:10',0,'2016-04-22 14:02:54'),('eeb6e559-f8f6-44fb-9b5c-1a56fa7df55e','57390b0c-b06a-4e30-b8e9-1f42c5adf979','300','2016-03-16 16:01:21',1,NULL),('f1c9dedc-2750-4948-b309-b1411c9980fa','3e6346a3-f942-4567-bf2a-926117022fbf','4','2016-01-13 09:35:42',1,NULL),('f46f6a20-9707-47a8-b714-686cbd644c80','3e6346a3-f942-4567-bf2a-926117022fbf','22','2016-01-25 18:13:27',1,NULL),('faf3555d-2aff-4664-943c-c4f418ab5909','1','31','2016-01-29 16:55:27',1,NULL),('fc1e7062-de01-4ad2-9939-6fd69f4ac7d6','57390b0c-b06a-4e30-b8e9-1f42c5adf979','17','2016-01-19 13:13:00',0,'2016-04-22 14:02:54'),('fedd496d-8dc7-476d-8d09-d0251d4c3646','1','16','2016-01-19 13:12:55',1,NULL);

/*Table structure for table `sst_banner` */

DROP TABLE IF EXISTS `sst_banner`;

CREATE TABLE `sst_banner` (
  `id` varchar(36) NOT NULL COMMENT '主键id',
  `title` varchar(100) DEFAULT NULL COMMENT '标题',
  `en_title` varchar(100) DEFAULT NULL,
  `img` varchar(200) DEFAULT NULL COMMENT '图片路径',
  `pic` varchar(200) DEFAULT NULL,
  `url` varchar(200) DEFAULT NULL COMMENT '图片跳转路径',
  `create_admin_id` varchar(36) DEFAULT NULL COMMENT '创建者id',
  `create_admin_name` varchar(20) DEFAULT NULL COMMENT '创建者名称',
  `update_admin_id` varchar(36) DEFAULT NULL COMMENT '更新者id',
  `update_admin_name` varchar(20) DEFAULT NULL COMMENT '更新者名称',
  `create_time` datetime DEFAULT NULL COMMENT '创建时间',
  `last_update_time` datetime DEFAULT NULL COMMENT '最后更新时间',
  `stat` int(1) DEFAULT NULL COMMENT '数据状态',
  `note` text COMMENT '描述信息',
  `type` int(1) DEFAULT NULL COMMENT '类型:1:新闻;2助手',
  PRIMARY KEY (`id`)
) ENGINE=InnoDB DEFAULT CHARSET=utf8 COMMENT='轮播图片';

/*Data for the table `sst_banner` */

insert  into `sst_banner`(`id`,`title`,`en_title`,`img`,`pic`,`url`,`create_admin_id`,`create_admin_name`,`update_admin_id`,`update_admin_name`,`create_time`,`last_update_time`,`stat`,`note`,`type`) values ('014979ac-8a5e-47e4-9795-c6da7c8eb563','bbb',NULL,'\\upload\\20160129\\c108b2c5b8464f1d925a1e7e377eae69.jpg',NULL,'bbbb',NULL,NULL,NULL,NULL,'2016-01-29 17:55:59','2016-04-12 15:58:28',0,'',2),('141e9364-ded7-4137-9a5a-689ea28e52f0','cc',NULL,'\\upload\\20160226\\c44d6541fdec4ad7ab07c4775e4963d8.jpg',NULL,'cc','3e6346a3-f942-4567-bf2a-926117022fbf','jam',NULL,NULL,'2016-02-26 10:01:46','2016-03-30 15:02:35',0,'',2),('19b4bc52-7b9e-435b-a5c3-ae28137c5ab6','周一',NULL,'\\upload\\20160201\\92b6cc27aedc47bd8a5f001eb6903d0e.jpg',NULL,'周一周一周一周一周一周一周一','3e6346a3-f942-4567-bf2a-926117022fbf','jam',NULL,NULL,'2016-02-01 10:30:53','2016-03-30 15:02:35',0,'',1),('212375f7-d923-4ff0-b303-e5edaebce505','4',NULL,'\\upload\\20160129\\077f7d9fc3b642ada3bca1c732c9e7e1.jpg',NULL,'asd asd',NULL,NULL,NULL,NULL,'2016-01-29 17:56:27','2016-04-12 15:58:28',0,'',2),('2acfdf08-bd46-4544-a4f5-a3dd88d13015','期待宙斯',NULL,'\\upload\\20160201\\488f5a01f9474cd8ba959df3359f96aa.jpg',NULL,'期待宙斯','3e6346a3-f942-4567-bf2a-926117022fbf','jam',NULL,NULL,'2016-02-01 10:58:57','2016-03-30 15:02:35',0,'',1),('331cb9dc-8c14-4108-ba20-460bd377b54c','2',NULL,'\\upload\\20160129\\330a143418784d8e86f5b820c42e5b47.jpg',NULL,'222',NULL,NULL,NULL,NULL,'2016-01-29 17:41:32','2016-03-30 15:02:42',0,NULL,NULL),('45a944af-cce5-4f32-8de4-c8ef78bb8c49','4','four','\\upload\\20160129\\4437e2efcaf6412ab4315873592bcfde.jpg','\\upload\\20160401\\bc736ab1fb3941f693deda20f19035e9.jpg','444',NULL,NULL,NULL,NULL,'2016-01-29 17:57:14','2016-04-12 15:58:28',0,'<p>1`111</p>',1),('7009ba3d-c1e1-477c-a3d8-5bc2d88c051f','d1',NULL,'\\upload\\20160226\\616c9f73fcfa4d9cb19afc23ed6638b9.jpg',NULL,'ddd1','3e6346a3-f942-4567-bf2a-926117022fbf','jam',NULL,NULL,'2016-02-26 10:02:20','2016-03-30 15:02:35',0,'',1),('75ee723d-96a3-4453-83d7-22eadda86f80','1',NULL,'\\upload\\20160129\\dc4d6a07687e413cbd111f8a4304976e.jpg',NULL,'1',NULL,NULL,NULL,NULL,'2016-01-29 17:41:16','2016-03-30 15:02:42',0,'',NULL),('7afc2e19-9fbe-4f7b-89f8-bfdf38d41bb0','3',NULL,'\\upload\\20160129\\a658843ba20e4f919250c61b229c121f.jpg',NULL,'333',NULL,NULL,NULL,NULL,'2016-01-29 17:45:06','2016-03-30 15:02:42',0,'',NULL),('8097a4bf-e6bf-45bd-8764-1efe489b21b5','aa',NULL,'\\upload\\20160226\\605e4ab771a5415a9e74ace0dfd8915c.jpg',NULL,'aaa','3e6346a3-f942-4567-bf2a-926117022fbf','jam',NULL,NULL,'2016-02-26 09:27:14','2016-03-30 15:02:35',0,'',2),('86fde966-ec59-46c7-baeb-e3c497f00a0b','4aaaaaaaaaaaaaaaaa',NULL,'\\upload\\20160201\\65ca2fe79fca4fb3aace5bc9f77a43ff.jpg',NULL,'444aaaaaaaaaaaaaaaaaaaaaaaaaaaa',NULL,NULL,NULL,NULL,'2016-01-29 17:57:26','2016-03-30 15:02:35',0,'',1),('e0bdef36-820c-4371-9d5d-73b3863d8927','4',NULL,'\\upload\\20160129\\8159ae1634e24606bb0f2cd3e936714f.jpg',NULL,'444',NULL,NULL,NULL,NULL,'2016-01-29 17:47:49','2016-03-30 15:02:42',0,'',NULL);

/*Table structure for table `sst_competition` */

DROP TABLE IF EXISTS `sst_competition`;

CREATE TABLE `sst_competition` (
  `id` varchar(36) NOT NULL COMMENT '主键id',
  `title` varchar(40) DEFAULT NULL COMMENT '标题',
  `content` text COMMENT '内容',
  `icon` varchar(200) DEFAULT NULL COMMENT '缩略图',
  `start_date` date DEFAULT NULL COMMENT '开始日期',
  `end_date` date DEFAULT NULL COMMENT '结束日期',
  `is_closed` int(1) DEFAULT '0' COMMENT '报名是否截止(0-未截止,1已截止)',
  `comp_type` int(1) DEFAULT NULL COMMENT '赛事状态:0表示未开始,1表示进行中,2表示已结束',
  `create_admin_id` varchar(36) DEFAULT NULL COMMENT '创建者id',
  `create_admin_name` varchar(20) DEFAULT NULL COMMENT '创建者姓名',
  `update_admin_id` varchar(36) DEFAULT NULL COMMENT '更新者id',
  `update_admin_name` varchar(20) DEFAULT NULL COMMENT '更新者姓名',
  `create_time` datetime DEFAULT NULL COMMENT '创建时间',
  `last_update_time` datetime DEFAULT NULL COMMENT '最后更新时间',
  `stat` int(1) DEFAULT NULL COMMENT '数据状态',
  PRIMARY KEY (`id`)
) ENGINE=InnoDB DEFAULT CHARSET=utf8 COMMENT='赛事';

/*Data for the table `sst_competition` */

insert  into `sst_competition`(`id`,`title`,`content`,`icon`,`start_date`,`end_date`,`is_closed`,`comp_type`,`create_admin_id`,`create_admin_name`,`update_admin_id`,`update_admin_name`,`create_time`,`last_update_time`,`stat`) values ('05ab432c-67ec-42bb-8ef7-1bac55f28976','凯瑟琳','<p>凯瑟琳好样哒</p>',NULL,NULL,NULL,1,NULL,NULL,NULL,NULL,NULL,'2016-01-19 16:00:50','2016-01-28 17:59:00',1),('076fa808-52e0-44e3-9ae3-4eaf44ed4186','老五','<p>老五老五老五老五老五老五老五</p>','\\upload\\20160120\\f1a9016be2ca4631861bb485a1f37a71.jpg','2016-01-20','2016-01-21',0,1,NULL,NULL,NULL,NULL,'2016-01-20 16:03:18','2016-01-28 17:53:31',1),('1','精彩赛事111','<p>西甲夺冠之战11</p>','\\upload\\20160120\\d0c86c2146de4ad388180cd026a212e5.jpg','2016-01-18','2016-01-19',1,2,'111111','Tiny','222222','小小','2016-01-20 14:13:20','2016-01-20 17:22:15',1),('40d5b169-7b87-4411-9d1a-7dbb63b052c4','今天是周二,天气不错','<p>处处太阳照<br/></p>',NULL,NULL,NULL,1,NULL,NULL,NULL,NULL,NULL,'2016-01-19 15:09:52','2016-01-20 11:34:10',0),('422c5980-b624-4bd2-8184-a594149dcc17','老四','<p>老四老四老四老四老四老四老四老四老四老四</p>','\\upload\\20160120\\7c53e066f36f44ca8a36e68894cf70b1.jpg','2016-01-06','2016-01-07',1,1,NULL,NULL,NULL,NULL,'2016-01-20 16:02:42',NULL,1),('4aa4250e-d01e-4610-80d2-ce20e8be3ab6','11','<p>11</p>','\\upload\\20160201\\0f18f6de1a954ba9a4bd467128c13f33.jpg','2016-02-01','2016-02-02',0,0,'3e6346a3-f942-4567-bf2a-926117022fbf','jam',NULL,NULL,'2016-02-01 11:58:35',NULL,1),('69a44c2b-9a7d-4044-a2b1-9f9f121aadbe','O(∩_∩)O哈哈~','<p>O(∩_∩)O哈哈~O(∩_∩)O哈哈~O(∩_∩)O哈哈~O(∩_∩)O哈哈~</p>',NULL,'2016-01-19','2016-01-20',1,NULL,NULL,NULL,NULL,NULL,'2016-01-19 16:06:05',NULL,1),('725112ab-5f07-4954-9013-4772ce4a6e62','老三','<p>老三老三老三老三老三老三老三老三老三老三老三老三老三老三老三老三老三老三</p>','\\upload\\20160120\\0b8305a0265d40f2b294b3ae26087d40.jpg','2016-01-20','2016-01-21',1,1,NULL,NULL,NULL,NULL,'2016-01-20 16:02:17','2016-01-21 09:43:55',0),('822a7636-e48e-4e23-b19a-09e0a3a8209c','as','<p>as asd asd das <br/></p>','\\upload\\20160120\\429ca3fd43854c7a8b7b2800f353b882.jpg','2016-01-20','2015-12-30',1,NULL,NULL,NULL,NULL,NULL,'2016-01-20 10:42:29','2016-01-20 11:40:53',0),('963594ae-6744-4621-88ec-cdf43a2e088d','傻傻地','<p>傻傻地傻傻地傻傻地傻傻地</p>','\\upload\\20160120\\015d4cbf794d4ce49c5c4fe12c2cee0f.jpg','2016-01-20','2016-01-21',1,2,NULL,NULL,NULL,NULL,'2016-01-20 11:26:39',NULL,1),('96b7a17f-36c7-4428-8b0c-3c8f1ddbcdbb','赛起手2211','<p>赛起手赛起手赛起手赛起手赛起手赛起手</p>','\\upload\\20160121\\879c9571994f4f84a80a04a25e842e72.jpg','2016-01-02','2016-01-02',1,1,NULL,NULL,NULL,NULL,'2016-01-21 09:27:29','2016-01-28 17:58:41',1),('a84b7793-7b01-4fe6-b609-07671bf4b27d','精彩赛事33','<p>西甲夺冠之战33</p>','\\upload\\20160121\\e7f04210397542d998b7591c25a777a6.jpg','2015-12-31','2016-01-02',1,0,NULL,NULL,NULL,NULL,'2016-01-20 17:17:36','2016-01-28 17:58:52',1),('b2b4a9a8-012d-41fe-bbde-02cb6ca6c6a1','周一','<p>周一周一周一周一周一周一</p>','\\upload\\20160201\\f71bdbd3e92e4a3ea4e00448b5a64a80.jpg','2016-02-01','2016-02-02',0,0,'3e6346a3-f942-4567-bf2a-926117022fbf','jam',NULL,NULL,'2016-02-01 10:33:03',NULL,1),('b452cc8e-2a68-46ce-9bdd-4ba032261f11','老大','<p>老大大<span style=\"white-space: normal;\">大大</span><span style=\"white-space: normal;\">大大</span><span style=\"white-space: normal;\">大大</span><span style=\"white-space: normal;\">大大</span><span style=\"white-space: normal;\">大大</span><span style=\"white-space: normal;\">大大</span><span style=\"white-space: normal;\">大大</span><span style=\"white-space: normal;\">大大</span><span style=\"white-space: normal;\">大大</span><span style=\"white-space: normal;\">大大</span><span style=\"white-space: normal;\">大大</span><span style=\"white-space: normal;\">大大</span><span style=\"white-space: normal;\">大大</span><span style=\"white-space: normal;\">大大</span><span style=\"white-space: normal;\">大大</span><span style=\"white-space: normal;\">大大</span><span style=\"white-space: normal;\">大大</span></p>','\\upload\\20160120\\314c9f1910504a2eb6278a5edb11bfa8.jpg','2016-01-20','2016-01-21',1,0,NULL,NULL,NULL,NULL,'2016-01-20 15:47:56',NULL,1),('d85621ad-4720-4515-8795-81033707bdcb','老刘','<p>老刘老刘老刘老刘老刘老刘老刘老刘老刘老刘老刘老刘老刘老刘老刘老刘老刘老刘老刘</p>','\\upload\\20160120\\a6134c31b18e40e29ef9f2ec3690c19b.jpg','2016-01-20','2016-01-21',0,2,NULL,NULL,NULL,NULL,'2016-01-20 16:04:20','2016-01-28 17:53:24',1),('e625318f-9c57-4c42-92ab-a7b39539ab81',NULL,'<p>阿萨德阿萨德按时按时阿阿萨德</p>','\\upload\\20160120\\ee430e1a6d544c5e95c22e9c10d4e5b7.jpg','2016-01-20','2016-01-21',1,1,NULL,NULL,NULL,NULL,'2016-01-20 16:19:05','2016-01-28 17:58:54',1),('e95c1843-baf7-470d-aa02-ebdd1061074b','老二','<p>老二老二老二老二老二老二老二老二老二老二老二老二老二老二老二老二老二老二老二老二</p>','\\upload\\20160120\\403a8e1c97494820bf29aa3ae27400d9.jpg','2016-01-20','2016-01-21',1,1,NULL,NULL,NULL,NULL,'2016-01-20 16:01:04','2016-01-21 09:43:55',0),('eb17c3fd-ad77-4474-a145-8a6f11f76f64','星期三','<p>星期三天气晴朗</p>','\\upload\\20160120\\1a8809cae83247399f25fcdbc0427fd2.jpg','2016-01-20','2016-01-21',1,1,NULL,NULL,NULL,NULL,'2016-01-20 10:26:05','2016-01-20 17:29:14',1),('edf136cc-286a-4765-b0c0-e623764fbce1','上海业余足球超级杯联赛','<p>阿斯顿<br/></p>','\\upload\\20160321\\50acbab8bed94d01ab56a9f7cb863ac3.jpg','2016-03-21','2016-04-30',0,0,NULL,NULL,NULL,NULL,'2016-01-19 15:38:58','2016-03-21 13:06:10',1);

/*Table structure for table `sst_competition_apply` */

DROP TABLE IF EXISTS `sst_competition_apply`;

CREATE TABLE `sst_competition_apply` (
  `id` varchar(36) NOT NULL COMMENT '主键id',
  `comp_id` varchar(36) DEFAULT NULL COMMENT '赛事id',
  `comp_name` varchar(36) DEFAULT NULL COMMENT '赛事名称',
  `team_id` varchar(36) DEFAULT NULL COMMENT '球队id',
  `team_icon` varchar(200) DEFAULT NULL COMMENT '球队图标',
  `team_name` varchar(36) DEFAULT NULL COMMENT '球队名称',
  `contacts` varchar(20) DEFAULT NULL COMMENT '联系人',
  `mobile` varchar(20) DEFAULT NULL COMMENT '联系电话',
  `audit_type` int(1) DEFAULT '0' COMMENT '审核状态(0-未审核,1-通过,2-拒绝)',
  `create_user_id` varchar(36) DEFAULT NULL COMMENT '申请人id',
  `create_user_name` varchar(20) DEFAULT NULL COMMENT '申请人',
  `audit_user_id` varchar(36) DEFAULT NULL COMMENT '审核人id',
  `audit_user_name` varchar(20) DEFAULT NULL COMMENT '审核人',
  `create_time` datetime DEFAULT NULL,
  `last_update_time` datetime DEFAULT NULL,
  `stat` int(1) DEFAULT '1',
  PRIMARY KEY (`id`)
) ENGINE=InnoDB DEFAULT CHARSET=utf8 COMMENT='赛事报名表';

/*Data for the table `sst_competition_apply` */

insert  into `sst_competition_apply`(`id`,`comp_id`,`comp_name`,`team_id`,`team_icon`,`team_name`,`contacts`,`mobile`,`audit_type`,`create_user_id`,`create_user_name`,`audit_user_id`,`audit_user_name`,`create_time`,`last_update_time`,`stat`) values ('07119787-1b87-44b8-a86d-5aa1b885857e','1','精彩赛事111','819ac90a-42a9-4087-ac4b-6698eebe11dd','\\upload\\20160126\\21f01d5b1ffb4208b53046c7a5b0ced7.jpg','恒大','we35w34w','323232112',0,NULL,NULL,NULL,NULL,'2016-01-26 14:56:29',NULL,1),('1','05ab432c-67ec-42bb-8ef7-1bac55f28976','凯瑟琳','1',NULL,'1号球队','WX','1872221421363',1,'','','','','2016-01-23 12:00:00','2016-01-26 09:20:24',1),('15f2d2fb-9541-41cb-9d83-c3c63cc3fbd5','963594ae-6744-4621-88ec-cdf43a2e088d','傻傻地','828765ae-f509-4a85-bd3b-4dc4c1f7ce46','\\upload\\20160126\\88d110ef0f1e418888f8160ff936bf4a.jpg','22','we35w34w','323232112',1,NULL,NULL,NULL,NULL,'2016-01-26 14:19:15','2016-01-26 14:19:31',1),('1b77b1b1-6b9f-4ae7-9f99-e502cb977d19','076fa808-52e0-44e3-9ae3-4eaf44ed4186','老五','0a80313f-6f94-483a-a758-177138aa21d6','\\upload\\20160126\\92956c64891045c6bde3c84642750b4e.jpg','77','we35w34w','323232112',0,NULL,NULL,NULL,NULL,'2016-01-26 14:41:12','2016-01-26 15:01:36',1),('1dcb2d1c-7b20-4338-82e5-1f93556d9e95','1','精彩赛事111','819ac90a-42a9-4087-ac4b-6698eebe11dd','\\upload\\20160126\\34e34ba143e84788a29e8823b46cda3c.jpg','恒大','we35w3玩儿4w','323232112',0,NULL,NULL,NULL,NULL,'2016-01-26 14:56:57','2016-01-26 15:01:22',1),('282f3723-2d7f-4796-8fef-2c0c54043e42','963594ae-6744-4621-88ec-cdf43a2e088d','傻傻地','0a80313f-6f94-483a-a758-177138aa21d6','\\upload\\20160126\\98206525c0f04ea783091ec47f6161dd.jpg','77','we35w34w','323232112',0,NULL,NULL,NULL,NULL,'2016-01-26 14:40:53','2016-01-26 15:02:02',1),('3','05ab432c-67ec-42bb-8ef7-1bac55f28976','凯瑟琳','1',NULL,'1号球队','WX','1872221421363',2,'','','','','2016-01-23 12:00:00','2016-01-26 09:20:24',1),('39b8d658-a970-4261-b638-b541de529600','963594ae-6744-4621-88ec-cdf43a2e088d','凯瑟琳','819ac90a-42a9-4087-ac4b-6698eebe11dd',NULL,'77','rrr','rrrr',0,NULL,NULL,NULL,NULL,'2016-01-26 13:55:18','2016-01-26 13:56:48',0),('53d2cde1-5505-42d3-9f30-6f00450dd77c','1','精彩赛事111','2','\\upload\\20160126\\af444ec11674426fbd9350116be8480d.jpg','二号球队','sad','asd asd',0,NULL,NULL,NULL,NULL,'2016-01-26 14:18:42',NULL,1),('5a7e7315-3735-496d-a775-5be4a97a4c30','05ab432c-67ec-42bb-8ef7-1bac55f28976','凯瑟琳','0a80313f-6f94-483a-a758-177138aa21d6','\\upload\\20160126\\bb801c2d00474902b0b9a7d38f561828.jpg','77','ggggg','ggggggg',0,NULL,NULL,NULL,NULL,'2016-01-26 14:14:10',NULL,1),('609926d3-4bc2-47e4-86dc-c85b6758b66a','05ab432c-67ec-42bb-8ef7-1bac55f28976','凯瑟琳','1',NULL,'一号球队','asd asd','asd ads ads',0,NULL,NULL,NULL,NULL,'2016-01-26 14:07:01',NULL,1),('67e492db-09a1-4499-90e0-2f878649c236','4aa4250e-d01e-4610-80d2-ce20e8be3ab6',NULL,'0bc20f4d-8028-4565-96d9-eedfaeebed82','\\upload\\20160317\\49dde6fd1c1a41a0a9a311cc01ec79e6.jpg','123','juju_e8721','15221235675',0,'a3efc072-0142-4fff-b951-3adc659a70c9','juju_e8721',NULL,NULL,'2016-03-17 11:09:59',NULL,1),('6feb0295-7458-4d1b-ad19-a59c48f2057a','b2b4a9a8-012d-41fe-bbde-02cb6ca6c6a1',NULL,'0bc20f4d-8028-4565-96d9-eedfaeebed82',NULL,'123','juju_e8721','15221235675',0,'a3efc072-0142-4fff-b951-3adc659a70c9','juju_e8721',NULL,NULL,'2016-03-17 11:13:57',NULL,1),('7300dfd6-1250-4931-a4f7-7b90dc18b3fd','05ab432c-67ec-42bb-8ef7-1bac55f28976','凯瑟琳','0a80313f-6f94-483a-a758-177138aa21d6',NULL,'77','uuu','uuuuuuuuu',0,NULL,NULL,NULL,NULL,'2016-01-26 14:11:41',NULL,1),('76600ccc-e0ca-49a2-8ae4-31951c2073b7','1','精彩赛事111','819ac90a-42a9-4087-ac4b-6698eebe11dd','\\upload\\20160126\\b700d5c7b4f844bb9d41a3ca186b2223.jpg','恒大','we35w34w','323232112',0,NULL,NULL,NULL,NULL,'2016-01-26 14:42:58',NULL,1),('7c6d292e-ab5b-4e5e-a335-6d0496cc002e','1','精彩赛事111','819ac90a-42a9-4087-ac4b-6698eebe11dd','\\upload\\20160126\\478de795ef3c4175afe0a29946fea996.jpg','恒大','we35w34w','323232112',0,NULL,NULL,NULL,NULL,'2016-01-26 14:41:24','2016-01-26 15:01:52',1),('813f957b-09e7-423b-a4dd-2af18311f4e5','1','精彩赛事111','0a80313f-6f94-483a-a758-177138aa21d6','','77','1212','12412',0,NULL,NULL,NULL,NULL,'2016-01-28 10:52:32',NULL,1),('8176ef59-bd31-4d3e-8da0-5e761265f124','422c5980-b624-4bd2-8184-a594149dcc17',NULL,'ead0cb09-c6b7-4a94-9d44-4b26a7f4a779',NULL,NULL,'444','4444',0,NULL,NULL,NULL,NULL,'2016-01-26 13:35:25','2016-01-26 14:06:31',0),('8e1d9160-77b7-40a5-b375-cd75c954aa00','1','精彩赛事111','819ac90a-42a9-4087-ac4b-6698eebe11dd','\\upload\\20160126\\b700d5c7b4f844bb9d41a3ca186b2223.jpg','恒大','we35w34w','323232112',0,NULL,NULL,NULL,NULL,'2016-01-26 14:43:03',NULL,1),('9056a5fd-ab89-466a-b699-8369e6a1b6e4','05ab432c-67ec-42bb-8ef7-1bac55f28976','凯瑟琳','819ac90a-42a9-4087-ac4b-6698eebe11dd','\\upload\\20160126\\0b4a9846d4d141bea07ea5cec7e73fd9.jpg','恒大','asd','wqq1212121',2,NULL,NULL,NULL,NULL,'2016-01-26 14:19:00','2016-01-26 14:19:36',1),('99d4c8bc-6f41-4f4d-975f-0a13a82a595d','963594ae-6744-4621-88ec-cdf43a2e088d','傻傻地','819ac90a-42a9-4087-ac4b-6698eebe11dd','\\upload\\20160201\\b529c0cb3f984bfc8d9736fc119460b7.jpg','恒大','阿萨德','1301217133',0,'3e6346a3-f942-4567-bf2a-926117022fbf','jam',NULL,NULL,'2016-02-01 10:32:21',NULL,1),('9a734766-51ab-463e-b8d5-6f3708c6d882','1','精彩赛事111','819ac90a-42a9-4087-ac4b-6698eebe11dd',NULL,'恒大','jjj','jjjjjjjjjjjjjj',0,NULL,NULL,NULL,NULL,'2016-01-26 14:09:14',NULL,1),('b772c353-c6bd-4efd-81d2-3cdea355e996','1','精彩赛事111','0a80313f-6f94-483a-a758-177138aa21d6','','77','我','请问',0,NULL,NULL,NULL,NULL,'2016-01-28 10:52:23',NULL,1),('bd3d3573-988b-4882-ba15-778132cb3e28','963594ae-6744-4621-88ec-cdf43a2e088d','凯瑟琳','0a80313f-6f94-483a-a758-177138aa21d6',NULL,'77','777','7777',0,NULL,NULL,NULL,NULL,'2016-01-26 13:50:46',NULL,1),('cfb04c03-042e-4034-be8b-373b47f32f25','1','精彩赛事111','0a80313f-6f94-483a-a758-177138aa21d6','','77','123424','42635',1,NULL,NULL,NULL,NULL,'2016-01-28 10:52:41','2016-01-28 17:53:49',1),('e0aec0aa-3260-488d-8882-f221e2fb7068',NULL,NULL,'9807d231-e9e7-4dcf-9bee-197de3edfe0b',NULL,NULL,'555','5555',0,NULL,NULL,NULL,NULL,'2016-01-26 13:31:20','2016-01-26 14:06:31',0),('e412bbf7-4e0d-44fa-afaf-77e75b64467c','05ab432c-67ec-42bb-8ef7-1bac55f28976','凯瑟琳','0a80313f-6f94-483a-a758-177138aa21d6','\\upload\\20160201\\863f5a97e5574a98a490a8ae0ba02ba0.jpg','77','asdasd asd as','13012817029',0,'3e6346a3-f942-4567-bf2a-926117022fbf','jam',NULL,NULL,'2016-02-01 11:46:44',NULL,1),('e68301dc-475d-4295-ae4f-bb5bcb81baf5','963594ae-6744-4621-88ec-cdf43a2e088d','傻傻地','2','\\upload\\20160126\\b670c3d3dfb046a78fffc679b754949b.jpg','二号球队','23523523','412432',0,NULL,NULL,NULL,NULL,'2016-01-26 14:56:44',NULL,1),('f3b264a9-c9eb-46fb-a5d2-4c450f37749b','1','精彩赛事111','2',NULL,'二号球队','tt','tttt',0,NULL,NULL,NULL,NULL,'2016-01-26 13:56:41',NULL,1);

/*Table structure for table `sst_competition_match` */

DROP TABLE IF EXISTS `sst_competition_match`;

CREATE TABLE `sst_competition_match` (
  `id` varchar(36) NOT NULL COMMENT '主键id',
  `comp_id` varchar(36) DEFAULT NULL COMMENT '赛事id',
  `comp_name` varchar(20) DEFAULT NULL COMMENT '赛事名称',
  `cround_id` varchar(36) DEFAULT NULL COMMENT '赛事场次id',
  `cround_name` varchar(20) DEFAULT NULL COMMENT '赛事场次名称',
  `home_team_id` varchar(36) DEFAULT NULL COMMENT '主场球队id',
  `home_team_icon` varchar(200) DEFAULT NULL COMMENT '主场球队图标',
  `home_team_name` varchar(20) DEFAULT NULL COMMENT '主场球队名称',
  `visiting_team_id` varchar(36) DEFAULT NULL COMMENT '客场球队id',
  `visiting_team_icon` varchar(200) DEFAULT NULL COMMENT '客场球队图标',
  `visiting_team_name` varchar(20) DEFAULT NULL COMMENT '客场球队名',
  `match_type` int(1) DEFAULT NULL COMMENT '比赛状态(0-未开始,1-进行中,2-已结束)',
  `match_time` datetime DEFAULT NULL COMMENT '比赛时间',
  `home_score` int(2) DEFAULT NULL COMMENT '主场得分',
  `visiting_score` int(2) DEFAULT NULL COMMENT '客场得分',
  `address` varchar(200) DEFAULT NULL COMMENT '地点',
  `people_type` int(1) DEFAULT '1' COMMENT '比赛几人制(1-11人制,2-7人制,3-5人制)',
  `create_admin_id` varchar(36) DEFAULT NULL COMMENT '创建人id',
  `create_admin_name` varchar(20) DEFAULT NULL COMMENT '创建人名称',
  `create_time` datetime DEFAULT NULL COMMENT '创建时间',
  `last_update_time` datetime DEFAULT NULL COMMENT '最后更新时间',
  `stat` int(1) NOT NULL COMMENT '数据状态',
  PRIMARY KEY (`id`)
) ENGINE=InnoDB DEFAULT CHARSET=utf8 COMMENT='比赛';

/*Data for the table `sst_competition_match` */

insert  into `sst_competition_match`(`id`,`comp_id`,`comp_name`,`cround_id`,`cround_name`,`home_team_id`,`home_team_icon`,`home_team_name`,`visiting_team_id`,`visiting_team_icon`,`visiting_team_name`,`match_type`,`match_time`,`home_score`,`visiting_score`,`address`,`people_type`,`create_admin_id`,`create_admin_name`,`create_time`,`last_update_time`,`stat`) values ('06722954-05e4-476c-96f2-134b0a9de3ab','05ab432c-67ec-42bb-8ef7-1bac55f28976','凯瑟琳','9437f86d-62fb-4b11-9852-f92d7a10a169','第一轮','2',NULL,'二号球队','819ac90a-42a9-4087-ac4b-6698eebe11dd',NULL,'恒大',1,'2016-02-23 09:00:00',0,0,NULL,1,'57390b0c-b06a-4e30-b8e9-1f42c5adf979','admin','2016-02-23 09:10:41',NULL,1),('12847d4a-a9b2-4546-a348-e23768f93038','05ab432c-67ec-42bb-8ef7-1bac55f28976','凯瑟琳','8d42da33-1661-4183-a00e-80b37517ffda','第三轮','2',NULL,'二号球队','0a80313f-6f94-483a-a758-177138aa21d6','\\upload\\20160123\\ba6d9fc7e7c24c988ce993ab1d73309a.jpg','77',0,'2016-02-25 14:00:00',0,0,NULL,1,'57390b0c-b06a-4e30-b8e9-1f42c5adf979','admin','2016-02-23 09:12:02',NULL,1),('1e788b8a-425d-4cd0-9231-bc6a18c23d35','05ab432c-67ec-42bb-8ef7-1bac55f28976','凯瑟琳','60c81cbc-bdbf-48d2-9d4c-04e4d2c571ee','第二轮','2',NULL,'二号球队','819ac90a-42a9-4087-ac4b-6698eebe11dd','\\upload\\20160123\\9a564926fa6c47d798da84ee3c108f9d.jpg','恒大',0,'2016-02-24 14:00:00',0,0,NULL,1,'57390b0c-b06a-4e30-b8e9-1f42c5adf979','admin','2016-02-23 09:11:36',NULL,1),('30f89e46-6e9c-40be-91b9-a222c2b1801c','edf136cc-286a-4765-b0c0-e623764fbce1','上海业余足球超级杯联赛','e1e4c80c-035c-4185-91d0-7f0a6454dace','3','9807d231-e9e7-4dcf-9bee-197de3edfe0b','\\upload\\20160321\\35fefbba3c204880a1ff5537ff50b058.jpg','55','a8542aa3-38c0-405d-b76e-f3f4f0749834','\\upload\\20160321\\5c3a38ac071f4379bd078e5abbeef4cf.jpg','33',0,'2016-03-26 20:00:00',0,0,'55',1,'57390b0c-b06a-4e30-b8e9-1f42c5adf979','admin','2016-03-21 13:14:41',NULL,1),('3c9ce314-f469-413d-9986-cd90ff87920d','4aa4250e-d01e-4610-80d2-ce20e8be3ab6','11','e25acc46-ed43-4a6d-b645-6f43b3932e5f','第一轮','2',NULL,'二号球队','819ac90a-42a9-4087-ac4b-6698eebe11dd','\\upload\\20160123\\9a564926fa6c47d798da84ee3c108f9d.jpg','恒大',0,'2016-03-03 12:00:00',0,0,NULL,1,'57390b0c-b06a-4e30-b8e9-1f42c5adf979','admin','2016-03-02 11:17:18',NULL,1),('3e0bf8fe-fb6e-42d9-8f32-595851f36501','edf136cc-286a-4765-b0c0-e623764fbce1','上海业余足球超级杯联赛','9fb4a109-e8b4-453d-b78b-1002061b2cad','1','2','\\upload\\20160321\\76e62c4cc1424c6eae2ed85b626436f5.jpg','二号球队','a8542aa3-38c0-405d-b76e-f3f4f0749834','\\upload\\20160321\\5c3a38ac071f4379bd078e5abbeef4cf.jpg','33',0,'2016-03-22 15:00:00',0,0,'11',1,'57390b0c-b06a-4e30-b8e9-1f42c5adf979','admin','2016-03-21 13:12:34',NULL,1),('3ef49ca2-5fe3-4539-bc81-ea22ee295359','edf136cc-286a-4765-b0c0-e623764fbce1','上海业余足球超级杯联赛','e1e4c80c-035c-4185-91d0-7f0a6454dace','3','a8542aa3-38c0-405d-b76e-f3f4f0749834','\\upload\\20160321\\5c3a38ac071f4379bd078e5abbeef4cf.jpg','33','0bc20f4d-8028-4565-96d9-eedfaeebed82','\\upload\\20160317\\49dde6fd1c1a41a0a9a311cc01ec79e6.jpg','123',0,'2016-03-24 21:00:00',0,0,'s',1,'57390b0c-b06a-4e30-b8e9-1f42c5adf979','admin','2016-03-21 13:14:41',NULL,1),('414b37d4-a63d-40c4-9fc7-7150e9ef185e','edf136cc-286a-4765-b0c0-e623764fbce1','上海业余足球超级杯联赛','9fb4a109-e8b4-453d-b78b-1002061b2cad','1','0bc20f4d-8028-4565-96d9-eedfaeebed82','\\upload\\20160317\\49dde6fd1c1a41a0a9a311cc01ec79e6.jpg','123','0a80313f-6f94-483a-a758-177138aa21d6','\\upload\\20160123\\ba6d9fc7e7c24c988ce993ab1d73309a.jpg','77',0,'2016-03-24 09:00:00',0,0,NULL,1,'57390b0c-b06a-4e30-b8e9-1f42c5adf979','admin','2016-03-21 13:12:34',NULL,1),('428ab7df-0c95-4220-b821-1e051a8b966b','4aa4250e-d01e-4610-80d2-ce20e8be3ab6','11','16160d7e-eff4-4681-9542-0de196de1f36','第四轮','819ac90a-42a9-4087-ac4b-6698eebe11dd','\\upload\\20160123\\9a564926fa6c47d798da84ee3c108f9d.jpg','恒大','2',NULL,'二号球队',0,'2016-03-12 10:00:00',0,0,'广州市11',1,'57390b0c-b06a-4e30-b8e9-1f42c5adf979','admin','2016-03-03 10:15:27',NULL,1),('4872f388-7aa0-4469-941d-526bd1c1c884','4aa4250e-d01e-4610-80d2-ce20e8be3ab6','11','16160d7e-eff4-4681-9542-0de196de1f36','第四轮','819ac90a-42a9-4087-ac4b-6698eebe11dd','\\upload\\20160123\\9a564926fa6c47d798da84ee3c108f9d.jpg','恒大','2',NULL,'二号球队',0,'2016-03-10 10:00:00',0,0,'广州市11',1,'57390b0c-b06a-4e30-b8e9-1f42c5adf979','admin','2016-03-03 10:15:27',NULL,1),('4acfdd23-66ba-4bb5-ab71-a9c709911feb','05ab432c-67ec-42bb-8ef7-1bac55f28976','凯瑟琳','550f6927-8cf5-4541-bd0a-0e66d20d130b','第二轮','0a80313f-6f94-483a-a758-177138aa21d6','\\upload\\20160123\\ba6d9fc7e7c24c988ce993ab1d73309a.jpg','77','819ac90a-42a9-4087-ac4b-6698eebe11dd','\\upload\\20160123\\9a564926fa6c47d798da84ee3c108f9d.jpg','恒大',2,'2016-01-26 10:00:00',2,4,'',1,'57390b0c-b06a-4e30-b8e9-1f42c5adf979','admin','2016-01-27 17:52:52','2016-02-01 15:13:35',1),('506fe6db-5f79-4311-9e20-3986135c42d7','05ab432c-67ec-42bb-8ef7-1bac55f28976','凯瑟琳','550f6927-8cf5-4541-bd0a-0e66d20d130b','第二轮','2',NULL,'二号球队','819ac90a-42a9-4087-ac4b-6698eebe11dd','\\upload\\20160123\\9a564926fa6c47d798da84ee3c108f9d.jpg','恒大',2,'2016-01-26 14:00:00',2,1,NULL,1,'57390b0c-b06a-4e30-b8e9-1f42c5adf979','admin','2016-01-27 17:52:52','2016-02-01 15:13:18',1),('589c4aa2-db65-4d6e-a9f8-b37c97f40e9c','4aa4250e-d01e-4610-80d2-ce20e8be3ab6','11','16160d7e-eff4-4681-9542-0de196de1f36','第四轮','2',NULL,'二号球队','819ac90a-42a9-4087-ac4b-6698eebe11dd','\\upload\\20160123\\9a564926fa6c47d798da84ee3c108f9d.jpg','恒大',0,'2016-03-13 10:00:00',0,0,NULL,1,'57390b0c-b06a-4e30-b8e9-1f42c5adf979','admin','2016-03-03 10:15:27',NULL,1),('5ac9f801-e09f-41d4-b011-1b12a1c1d184','4aa4250e-d01e-4610-80d2-ce20e8be3ab6','11','34612ec2-4e0b-4ed7-a3af-c743eb693e96','第三轮','2',NULL,'二号球队','819ac90a-42a9-4087-ac4b-6698eebe11dd','\\upload\\20160123\\9a564926fa6c47d798da84ee3c108f9d.jpg','恒大',0,'2016-03-04 12:00:00',0,0,NULL,1,'57390b0c-b06a-4e30-b8e9-1f42c5adf979','admin','2016-03-02 11:18:29',NULL,1),('67d11875-876c-49d6-a7b2-d9f2e16aeea4','05ab432c-67ec-42bb-8ef7-1bac55f28976','凯瑟琳','e8f78f7c-77cb-410a-9e0b-ff7789e01d2c','季前赛','d466dc45-ca3a-4ee7-856f-bea6af533cf4','\\upload\\20160123\\9eb5ed8f9c9d4aff981645dca921814f.jpg','66','1',NULL,'一号球队',0,'2016-01-30 14:00:00',0,0,'66',1,'57390b0c-b06a-4e30-b8e9-1f42c5adf979','admin','2016-01-26 10:49:23','2016-01-26 16:11:33',1),('79e2c6ee-fce1-4475-84fc-21d84e753e2f','05ab432c-67ec-42bb-8ef7-1bac55f28976','凯瑟琳','c0ed4f64-8793-453f-b873-1d16f539623a','总决赛','1',NULL,'一号球队','d466dc45-ca3a-4ee7-856f-bea6af533cf4','\\upload\\20160123\\9eb5ed8f9c9d4aff981645dca921814f.jpg','66',0,'2016-01-25 09:00:00',3,2,'上海体育馆',1,'57390b0c-b06a-4e30-b8e9-1f42c5adf979','admin','2016-01-27 17:35:19',NULL,1),('7c6793a8-b11e-43ad-b6c5-41751f602470','edf136cc-286a-4765-b0c0-e623764fbce1','上海业余足球超级杯联赛','70a9f40b-a49f-4f14-9a2c-b2a97865d4d7','2','a8542aa3-38c0-405d-b76e-f3f4f0749834','\\upload\\20160321\\5c3a38ac071f4379bd078e5abbeef4cf.jpg','33','819ac90a-42a9-4087-ac4b-6698eebe11dd','\\upload\\20160123\\9a564926fa6c47d798da84ee3c108f9d.jpg','恒大',0,'2016-03-22 14:12:00',0,0,'s',1,'57390b0c-b06a-4e30-b8e9-1f42c5adf979','admin','2016-03-21 13:13:31',NULL,1),('7eec8238-c8a4-47d5-b88e-21f9f3c5b083','05ab432c-67ec-42bb-8ef7-1bac55f28976','凯瑟琳','f71a3858-d215-4a1d-bd2f-a50cc57b0cd3','第四场比赛','0a80313f-6f94-483a-a758-177138aa21d6','\\upload\\20160123\\ba6d9fc7e7c24c988ce993ab1d73309a.jpg','77','2',NULL,'二号球队',0,'2016-02-03 14:00:00',0,0,'',1,'57390b0c-b06a-4e30-b8e9-1f42c5adf979','admin','2016-02-02 14:39:26',NULL,1),('81a8649b-ced8-42e8-b1ea-e6239456ee46','edf136cc-286a-4765-b0c0-e623764fbce1','上海业余足球超级杯联赛','70a9f40b-a49f-4f14-9a2c-b2a97865d4d7','2','1','\\upload\\20160321\\c9ac01e53aed464f93e30a1fabb170cd.jpg','一号球队','2','\\upload\\20160321\\76e62c4cc1424c6eae2ed85b626436f5.jpg','二号球队',0,'2016-03-21 15:00:00',0,0,'sf',1,'57390b0c-b06a-4e30-b8e9-1f42c5adf979','admin','2016-03-21 13:13:31',NULL,1),('83b5845b-0a4e-44b6-9980-9aef6c9487ae','4aa4250e-d01e-4610-80d2-ce20e8be3ab6','11','9c88434a-8b9b-4315-8d2a-da4003eeacec','第二轮','819ac90a-42a9-4087-ac4b-6698eebe11dd','\\upload\\20160123\\9a564926fa6c47d798da84ee3c108f9d.jpg','恒大','2',NULL,'二号球队',0,'2016-03-06 11:00:00',0,0,'广州市11',1,'57390b0c-b06a-4e30-b8e9-1f42c5adf979','admin','2016-03-02 11:18:01',NULL,1),('952b780e-404c-4ac5-aa28-ee4ec0bd2b34','edf136cc-286a-4765-b0c0-e623764fbce1','上海业余足球超级杯联赛','9fb4a109-e8b4-453d-b78b-1002061b2cad','1','2','\\upload\\20160321\\76e62c4cc1424c6eae2ed85b626436f5.jpg','二号球队','819ac90a-42a9-4087-ac4b-6698eebe11dd','\\upload\\20160123\\9a564926fa6c47d798da84ee3c108f9d.jpg','恒大',0,'2016-03-25 15:00:00',0,0,'11',1,'57390b0c-b06a-4e30-b8e9-1f42c5adf979','admin','2016-03-21 13:12:34',NULL,1),('952ce764-a79b-414c-a36f-eb2c3e0a2537','4aa4250e-d01e-4610-80d2-ce20e8be3ab6','11','16160d7e-eff4-4681-9542-0de196de1f36','第四轮','2',NULL,'二号球队','819ac90a-42a9-4087-ac4b-6698eebe11dd','\\upload\\20160123\\9a564926fa6c47d798da84ee3c108f9d.jpg','恒大',0,'2016-03-11 12:22:00',0,0,NULL,1,'57390b0c-b06a-4e30-b8e9-1f42c5adf979','admin','2016-03-03 10:15:27',NULL,1),('98379496-6dde-433b-a9bd-8683df72146d','4aa4250e-d01e-4610-80d2-ce20e8be3ab6','11','9c88434a-8b9b-4315-8d2a-da4003eeacec','第二轮','2',NULL,'二号球队','819ac90a-42a9-4087-ac4b-6698eebe11dd','\\upload\\20160123\\9a564926fa6c47d798da84ee3c108f9d.jpg','恒大',0,'2016-03-05 12:00:00',0,0,NULL,1,'57390b0c-b06a-4e30-b8e9-1f42c5adf979','admin','2016-03-02 11:18:01',NULL,1),('9e7bc0aa-abf4-49a5-b122-36225f29de8e','05ab432c-67ec-42bb-8ef7-1bac55f28976','凯瑟琳','550f6927-8cf5-4541-bd0a-0e66d20d130b','第二轮','819ac90a-42a9-4087-ac4b-6698eebe11dd','\\upload\\20160123\\9a564926fa6c47d798da84ee3c108f9d.jpg','恒大','0a80313f-6f94-483a-a758-177138aa21d6','\\upload\\20160123\\ba6d9fc7e7c24c988ce993ab1d73309a.jpg','77',2,'2016-01-27 10:00:00',3,1,'广州市11',1,'57390b0c-b06a-4e30-b8e9-1f42c5adf979','admin','2016-01-27 17:52:52','2016-02-01 15:14:08',1),('ab9950b8-5a84-4beb-8673-48dea3e08575','4aa4250e-d01e-4610-80d2-ce20e8be3ab6','11','e25acc46-ed43-4a6d-b645-6f43b3932e5f','第一轮','819ac90a-42a9-4087-ac4b-6698eebe11dd','\\upload\\20160123\\9a564926fa6c47d798da84ee3c108f9d.jpg','恒大','2',NULL,'二号球队',0,'2016-03-04 11:17:00',0,0,'广州市11',1,'57390b0c-b06a-4e30-b8e9-1f42c5adf979','admin','2016-03-02 11:17:18',NULL,1),('ac628bac-6e5e-47e7-be2c-d30e69d8b575','edf136cc-286a-4765-b0c0-e623764fbce1','上海业余足球超级杯联赛','e1e4c80c-035c-4185-91d0-7f0a6454dace','3','1','\\upload\\20160321\\c9ac01e53aed464f93e30a1fabb170cd.jpg','一号球队','819ac90a-42a9-4087-ac4b-6698eebe11dd','\\upload\\20160123\\9a564926fa6c47d798da84ee3c108f9d.jpg','恒大',0,'2016-03-22 15:00:00',0,0,'sf',1,'57390b0c-b06a-4e30-b8e9-1f42c5adf979','admin','2016-03-21 13:14:41',NULL,1),('baf8a1fb-7755-4886-b87b-a9d724848ff7','05ab432c-67ec-42bb-8ef7-1bac55f28976','凯瑟琳','60c81cbc-bdbf-48d2-9d4c-04e4d2c571ee','第二轮','0a80313f-6f94-483a-a758-177138aa21d6','\\upload\\20160123\\ba6d9fc7e7c24c988ce993ab1d73309a.jpg','77','819ac90a-42a9-4087-ac4b-6698eebe11dd','\\upload\\20160123\\9a564926fa6c47d798da84ee3c108f9d.jpg','恒大',0,'2016-02-24 18:00:00',0,0,'',1,'57390b0c-b06a-4e30-b8e9-1f42c5adf979','admin','2016-02-23 09:11:36',NULL,1),('bd9c2646-3d22-4d0f-80f7-b77b3ffe2d20','edf136cc-286a-4765-b0c0-e623764fbce1','上海业余足球超级杯联赛','70a9f40b-a49f-4f14-9a2c-b2a97865d4d7','2','0a80313f-6f94-483a-a758-177138aa21d6','\\upload\\20160123\\ba6d9fc7e7c24c988ce993ab1d73309a.jpg','77','0bc20f4d-8028-4565-96d9-eedfaeebed82','\\upload\\20160317\\49dde6fd1c1a41a0a9a311cc01ec79e6.jpg','123',0,'2016-03-23 16:12:00',0,0,'',1,'57390b0c-b06a-4e30-b8e9-1f42c5adf979','admin','2016-03-21 13:13:31',NULL,1),('cf6b818d-ee27-4577-96ee-09d21290fd3f','edf136cc-286a-4765-b0c0-e623764fbce1','上海业余足球超级杯联赛','e1e4c80c-035c-4185-91d0-7f0a6454dace','3','2','\\upload\\20160321\\76e62c4cc1424c6eae2ed85b626436f5.jpg','二号球队','0a80313f-6f94-483a-a758-177138aa21d6','\\upload\\20160123\\ba6d9fc7e7c24c988ce993ab1d73309a.jpg','77',0,'2016-03-23 19:00:00',0,0,'11',1,'57390b0c-b06a-4e30-b8e9-1f42c5adf979','admin','2016-03-21 13:14:41',NULL,1),('d17a3169-f618-41b4-94a6-f2ab7905e462','edf136cc-286a-4765-b0c0-e623764fbce1','上海业余足球超级杯联赛','70a9f40b-a49f-4f14-9a2c-b2a97865d4d7','2','9807d231-e9e7-4dcf-9bee-197de3edfe0b','\\upload\\20160321\\35fefbba3c204880a1ff5537ff50b058.jpg','55','0a80313f-6f94-483a-a758-177138aa21d6','\\upload\\20160123\\ba6d9fc7e7c24c988ce993ab1d73309a.jpg','77',0,'2016-03-23 15:12:00',0,0,'55',1,'57390b0c-b06a-4e30-b8e9-1f42c5adf979','admin','2016-03-21 13:13:31',NULL,1),('d2280d6f-5ae6-44f7-87cd-4fd6b17f44d6','edf136cc-286a-4765-b0c0-e623764fbce1','上海业余足球超级杯联赛','9fb4a109-e8b4-453d-b78b-1002061b2cad','1','1','\\upload\\20160321\\c9ac01e53aed464f93e30a1fabb170cd.jpg','一号球队','2','\\upload\\20160321\\76e62c4cc1424c6eae2ed85b626436f5.jpg','二号球队',2,'2016-03-21 13:00:00',3,1,'sf',1,'57390b0c-b06a-4e30-b8e9-1f42c5adf979','admin','2016-03-21 13:12:34','2016-03-24 11:47:40',1),('d65235f3-7f3b-43e8-ac23-83428584d80a','05ab432c-67ec-42bb-8ef7-1bac55f28976','凯瑟琳','f71a3858-d215-4a1d-bd2f-a50cc57b0cd3','第四场比赛','2',NULL,'二号球队','819ac90a-42a9-4087-ac4b-6698eebe11dd','\\upload\\20160123\\9a564926fa6c47d798da84ee3c108f9d.jpg','恒大',0,'2016-02-12 12:00:00',0,0,NULL,1,'57390b0c-b06a-4e30-b8e9-1f42c5adf979','admin','2016-02-02 14:39:26',NULL,1),('dd393ab6-133b-4e74-9cd7-bd0fb234cc4b','05ab432c-67ec-42bb-8ef7-1bac55f28976','凯瑟琳','e8f78f7c-77cb-410a-9e0b-ff7789e01d2c','季前赛','1',NULL,'一号球队','819ac90a-42a9-4087-ac4b-6698eebe11dd','\\upload\\20160123\\9a564926fa6c47d798da84ee3c108f9d.jpg','恒大',0,'2016-01-29 11:00:00',0,0,NULL,1,'57390b0c-b06a-4e30-b8e9-1f42c5adf979','admin','2016-01-26 10:49:23','2016-01-26 16:11:21',1),('de830e2a-7d9d-412d-9203-02661fd6029f','05ab432c-67ec-42bb-8ef7-1bac55f28976','凯瑟琳','e8f78f7c-77cb-410a-9e0b-ff7789e01d2c','季前赛','819ac90a-42a9-4087-ac4b-6698eebe11dd','\\upload\\20160123\\9a564926fa6c47d798da84ee3c108f9d.jpg','恒大','d466dc45-ca3a-4ee7-856f-bea6af533cf4','\\upload\\20160123\\9eb5ed8f9c9d4aff981645dca921814f.jpg','66',0,'2016-01-28 10:00:00',0,0,'广州市11',1,'57390b0c-b06a-4e30-b8e9-1f42c5adf979','admin','2016-01-26 10:49:23','2016-01-28 15:42:16',0),('e1f648a0-cc33-4349-9171-b0c78bd427b4','05ab432c-67ec-42bb-8ef7-1bac55f28976','凯瑟琳','9437f86d-62fb-4b11-9852-f92d7a10a169','第一轮','0a80313f-6f94-483a-a758-177138aa21d6','\\upload\\20160123\\ba6d9fc7e7c24c988ce993ab1d73309a.jpg','77','2',NULL,'二号球队',0,'2016-02-23 14:00:00',0,0,'',1,'57390b0c-b06a-4e30-b8e9-1f42c5adf979','admin','2016-02-23 09:10:41',NULL,1),('e5967af9-7d32-4833-bd5b-1441c93b4100','edf136cc-286a-4765-b0c0-e623764fbce1','上海业余足球超级杯联赛','9fb4a109-e8b4-453d-b78b-1002061b2cad','1','0bc20f4d-8028-4565-96d9-eedfaeebed82','\\upload\\20160317\\49dde6fd1c1a41a0a9a311cc01ec79e6.jpg','123','a8542aa3-38c0-405d-b76e-f3f4f0749834','\\upload\\20160321\\5c3a38ac071f4379bd078e5abbeef4cf.jpg','33',0,'2016-03-25 16:00:00',0,0,NULL,1,'57390b0c-b06a-4e30-b8e9-1f42c5adf979','admin','2016-03-21 13:12:34',NULL,1),('f89358e2-475a-4eb2-9bb3-74d7b4051664','edf136cc-286a-4765-b0c0-e623764fbce1','上海业余足球超级杯联赛','9fb4a109-e8b4-453d-b78b-1002061b2cad','1','9807d231-e9e7-4dcf-9bee-197de3edfe0b','\\upload\\20160321\\35fefbba3c204880a1ff5537ff50b058.jpg','55','819ac90a-42a9-4087-ac4b-6698eebe11dd','\\upload\\20160123\\9a564926fa6c47d798da84ee3c108f9d.jpg','恒大',0,'2016-03-23 14:00:00',0,0,'55',1,'57390b0c-b06a-4e30-b8e9-1f42c5adf979','admin','2016-03-21 13:12:34',NULL,1);

/*Table structure for table `sst_competition_news` */

DROP TABLE IF EXISTS `sst_competition_news`;

CREATE TABLE `sst_competition_news` (
  `id` varchar(36) NOT NULL COMMENT '主键id',
  `comp_id` varchar(36) DEFAULT NULL COMMENT '赛事id',
  `comp_name` varchar(36) DEFAULT NULL COMMENT '赛事名称',
  `title` varchar(40) DEFAULT NULL COMMENT '标题',
  `summary` varchar(20) DEFAULT NULL COMMENT '简介',
  `pic` varchar(200) DEFAULT NULL COMMENT '图片',
  `content` varchar(5000) DEFAULT NULL COMMENT '内容',
  `create_admin_id` varchar(36) DEFAULT NULL COMMENT '创建者id',
  `create_admin_name` varchar(20) DEFAULT NULL COMMENT '创建者姓名',
  `update_admin_id` varchar(36) DEFAULT NULL COMMENT '修改者id',
  `update_admin_name` varchar(20) DEFAULT NULL COMMENT '修改者姓名',
  `create_time` datetime DEFAULT NULL COMMENT '创建时间',
  `last_update_time` datetime DEFAULT NULL COMMENT '最后修改时间',
  `stat` int(1) DEFAULT NULL COMMENT '数据状态',
  PRIMARY KEY (`id`)
) ENGINE=InnoDB DEFAULT CHARSET=utf8 COMMENT='赛事动态';

/*Data for the table `sst_competition_news` */

insert  into `sst_competition_news`(`id`,`comp_id`,`comp_name`,`title`,`summary`,`pic`,`content`,`create_admin_id`,`create_admin_name`,`update_admin_id`,`update_admin_name`,`create_time`,`last_update_time`,`stat`) values ('0e915896-9b43-4dec-a49d-3744a3468e39','05ab432c-67ec-42bb-8ef7-1bac55f28976','凯瑟琳','222','22','\\upload\\20160219\\a1ff71bbcb69423e985007785b3be1db.jpg','<p>22</p>','3e6346a3-f942-4567-bf2a-926117022fbf','jam',NULL,NULL,'2016-02-19 16:14:26',NULL,1),('1f848676-3e12-4a5b-81a6-e673e303afac','05ab432c-67ec-42bb-8ef7-1bac55f28976',NULL,'111',NULL,NULL,'<p>11111111111111<br/></p>',NULL,NULL,NULL,NULL,'2016-01-22 18:18:15','2016-02-19 16:34:51',0),('2f47563c-bb81-40b8-bdd7-6da537576123','4aa4250e-d01e-4610-80d2-ce20e8be3ab6','11','a','a','\\upload\\20160222\\5dced5d1ac594fcd88b47c79ecafd6a2.jpg','<p>a</p>','3e6346a3-f942-4567-bf2a-926117022fbf','jam',NULL,NULL,'2016-02-22 10:53:09',NULL,1),('4355c5c9-a601-4cfb-8d5c-56e5fa7e791f','05ab432c-67ec-42bb-8ef7-1bac55f28976',NULL,'111222',NULL,NULL,'<p>11111111111111<br/></p>',NULL,NULL,NULL,NULL,'2016-01-22 18:34:13','2016-02-19 16:34:51',0),('442fd1df-6fbe-4c5a-b852-9aece593e2f0','4aa4250e-d01e-4610-80d2-ce20e8be3ab6','11','33','33','\\upload\\20160222\\8fa057d3a22b44329a9d35d34b986378.jpg','<p>33</p>','3e6346a3-f942-4567-bf2a-926117022fbf','jam',NULL,NULL,'2016-02-22 10:52:29',NULL,1),('51ac2cf0-960e-480a-a843-eaf6dfe7a212','076fa808-52e0-44e3-9ae3-4eaf44ed4186',NULL,'5555',NULL,NULL,'<p>5555555555555555555555555555555555555555</p>',NULL,NULL,NULL,NULL,'2016-01-23 14:23:07','2016-02-19 16:34:46',0),('569e1811-0daa-4ec4-a11d-c502134b6dcc','4aa4250e-d01e-4610-80d2-ce20e8be3ab6','11','22','22','\\upload\\20160222\\282697bf9f3040518b67152698041f0a.jpg','<p>22</p>','3e6346a3-f942-4567-bf2a-926117022fbf','jam',NULL,NULL,'2016-02-22 10:52:11',NULL,1),('58888d86-4ed0-43d2-8949-cd1ac36598f6','05ab432c-67ec-42bb-8ef7-1bac55f28976','凯瑟琳','33','33','\\upload\\20160219\\a1ff71bbcb69423e985007785b3be1db.jpg','<p>33</p>','3e6346a3-f942-4567-bf2a-926117022fbf','jam',NULL,NULL,'2016-02-19 16:17:23',NULL,1),('690dd7a8-da1b-4acd-8ab5-6633bbdb5837','05ab432c-67ec-42bb-8ef7-1bac55f28976','凯瑟琳','6','6','\\upload\\20160219\\a1ff71bbcb69423e985007785b3be1db.jpg','<p>6</p>','3e6346a3-f942-4567-bf2a-926117022fbf','jam',NULL,NULL,'2016-02-19 16:33:20',NULL,1),('7447e4e2-1b20-4352-8d8e-3b3f8ae6b04e','076fa808-52e0-44e3-9ae3-4eaf44ed4186',NULL,'111',NULL,NULL,'<p>1111111111111111111111<br/></p>',NULL,NULL,NULL,NULL,'2016-01-22 18:17:31','2016-02-19 16:34:51',0),('77b3b15d-dfc8-4051-8ea1-e80ac3eb2bbc','05ab432c-67ec-42bb-8ef7-1bac55f28976','凯瑟琳','4','4','\\upload\\20160219\\a1ff71bbcb69423e985007785b3be1db.jpg','<p>4</p>','3e6346a3-f942-4567-bf2a-926117022fbf','jam',NULL,NULL,'2016-02-19 16:25:54',NULL,1),('7a4b58c2-244c-4a6d-8f59-0ce3990b561d','4aa4250e-d01e-4610-80d2-ce20e8be3ab6','11','44','44','\\upload\\20160222\\9978dc8ee4b642a1a53e9ab9a12471c2.jpg','<p>44</p>','3e6346a3-f942-4567-bf2a-926117022fbf','jam',NULL,NULL,'2016-02-22 10:52:43',NULL,1),('7ca13ff2-1fe9-49d1-b560-3374b31b6023','05ab432c-67ec-42bb-8ef7-1bac55f28976',NULL,'haha',NULL,'\\upload\\20160219\\a1ff71bbcb69423e985007785b3be1db.jpg','<p>hahahahahahahahahahahahahahahahahahahahahahahahahahahahahahahahahahahahahahahahahahahahahahahaha</p>',NULL,NULL,NULL,NULL,'2016-01-22 15:55:32','2016-01-22 16:13:26',1),('9c94b412-cce8-4ae6-9d65-d63fbd31ec1b','05ab432c-67ec-42bb-8ef7-1bac55f28976','凯瑟琳','5','5','\\upload\\20160219\\a1ff71bbcb69423e985007785b3be1db.jpg','<p>5</p>','3e6346a3-f942-4567-bf2a-926117022fbf','jam',NULL,NULL,'2016-02-19 16:30:46',NULL,1),('a257c8d4-48db-4d86-bfeb-1ca643b5c986','05ab432c-67ec-42bb-8ef7-1bac55f28976',NULL,'111222111',NULL,NULL,'<p>11111111111111<br/></p>',NULL,NULL,NULL,NULL,'2016-01-22 18:36:31','2016-02-19 16:34:46',0),('a9513937-cee9-4bcb-803a-d7b9564691b5','05ab432c-67ec-42bb-8ef7-1bac55f28976','凯瑟琳','11','11','\\upload\\20160219\\a1ff71bbcb69423e985007785b3be1db.jpg','<p>11</p>','3e6346a3-f942-4567-bf2a-926117022fbf','jam',NULL,NULL,'2016-02-19 16:15:12',NULL,1),('ab25b707-a5ea-4867-8c5b-38809e896a40','05ab432c-67ec-42bb-8ef7-1bac55f28976',NULL,'嘻嘻',NULL,'\\upload\\20160219\\a1ff71bbcb69423e985007785b3be1db.jpg','<p>嘻嘻嘻嘻嘻嘻嘻嘻嘻嘻嘻嘻嘻嘻嘻嘻嘻嘻嘻嘻嘻嘻嘻嘻嘻嘻嘻嘻</p>',NULL,NULL,NULL,NULL,'2016-01-22 11:20:29','2016-01-22 16:13:26',1),('b5764563-3ee5-4e57-bb08-1db371bd527b','1',NULL,'哇哇',NULL,NULL,'<p>哇哇哇哇哇哇哇哇哇哇哇哇哇哇哇哇哇哇哇哇哇哇哇哇哇哇哇哇哇哇哇哇哇哇哇哇哇哇哇哇哇哇哇哇哇哇哇哇哇哇哇哇哇哇哇哇</p>',NULL,NULL,NULL,NULL,'2016-01-22 15:55:49','2016-02-19 16:34:56',0),('c38b0a9a-bb79-4bb8-b741-d21a7e129c8f','05ab432c-67ec-42bb-8ef7-1bac55f28976','凯瑟琳','v','vv1133','\\upload\\20160226\\73fe6b4e3f874dccb5b4007dd10b2d57.jpg','<p>vvv</p>','3e6346a3-f942-4567-bf2a-926117022fbf','jam',NULL,NULL,'2016-02-26 10:07:00','2016-02-26 10:08:51',1),('cfd8acda-864e-4743-b27c-71cc9dd134b5','4aa4250e-d01e-4610-80d2-ce20e8be3ab6','11','11','11','\\upload\\20160222\\18b7ed50b04f4709bbf07038bdacb17d.jpg','<p>11111</p>','3e6346a3-f942-4567-bf2a-926117022fbf','jam',NULL,NULL,'2016-02-22 10:39:08',NULL,1),('d47e6c40-d6ce-4b47-892f-aef3c2945a50','05ab432c-67ec-42bb-8ef7-1bac55f28976',NULL,'呵呵',NULL,NULL,'<p>呵呵呵呵呵呵呵呵呵呵呵呵呵呵呵呵呵呵呵呵呵呵呵呵呵呵呵呵呵呵呵呵</p>',NULL,NULL,NULL,NULL,'2016-01-22 16:05:10','2016-02-19 16:34:56',0),('d69c1316-a69f-4963-9e6e-2f0fd92e3bd0','422c5980-b624-4bd2-8184-a594149dcc17',NULL,'44',NULL,NULL,'<p>444444444444444444</p>',NULL,NULL,NULL,NULL,'2016-01-23 14:22:55','2016-02-19 16:34:46',0),('e2551cac-7366-4404-b8e0-49506378c348','05ab432c-67ec-42bb-8ef7-1bac55f28976','凯瑟琳','7','7','\\upload\\20160219\\a1ff71bbcb69423e985007785b3be1db.jpg','<p>7</p>','3e6346a3-f942-4567-bf2a-926117022fbf','jam',NULL,NULL,'2016-02-19 16:34:29',NULL,1),('e770dc87-4356-4061-ace2-17273decb3c1','05ab432c-67ec-42bb-8ef7-1bac55f28976',NULL,'aaa',NULL,NULL,'<p>aaaaaaaaaaaaaaaaaaaaaaaaaaaaaaaaaaaaaaaaaaaaaaaaaaaaaaaaaaaa</p>',NULL,NULL,NULL,NULL,'2016-01-22 18:15:53','2016-02-19 16:34:56',0);

/*Table structure for table `sst_competition_notice` */

DROP TABLE IF EXISTS `sst_competition_notice`;

CREATE TABLE `sst_competition_notice` (
  `id` varchar(36) NOT NULL COMMENT '主键id',
  `comp_id` varchar(36) DEFAULT NULL COMMENT '赛事id',
  `title` varchar(40) DEFAULT NULL COMMENT '标题',
  `summary` varchar(200) DEFAULT NULL COMMENT '简介',
  `content` text COMMENT '内容',
  `create_admin_id` varchar(36) DEFAULT NULL COMMENT '创建者id',
  `create_admin_name` varchar(20) DEFAULT NULL COMMENT '创建者姓名',
  `update_admin_id` varchar(36) DEFAULT NULL COMMENT '修改者id',
  `update_admin_name` varchar(20) DEFAULT NULL COMMENT '修改者姓名',
  `create_time` datetime DEFAULT NULL COMMENT '创建时间',
  `last_update_time` datetime DEFAULT NULL COMMENT '最后修改时间',
  `stat` int(1) DEFAULT NULL COMMENT '数据状态',
  PRIMARY KEY (`id`)
) ENGINE=InnoDB DEFAULT CHARSET=utf8 COMMENT='赛事公告';

/*Data for the table `sst_competition_notice` */

insert  into `sst_competition_notice`(`id`,`comp_id`,`title`,`summary`,`content`,`create_admin_id`,`create_admin_name`,`update_admin_id`,`update_admin_name`,`create_time`,`last_update_time`,`stat`) values ('12c462c3-937c-408f-8674-d1879e0fab71','4aa4250e-d01e-4610-80d2-ce20e8be3ab6','2','2','<p>2</p>','3e6346a3-f942-4567-bf2a-926117022fbf','jam',NULL,NULL,'2016-02-22 10:58:43',NULL,1),('2715d219-63d0-4358-902e-7df19a7ecc51','05ab432c-67ec-42bb-8ef7-1bac55f28976','',NULL,'',NULL,NULL,NULL,NULL,'2016-01-25 09:11:48','2016-01-25 09:11:51',0),('2cca6159-f6a1-40d5-8dc0-411e7ed06477','076fa808-52e0-44e3-9ae3-4eaf44ed4186','222',NULL,'<p>22222222222222222222222222222222222222222222222222222222222222222222222<br/></p>',NULL,NULL,NULL,NULL,'2016-01-22 18:22:04','2016-01-22 18:26:44',1),('37230d93-dbce-4201-b78f-d3a06f6f80cf','076fa808-52e0-44e3-9ae3-4eaf44ed4186','000111222',NULL,'<p>00000000000000000000000000000000000000<br/></p>',NULL,NULL,NULL,NULL,'2016-01-22 18:33:41','2016-01-23 14:22:15',1),('38308b5a-9a09-442d-986a-dee071f14d0c','4aa4250e-d01e-4610-80d2-ce20e8be3ab6','4','4','<p>44</p>','3e6346a3-f942-4567-bf2a-926117022fbf','jam',NULL,NULL,'2016-02-22 10:59:05',NULL,1),('4db419e3-23f4-4c4b-968c-52628d7f916a','422c5980-b624-4bd2-8184-a594149dcc17','22',NULL,'<p>2222<br/></p>',NULL,NULL,NULL,NULL,'2016-01-23 17:43:56',NULL,1),('5132ae6a-e2ce-4e84-80a6-f1b317266882','4aa4250e-d01e-4610-80d2-ce20e8be3ab6','1','1','<p>1</p>','3e6346a3-f942-4567-bf2a-926117022fbf','jam',NULL,NULL,'2016-02-22 10:58:32',NULL,1),('899af3b7-1d6e-494f-a6ed-f09aa2c669c0','05ab432c-67ec-42bb-8ef7-1bac55f28976','111',NULL,'<p>111111111111111111111111111111111</p>',NULL,NULL,NULL,NULL,'2016-01-22 18:20:24','2016-01-22 18:26:22',1),('b0f79d21-5ab6-4f6a-8d8c-813212dfd8ac','4aa4250e-d01e-4610-80d2-ce20e8be3ab6','55','55','<p>555</p>','3e6346a3-f942-4567-bf2a-926117022fbf','jam',NULL,NULL,'2016-02-22 10:59:15',NULL,1),('c16de75b-7fac-4f70-bdbc-1909c28e4eb6','4aa4250e-d01e-4610-80d2-ce20e8be3ab6','3','3','<p>3</p>','3e6346a3-f942-4567-bf2a-926117022fbf','jam',NULL,NULL,'2016-02-22 10:58:57',NULL,1),('d1d4eaa4-04cb-4f19-877f-3bc503ceb303','05ab432c-67ec-42bb-8ef7-1bac55f28976','333',NULL,'<p>333333333333333333333333333333333333333333333333333333</p>',NULL,NULL,NULL,NULL,'2016-01-22 18:22:13','2016-01-22 18:26:44',1);

/*Table structure for table `sst_competition_round` */

DROP TABLE IF EXISTS `sst_competition_round`;

CREATE TABLE `sst_competition_round` (
  `id` varchar(36) NOT NULL,
  `comp_id` varchar(36) NOT NULL COMMENT '赛事id',
  `comp_name` varchar(20) NOT NULL COMMENT '赛事名称',
  `name` varchar(20) NOT NULL COMMENT '比赛第几轮',
  `page_ranking` int(2) NOT NULL DEFAULT '1' COMMENT '页面排序',
  `create_admin_id` varchar(36) DEFAULT NULL COMMENT '创建管理员Id',
  `create_admin_name` varchar(20) DEFAULT NULL COMMENT '创建管理员',
  `create_time` datetime NOT NULL DEFAULT CURRENT_TIMESTAMP,
  `last_update_time` datetime DEFAULT NULL,
  `stat` int(1) NOT NULL DEFAULT '1',
  PRIMARY KEY (`id`)
) ENGINE=InnoDB DEFAULT CHARSET=utf8 COMMENT='赛事场次表';

/*Data for the table `sst_competition_round` */

insert  into `sst_competition_round`(`id`,`comp_id`,`comp_name`,`name`,`page_ranking`,`create_admin_id`,`create_admin_name`,`create_time`,`last_update_time`,`stat`) values ('1','05ab432c-67ec-42bb-8ef7-1bac55f28976','凯瑟琳','第一轮',4,'57390b0c-b06a-4e30-b8e9-1f42c5adf979','admin','2016-01-23 13:36:35','2016-01-25 16:33:37',0),('16160d7e-eff4-4681-9542-0de196de1f36','4aa4250e-d01e-4610-80d2-ce20e8be3ab6','11','第四轮',4,'57390b0c-b06a-4e30-b8e9-1f42c5adf979','admin','2016-03-03 10:15:27',NULL,1),('2','05ab432c-67ec-42bb-8ef7-1bac55f28976','凯瑟琳','第二轮',1,'57390b0c-b06a-4e30-b8e9-1f42c5adf979','admin','2016-01-23 13:36:35','2016-01-25 16:33:28',0),('3','05ab432c-67ec-42bb-8ef7-1bac55f28976','凯瑟琳','第三轮',3,'57390b0c-b06a-4e30-b8e9-1f42c5adf979','admin','2016-01-23 13:36:35','2016-01-25 16:33:19',0),('34612ec2-4e0b-4ed7-a3af-c743eb693e96','4aa4250e-d01e-4610-80d2-ce20e8be3ab6','11','第三轮',3,'57390b0c-b06a-4e30-b8e9-1f42c5adf979','admin','2016-03-02 11:18:29',NULL,1),('34ffdd8f-7e7e-4391-aace-93a5515c9dd0','b452cc8e-2a68-46ce-9bdd-4ba032261f11','老大','赛事',1,'57390b0c-b06a-4e30-b8e9-1f42c5adf979','admin','2016-01-25 13:33:42','2016-01-25 16:33:41',0),('3f6636f4-598c-40a4-b2c6-cf97135f29ff','d85621ad-4720-4515-8795-81033707bdcb','老刘','手动阀',1,'57390b0c-b06a-4e30-b8e9-1f42c5adf979','admin','2016-01-25 14:13:48','2016-01-25 16:33:58',0),('550f6927-8cf5-4541-bd0a-0e66d20d130b','05ab432c-67ec-42bb-8ef7-1bac55f28976','凯瑟琳','第二轮',1,'57390b0c-b06a-4e30-b8e9-1f42c5adf979','admin','2016-01-26 09:47:07','2016-02-02 14:44:45',1),('60c81cbc-bdbf-48d2-9d4c-04e4d2c571ee','05ab432c-67ec-42bb-8ef7-1bac55f28976','凯瑟琳','第二轮',6,'57390b0c-b06a-4e30-b8e9-1f42c5adf979','admin','2016-02-23 09:11:36',NULL,1),('6df18d81-002e-477b-addf-14fc0eaf06ee','076fa808-52e0-44e3-9ae3-4eaf44ed4186','老五','第一场',2,'57390b0c-b06a-4e30-b8e9-1f42c5adf979','admin','2016-01-25 13:23:19','2016-01-25 16:33:12',0),('70a9f40b-a49f-4f14-9a2c-b2a97865d4d7','edf136cc-286a-4765-b0c0-e623764fbce1','上海业余足球超级杯联赛','2',2,'57390b0c-b06a-4e30-b8e9-1f42c5adf979','admin','2016-03-21 13:13:31',NULL,1),('8bcf277f-7c8f-4fc2-8edd-b09499fab06e','eb17c3fd-ad77-4474-a145-8a6f11f76f64','星期三','是',1,'57390b0c-b06a-4e30-b8e9-1f42c5adf979','admin','2016-01-25 13:40:01','2016-01-25 16:33:45',0),('8d42da33-1661-4183-a00e-80b37517ffda','05ab432c-67ec-42bb-8ef7-1bac55f28976','凯瑟琳','第三轮',7,'57390b0c-b06a-4e30-b8e9-1f42c5adf979','admin','2016-02-23 09:12:02',NULL,1),('9023641f-9c84-41d2-bbfe-2d1e3ad0d6f9','963594ae-6744-4621-88ec-cdf43a2e088d','傻傻地','是',1,'57390b0c-b06a-4e30-b8e9-1f42c5adf979','admin','2016-01-25 14:08:32','2016-01-25 16:33:55',0),('9437f86d-62fb-4b11-9852-f92d7a10a169','05ab432c-67ec-42bb-8ef7-1bac55f28976','凯瑟琳','第一轮',5,'57390b0c-b06a-4e30-b8e9-1f42c5adf979','admin','2016-02-23 09:10:17','2016-02-23 09:10:41',1),('980c1483-4be7-4aa6-8a99-9c2568305ecd','a84b7793-7b01-4fe6-b609-07671bf4b27d','精彩赛事33','手动阀111',1,'57390b0c-b06a-4e30-b8e9-1f42c5adf979','admin','2016-01-25 14:18:22','2016-01-25 16:34:04',0),('9c88434a-8b9b-4315-8d2a-da4003eeacec','4aa4250e-d01e-4610-80d2-ce20e8be3ab6','11','第二轮',2,'57390b0c-b06a-4e30-b8e9-1f42c5adf979','admin','2016-03-02 11:18:01',NULL,1),('9fb4a109-e8b4-453d-b78b-1002061b2cad','edf136cc-286a-4765-b0c0-e623764fbce1','上海业余足球超级杯联赛','1',1,'57390b0c-b06a-4e30-b8e9-1f42c5adf979','admin','2016-03-21 13:12:34',NULL,1),('a25d829d-8360-4f80-bb36-cf2d42e6c703','69a44c2b-9a7d-4044-a2b1-9f9f121aadbe','O(∩_∩)O哈哈~','第一场',1,'57390b0c-b06a-4e30-b8e9-1f42c5adf979','admin','2016-01-25 13:24:42','2016-01-25 16:33:08',0),('ae25170c-c939-4d9f-8b6d-959ec3a01080','1','精彩赛事111','第一场',1,'57390b0c-b06a-4e30-b8e9-1f42c5adf979','admin','2016-01-25 13:21:13','2016-01-25 16:33:16',0),('b3307c6b-5d09-4de7-a6e5-6c4501753ebe','96b7a17f-36c7-4428-8b0c-3c8f1ddbcdbb','赛起手2211','赛事',1,'57390b0c-b06a-4e30-b8e9-1f42c5adf979','admin','2016-01-25 13:31:49','2016-01-25 16:33:05',0),('c0ed4f64-8793-453f-b873-1d16f539623a','05ab432c-67ec-42bb-8ef7-1bac55f28976','凯瑟琳','总决赛',4,'57390b0c-b06a-4e30-b8e9-1f42c5adf979','admin','2016-01-26 09:51:54','2016-02-02 14:43:34',1),('d0d7b11a-39d6-49a7-ba18-56d41af81602','e625318f-9c57-4c42-92ab-a7b39539ab81','阿萨德','是',1,'57390b0c-b06a-4e30-b8e9-1f42c5adf979','admin','2016-01-25 14:00:59','2016-01-25 16:33:52',0),('d6d5b5ce-37e3-4b08-bcd8-ef35c46c6d5b','422c5980-b624-4bd2-8184-a594149dcc17','老四','撒旦',1,'57390b0c-b06a-4e30-b8e9-1f42c5adf979','admin','2016-01-25 13:50:48','2016-01-25 16:33:48',0),('e1e4c80c-035c-4185-91d0-7f0a6454dace','edf136cc-286a-4765-b0c0-e623764fbce1','上海业余足球超级杯联赛','3',3,'57390b0c-b06a-4e30-b8e9-1f42c5adf979','admin','2016-03-21 13:14:41',NULL,1),('e25acc46-ed43-4a6d-b645-6f43b3932e5f','4aa4250e-d01e-4610-80d2-ce20e8be3ab6','11','第一轮',1,'57390b0c-b06a-4e30-b8e9-1f42c5adf979','admin','2016-03-02 11:17:18',NULL,1),('e8f78f7c-77cb-410a-9e0b-ff7789e01d2c','05ab432c-67ec-42bb-8ef7-1bac55f28976','凯瑟琳','季前赛',3,'57390b0c-b06a-4e30-b8e9-1f42c5adf979','admin','2016-01-25 15:58:47','2016-02-02 14:40:05',1),('eb653148-bf6c-49b0-a568-13bbb2a5f216','e625318f-9c57-4c42-92ab-a7b39539ab81','阿萨德','12啊',1,'57390b0c-b06a-4e30-b8e9-1f42c5adf979','admin','2016-01-25 14:21:46','2016-01-25 16:34:04',0),('f71a3858-d215-4a1d-bd2f-a50cc57b0cd3','05ab432c-67ec-42bb-8ef7-1bac55f28976','凯瑟琳','第四场比赛',2,'57390b0c-b06a-4e30-b8e9-1f42c5adf979','admin','2016-02-02 14:39:26','2016-02-02 14:39:57',1);

/*Table structure for table `sst_competition_team` */

DROP TABLE IF EXISTS `sst_competition_team`;

CREATE TABLE `sst_competition_team` (
  `id` varchar(36) NOT NULL,
  `comp_id` varchar(36) NOT NULL COMMENT '赛事id',
  `team_id` varchar(36) NOT NULL COMMENT '球队id',
  `win` int(2) NOT NULL DEFAULT '0' COMMENT '胜场次',
  `draw` int(2) NOT NULL DEFAULT '0' COMMENT '平场次',
  `lose` int(2) NOT NULL DEFAULT '0' COMMENT '负场次',
  `goal_in` int(2) NOT NULL DEFAULT '0' COMMENT '进球数',
  `goal_out` int(2) NOT NULL DEFAULT '0' COMMENT '失球数',
  `create_time` datetime NOT NULL DEFAULT CURRENT_TIMESTAMP,
  `last_update_time` datetime DEFAULT NULL,
  `stat` int(1) NOT NULL DEFAULT '1',
  PRIMARY KEY (`id`)
) ENGINE=InnoDB DEFAULT CHARSET=utf8 COMMENT='赛事参加球队关联表';

/*Data for the table `sst_competition_team` */

insert  into `sst_competition_team`(`id`,`comp_id`,`team_id`,`win`,`draw`,`lose`,`goal_in`,`goal_out`,`create_time`,`last_update_time`,`stat`) values ('07dbb370-aa36-4bb8-bf32-fdb43051520b','edf136cc-286a-4765-b0c0-e623764fbce1','0a80313f-6f94-483a-a758-177138aa21d6',9,2,3,1,3,'2016-03-21 13:05:01',NULL,1),('17f70862-d32a-4f5e-abf8-ab957f1be257','edf136cc-286a-4765-b0c0-e623764fbce1','a8542aa3-38c0-405d-b76e-f3f4f0749834',6,4,3,1,2,'2016-03-21 13:05:16',NULL,1),('233566cc-77fa-4805-bf57-75aa111fd1ac','edf136cc-286a-4765-b0c0-e623764fbce1','1',1,2,4,3,4,'2016-03-21 13:03:56',NULL,1),('5db219a8-aaf5-412d-8aae-5b4145fc78f0','4aa4250e-d01e-4610-80d2-ce20e8be3ab6','819ac90a-42a9-4087-ac4b-6698eebe11dd',1,1,1,1,2,'2016-02-29 10:12:32',NULL,1),('74cec01d-c401-4ca1-b912-9f1469caf719','1','0a80313f-6f94-483a-a758-177138aa21d6',2,0,0,2,1,'2016-01-28 17:53:49','2016-02-01 11:15:36',1),('8a521957-cdd5-4bf1-a5d5-24ea1efe1c87','4aa4250e-d01e-4610-80d2-ce20e8be3ab6','2',3,3,2,3,1,'2016-02-29 10:12:07',NULL,1),('9de24a0e-7f6e-4299-81f4-429c1610bac4','05ab432c-67ec-42bb-8ef7-1bac55f28976','819ac90a-42a9-4087-ac4b-6698eebe11dd',2,0,1,8,5,'2016-01-28 16:02:09','2016-02-01 15:22:50',1),('a031a7dc-6e89-495f-92f5-c2f3e2c2dcd4','edf136cc-286a-4765-b0c0-e623764fbce1','0bc20f4d-8028-4565-96d9-eedfaeebed82',0,0,0,0,0,'2016-03-21 13:04:40',NULL,1),('abaa32f8-2405-4862-9eef-6a0a5969b4ee','05ab432c-67ec-42bb-8ef7-1bac55f28976','2',0,0,0,0,0,'2016-01-28 16:01:57','2016-02-01 14:02:09',1),('c49396dc-8e45-4604-bdf7-9e324d383e19','edf136cc-286a-4765-b0c0-e623764fbce1','819ac90a-42a9-4087-ac4b-6698eebe11dd',0,0,0,0,0,'2016-03-21 13:04:50',NULL,1),('cc7e1e0b-34e1-4d68-bfdf-17db56e3dc8d','edf136cc-286a-4765-b0c0-e623764fbce1','9807d231-e9e7-4dcf-9bee-197de3edfe0b',0,0,0,0,0,'2016-03-21 13:05:09',NULL,1),('d5b90cec-0662-4427-9ebb-ebe8e3cbfde1','05ab432c-67ec-42bb-8ef7-1bac55f28976','0a80313f-6f94-483a-a758-177138aa21d6',0,0,0,0,0,'2016-01-28 16:13:38','2016-02-01 14:41:25',1),('debc466b-76d7-465c-a41c-bac4b4fd2232','edf136cc-286a-4765-b0c0-e623764fbce1','2',0,0,0,0,0,'2016-03-21 13:04:14',NULL,1);

/*Table structure for table `sst_evaluat` */

DROP TABLE IF EXISTS `sst_evaluat`;

CREATE TABLE `sst_evaluat` (
  `id` varchar(36) NOT NULL,
  `title` varchar(50) DEFAULT NULL COMMENT '标题',
  `thumbnail` varchar(137) DEFAULT NULL COMMENT '缩略图',
  `join_number` int(11) DEFAULT '0' COMMENT '参与人数',
  `sum_score` int(11) DEFAULT '0' COMMENT '总分',
  `abstracts` varchar(200) DEFAULT NULL COMMENT '简介',
  `order_by` int(11) DEFAULT '0' COMMENT '排序',
  `create_time` datetime DEFAULT NULL,
  `last_update_time` datetime DEFAULT NULL,
  `stat` int(11) DEFAULT NULL COMMENT '状态',
  `eva_type` int(4) DEFAULT '1' COMMENT '类型 1心里测试 2体质测试',
  PRIMARY KEY (`id`)
) ENGINE=InnoDB DEFAULT CHARSET=utf8 COMMENT='评测标题表';

/*Data for the table `sst_evaluat` */

insert  into `sst_evaluat`(`id`,`title`,`thumbnail`,`join_number`,`sum_score`,`abstracts`,`order_by`,`create_time`,`last_update_time`,`stat`,`eva_type`) values ('05321395-f49d-409a-bbeb-2be1ec912a49','测测你能遇上理想爱人的概率？','\\upload\\20160201\\0dad8db1d8e04ab49eb4cee932dd7d71.png',10000,18,'9999',2,'2016-02-01 10:54:06','2016-03-01 13:33:16',1,1),('1','交友能力水平测试：大家都愿和你做朋友吗？','\\upload\\20160201\\5ac502355a1a42158351956a8f13b3c7.png',222,0,'2222',1,'2016-02-01 09:54:02','2016-02-02 10:21:56',1,1),('373de2a7-5be9-4f96-a706-b4c3d6841d3a','你今生容不容易出轨？','\\upload\\20160202\\6f0ce37aa7964b6bb12207042817a4ef.jpg',456,18,'在现实的生活中，出轨的原因各有不同，一般皆是与其心理或者生理问题有关系。下面一起来做个测试吧，看今生你会精神出轨还是身体出轨。',6,'2016-02-01 11:06:14','2016-02-02 10:25:43',1,1),('4e93e43d-ca39-4830-8f2e-90cc098e052c','测婚姻能给你带来安全感吗？','\\upload\\20160201\\9172e55e02dd4ad9be38b02b163d2e0d.png',11,0,'11',5,'2016-02-01 11:27:47','2016-02-02 10:22:38',1,1),('a661fb87-cde0-4bd8-b634-f00e29afb73f','一张图测出你现在的恋情','\\upload\\20160201\\883fbdc96e8d44cf8095a80442df7e83.png',100,0,'100',3,'2016-02-01 10:53:42','2016-02-02 10:22:25',1,1),('cc143dc8-5ae3-4fa2-acd2-4be0fb9a4b93','测试你爱情受伤的原因','\\upload\\20160201\\47a4c19f800e45e2a23080ce89522c28.png',22,0,'22',5,'2016-02-01 11:03:54','2016-02-02 10:22:45',1,1),('cdf99451-1b57-47cd-8eb3-d3b00bcd0faa','你会遭遇什么样的爱情尴尬？','\\upload\\20160201\\4d8ff6bc716c4529946ce68f35f87766.jpg',12,6,'12',4,'2016-02-01 10:51:09','2016-03-02 10:14:22',1,2);

/*Table structure for table `sst_evaluat_answer` */

DROP TABLE IF EXISTS `sst_evaluat_answer`;

CREATE TABLE `sst_evaluat_answer` (
  `id` varchar(36) NOT NULL,
  `eva_id` varchar(36) NOT NULL,
  `eva_question_id` varchar(36) NOT NULL,
  `title` varchar(200) DEFAULT NULL COMMENT '答案标题',
  `ans_score` int(11) DEFAULT NULL COMMENT '答案对应的分数',
  `order_by` int(11) DEFAULT NULL COMMENT '排序',
  `create_time` datetime DEFAULT NULL,
  `last_update_time` datetime DEFAULT NULL,
  `stat` int(11) DEFAULT NULL,
  PRIMARY KEY (`id`)
) ENGINE=InnoDB DEFAULT CHARSET=utf8 COMMENT='评测答案表';

/*Data for the table `sst_evaluat_answer` */

insert  into `sst_evaluat_answer`(`id`,`eva_id`,`eva_question_id`,`title`,`ans_score`,`order_by`,`create_time`,`last_update_time`,`stat`) values ('0fbd674c-1a09-4c57-a2f4-2e0efd499482','373de2a7-5be9-4f96-a706-b4c3d6841d3a','de092025-0958-4514-b2a7-4abcd24a91fc','还好',3,3,'2016-02-02 10:25:40',NULL,1),('149b7a3b-928a-4a90-8c71-370251637fe0','cdf99451-1b57-47cd-8eb3-d3b00bcd0faa','6f14088e-3661-4116-8bd9-2b8114ad79cb','A',1,1,'2016-03-02 10:13:52',NULL,1),('14e1d05e-963d-4c74-90f5-e10e6916521f','05321395-f49d-409a-bbeb-2be1ec912a49','5e225419-a8c1-47a3-8443-817a002fb7e9','很好',1,2,'2016-03-01 13:32:09',NULL,1),('1e15328e-54c7-4501-87e4-e81a5299ec97','373de2a7-5be9-4f96-a706-b4c3d6841d3a','de092025-0958-4514-b2a7-4abcd24a91fc','不是',2,2,'2016-02-02 10:25:35',NULL,1),('30ff72d7-e1bc-4dbe-b1ed-955a2ae2a6dc','05321395-f49d-409a-bbeb-2be1ec912a49','5e225419-a8c1-47a3-8443-817a002fb7e9','好',5,1,'2016-02-01 17:02:12','2016-03-01 13:32:56',1),('3bbf3404-d80f-4e4c-afdf-00f13d160cef','cdf99451-1b57-47cd-8eb3-d3b00bcd0faa','6f14088e-3661-4116-8bd9-2b8114ad79cb','B',2,2,'2016-03-02 10:13:58','2016-03-02 10:14:00',1),('3db36021-2128-49e6-8eee-f4e7a0de1acf','373de2a7-5be9-4f96-a706-b4c3d6841d3a','bdca2e9b-9dd8-4554-a800-0c1e38abb98f','会',1,1,'2016-02-02 10:24:44','2016-02-02 10:25:02',1),('3ded10d9-58be-4e28-8d25-555525cc159a','05321395-f49d-409a-bbeb-2be1ec912a49','2d1b45cc-87c0-4eb1-8ccb-36c743a0c1e0','很好',1,1,'2016-02-01 16:04:29','2016-03-01 13:31:31',1),('472e5790-9a26-433e-8f55-30c59f56615f','373de2a7-5be9-4f96-a706-b4c3d6841d3a','de092025-0958-4514-b2a7-4abcd24a91fc','是的',1,1,'2016-02-02 10:25:30','2016-02-02 10:25:43',1),('54b650d2-7e95-4be3-9233-f05bd79bb2ea','05321395-f49d-409a-bbeb-2be1ec912a49','2d1b45cc-87c0-4eb1-8ccb-36c743a0c1e0','还可以',3,3,'2016-03-01 13:31:49','2016-03-01 13:32:50',1),('661a802f-0044-4d54-be28-6d11b8c74402','05321395-f49d-409a-bbeb-2be1ec912a49','f3ea4444-be37-42ee-8bc7-d8e8bd45d834','红',1,1,'2016-03-01 13:33:06',NULL,1),('6653cdf5-a6b6-4601-8763-1f39daa691e2','1','1','还好',3,3,'2016-02-02 10:24:11',NULL,1),('6d7b553b-1951-4140-a6a9-a8628af69966','1','1','不是',2,2,'2016-02-02 10:24:04','2016-02-02 10:24:14',1),('7d61f4fd-c180-42e7-9cb5-e2bf2caa78e0','1','1','是的',1,1,'2016-02-02 10:23:59',NULL,1),('81fc62c5-d5fd-4b2a-ad97-ff57d4255dbd','373de2a7-5be9-4f96-a706-b4c3d6841d3a','bdca2e9b-9dd8-4554-a800-0c1e38abb98f','还好',3,3,'2016-02-02 10:24:56',NULL,1),('8fbe76e8-391b-452e-9d51-cc01f1c29f97','05321395-f49d-409a-bbeb-2be1ec912a49','2d1b45cc-87c0-4eb1-8ccb-36c743a0c1e0','好',2,2,'2016-02-01 16:08:57','2016-03-01 13:31:38',1),('988eb665-9aef-4736-b06d-f96ef0a0500a','05321395-f49d-409a-bbeb-2be1ec912a49','f3ea4444-be37-42ee-8bc7-d8e8bd45d834','不红',2,2,'2016-03-01 13:33:13','2016-03-01 13:33:16',1),('a2831149-7175-4bb6-aed7-33c365211bb9','cdf99451-1b57-47cd-8eb3-d3b00bcd0faa','0202b592-d0d1-449c-9152-86801932b7fd','C',1,1,'2016-03-02 10:14:15',NULL,1),('a60b104f-8713-4680-b8d2-68d3d5f2566d','05321395-f49d-409a-bbeb-2be1ec912a49','eb2af464-85aa-4789-bdcd-0cc0cf165bb8','闷',2,2,'2016-03-01 13:32:27','2016-03-01 13:32:42',1),('b277044b-c137-4c0e-9d95-f5eb7b30f5bb','cdf99451-1b57-47cd-8eb3-d3b00bcd0faa','0202b592-d0d1-449c-9152-86801932b7fd','D',2,2,'2016-03-02 10:14:19','2016-03-02 10:14:22',1),('d3eab00d-e8fc-4f8e-be3d-e71efcccd36c','05321395-f49d-409a-bbeb-2be1ec912a49','eb2af464-85aa-4789-bdcd-0cc0cf165bb8','不闷',1,1,'2016-03-01 13:32:22',NULL,1),('d555a63a-a829-4eeb-b23d-a0694076bc63','373de2a7-5be9-4f96-a706-b4c3d6841d3a','bdca2e9b-9dd8-4554-a800-0c1e38abb98f','不会',2,2,'2016-02-02 10:24:50',NULL,1);

/*Table structure for table `sst_evaluat_question` */

DROP TABLE IF EXISTS `sst_evaluat_question`;

CREATE TABLE `sst_evaluat_question` (
  `id` varchar(36) NOT NULL,
  `eva_id` varchar(36) DEFAULT NULL COMMENT '评测Id',
  `title` varchar(50) DEFAULT NULL COMMENT '题目标题',
  `sum_score` int(11) DEFAULT '0',
  `order_by` int(11) DEFAULT NULL COMMENT '排序',
  `create_time` datetime DEFAULT NULL,
  `last_update_time` datetime DEFAULT NULL,
  `stat` int(11) DEFAULT NULL,
  PRIMARY KEY (`id`)
) ENGINE=InnoDB DEFAULT CHARSET=utf8 COMMENT='评测问题列表';

/*Data for the table `sst_evaluat_question` */

insert  into `sst_evaluat_question`(`id`,`eva_id`,`title`,`sum_score`,`order_by`,`create_time`,`last_update_time`,`stat`) values ('0202b592-d0d1-449c-9152-86801932b7fd','cdf99451-1b57-47cd-8eb3-d3b00bcd0faa','题目2',3,2,'2016-03-02 10:14:08','2016-03-02 10:14:22',1),('0d0b7576-d93d-4430-b36f-d55b42c740fd','05321395-f49d-409a-bbeb-2be1ec912a49','222',0,8,'2016-02-01 15:16:13','2016-03-01 13:31:17',0),('1','1','皮肤干裂程度',0,6,'2016-02-01 15:09:15','2016-02-01 15:09:28',1),('222','373de2a7-5be9-4f96-a706-b4c3d6841d3a','吵架后，他总是愿意主动承认错误吗？',6,1,'2016-02-01 13:40:23','2016-02-02 14:57:56',1),('2d1b45cc-87c0-4eb1-8ccb-36c743a0c1e0','05321395-f49d-409a-bbeb-2be1ec912a49','我的身体怎么样了',6,1,'2016-02-01 13:55:12','2016-03-01 13:32:50',1),('5e225419-a8c1-47a3-8443-817a002fb7e9','05321395-f49d-409a-bbeb-2be1ec912a49','嘴巴很干的',6,2,'2016-02-01 13:52:31','2016-03-01 13:32:56',1),('617275d0-1224-4363-b65e-6435b3fec235','05321395-f49d-409a-bbeb-2be1ec912a49','2222',1,4,'2016-02-01 13:55:09','2016-03-01 13:30:59',0),('6f14088e-3661-4116-8bd9-2b8114ad79cb','cdf99451-1b57-47cd-8eb3-d3b00bcd0faa','题目1',3,1,'2016-03-02 10:13:44','2016-03-02 10:14:06',1),('794a824c-1b55-454b-9a45-30442335d997','05321395-f49d-409a-bbeb-2be1ec912a49','444',0,10,'2016-02-01 15:16:21','2016-03-01 13:31:11',0),('9375fcfa-38ea-4899-9ade-fd861b5b3a33','05321395-f49d-409a-bbeb-2be1ec912a49','1111',0,7,'2016-02-01 15:16:09','2016-03-01 13:31:03',0),('b9f678ae-edf3-4f68-9956-87c779b3f320','05321395-f49d-409a-bbeb-2be1ec912a49','5555',0,11,'2016-02-01 15:16:24','2016-03-01 13:31:07',0),('bdca2e9b-9dd8-4554-a800-0c1e38abb98f','373de2a7-5be9-4f96-a706-b4c3d6841d3a','他经常会主动给你买礼物吗？',6,2,'2016-02-02 10:24:35','2016-02-02 10:25:02',1),('c4ab2654-0125-434a-9838-2d25779f970c','05321395-f49d-409a-bbeb-2be1ec912a49','333',0,9,'2016-02-01 15:16:16','2016-03-01 13:31:14',0),('de092025-0958-4514-b2a7-4abcd24a91fc','373de2a7-5be9-4f96-a706-b4c3d6841d3a','他不善于用甜言蜜语来讨好你吗？',6,3,'2016-02-02 10:25:21','2016-02-02 10:25:43',1),('eb2af464-85aa-4789-bdcd-0cc0cf165bb8','05321395-f49d-409a-bbeb-2be1ec912a49','胸闷',3,3,'2016-02-01 13:53:00','2016-03-01 13:32:42',1),('f3ea4444-be37-42ee-8bc7-d8e8bd45d834','05321395-f49d-409a-bbeb-2be1ec912a49','脸颊是否偏红',3,5,'2016-02-01 15:07:34','2016-03-01 13:33:16',1);

/*Table structure for table `sst_evaluat_result` */

DROP TABLE IF EXISTS `sst_evaluat_result`;

CREATE TABLE `sst_evaluat_result` (
  `id` varchar(36) NOT NULL,
  `user_id` varchar(36) DEFAULT NULL,
  `eva_id` varchar(36) DEFAULT NULL,
  `eva_score_id` varchar(36) DEFAULT NULL,
  `sum_score` int(11) DEFAULT NULL COMMENT '计算好的总分',
  `create_time` datetime DEFAULT NULL,
  `last_update_time` datetime DEFAULT NULL,
  `stat` int(11) DEFAULT NULL,
  PRIMARY KEY (`id`)
) ENGINE=InnoDB DEFAULT CHARSET=utf8 COMMENT='评测结果表';

/*Data for the table `sst_evaluat_result` */

insert  into `sst_evaluat_result`(`id`,`user_id`,`eva_id`,`eva_score_id`,`sum_score`,`create_time`,`last_update_time`,`stat`) values ('052e5eed-6f35-4bb3-9fd9-9bae6c128d96','40b41478-1094-49da-b21a-9ab7c7cbb42f','cdf99451-1b57-47cd-8eb3-d3b00bcd0faa','7218020a-78be-48b3-9f4f-8d34f99adc9c',4,'2016-03-22 17:19:02','2016-03-22 17:19:03',1),('0de49c85-159f-4d5d-88bd-a7613efcdfc9','1','1','3f71d454-1173-4fc8-8541-4974604a7467',2,'2016-02-02 15:50:24','2016-02-03 11:52:25',1),('2476df3f-c531-4ed4-9e8b-c1fe8accf9b0','6d2a8f98-6622-444c-a6f8-e736c7a314c2','cdf99451-1b57-47cd-8eb3-d3b00bcd0faa','a58da355-42e7-4a5d-a30c-1d2105ddc5f2',2,'2016-03-15 16:38:00','2016-03-15 17:14:02',1),('24775b44-24d4-4c6e-8b36-df2be6cf7a8a',NULL,'1','3f71d454-1173-4fc8-8541-4974604a7467',2,'2016-02-02 17:39:32',NULL,1),('4a40731e-36d2-48c0-80d3-c415e5de7365',NULL,'1','80143c78-5b14-4176-90ce-fe173c8d7f02',8,'2016-02-02 17:12:52',NULL,1),('56bff936-b830-4efc-b411-03d34ae5c62e','590325e0-9e03-4cd3-9362-efed84013dab','05321395-f49d-409a-bbeb-2be1ec912a49','c7207a17-3b56-4cdb-ab5a-650e110b383c',5,'2016-03-01 16:21:24','2016-03-02 10:44:59',1),('5ed2a178-5dd8-4990-8e05-196208f9ca96',NULL,'1','3f71d454-1173-4fc8-8541-4974604a7467',2,'2016-02-02 17:39:30',NULL,1),('7765756a-f3ec-4205-ac61-5837edb583c7','40b41478-1094-49da-b21a-9ab7c7cbb42f','1','3f71d454-1173-4fc8-8541-4974604a7467',2,'2016-03-25 12:00:17',NULL,1),('828570e1-1674-41ec-ae24-f95e15616909',NULL,'1','80143c78-5b14-4176-90ce-fe173c8d7f02',NULL,'2016-02-03 09:12:12',NULL,1),('ace3f7cf-04dd-4222-acfc-d9f0213b69f1','a3efc072-0142-4fff-b951-3adc659a70c9','cdf99451-1b57-47cd-8eb3-d3b00bcd0faa','7218020a-78be-48b3-9f4f-8d34f99adc9c',4,'2016-03-29 17:01:26',NULL,1),('b412ff86-af8c-4619-9fb7-aa27e76ae42b','9b78e94f-5a99-4476-bb70-f555930749b6','1','3f71d454-1173-4fc8-8541-4974604a7467',1,'2016-03-15 16:41:47',NULL,1),('bfad631e-795b-49ae-9066-c54fa8903363','6d2a8f98-6622-444c-a6f8-e736c7a314c2','1','3f71d454-1173-4fc8-8541-4974604a7467',1,'2016-03-15 17:13:50','2016-03-16 10:42:11',1),('c11ddcc2-00f8-4bc6-890b-b6d533a93524','2','1','80143c78-5b14-4176-90ce-fe173c8d7f02',8,'2016-02-02 17:12:46',NULL,1),('c3011691-23c6-4ac0-b395-03acbb6febc3','a3efc072-0142-4fff-b951-3adc659a70c9','1','3f71d454-1173-4fc8-8541-4974604a7467',1,'2016-03-29 17:01:19',NULL,1),('ccc75c01-c29e-40de-b708-6bdf51ef5d23','a3efc072-0142-4fff-b951-3adc659a70c9','05321395-f49d-409a-bbeb-2be1ec912a49','c7207a17-3b56-4cdb-ab5a-650e110b383c',6,'2016-03-25 14:36:30',NULL,1),('cf2f1fa2-553f-4b77-b438-5076a1443041',NULL,'1','3f71d454-1173-4fc8-8541-4974604a7467',2,'2016-02-02 17:13:03',NULL,1),('ee010cf3-8f35-48f7-9d9b-fe6b732a9a43','590325e0-9e03-4cd3-9362-efed84013dab','cdf99451-1b57-47cd-8eb3-d3b00bcd0faa','7218020a-78be-48b3-9f4f-8d34f99adc9c',4,'2016-03-02 13:26:15','2016-03-02 13:32:50',1);

/*Table structure for table `sst_evaluat_score` */

DROP TABLE IF EXISTS `sst_evaluat_score`;

CREATE TABLE `sst_evaluat_score` (
  `id` varchar(36) NOT NULL,
  `eva_id` varchar(36) DEFAULT NULL,
  `start_score` int(11) DEFAULT NULL COMMENT '开始分数',
  `end_score` int(11) DEFAULT NULL COMMENT '结束分数',
  `abstracts` varchar(2000) DEFAULT NULL COMMENT '评分对应结果',
  `create_time` datetime DEFAULT NULL,
  `last_update_time` datetime DEFAULT NULL,
  `stat` int(11) DEFAULT NULL,
  PRIMARY KEY (`id`)
) ENGINE=InnoDB DEFAULT CHARSET=utf8 COMMENT='评测题目对应分数结果表';

/*Data for the table `sst_evaluat_score` */

insert  into `sst_evaluat_score`(`id`,`eva_id`,`start_score`,`end_score`,`abstracts`,`create_time`,`last_update_time`,`stat`) values ('3f71d454-1173-4fc8-8541-4974604a7467','1',1,3,'你很注意流行信息，隻要有人和你聊这样的话题，你一定可以马上和他成为无话不谈的好朋友。你是很有原则的人，隻要不和你的原则冲突，你什麽事都好商量，可是如果一但违背你的原则，那就什麽也没得谈了。','2016-02-02 10:07:34','2016-02-02 10:12:31',1),('7218020a-78be-48b3-9f4f-8d34f99adc9c','cdf99451-1b57-47cd-8eb3-d3b00bcd0faa',3,6,'yui','2016-03-02 10:14:49',NULL,1),('80143c78-5b14-4176-90ce-fe173c8d7f02','1',4,9,'士大夫首发式发生发射点发射点发射点','2016-02-02 16:22:19','2016-02-22 09:05:42',1),('a58da355-42e7-4a5d-a30c-1d2105ddc5f2','cdf99451-1b57-47cd-8eb3-d3b00bcd0faa',1,3,'ASD','2016-03-02 10:14:38',NULL,1),('c7207a17-3b56-4cdb-ab5a-650e110b383c','05321395-f49d-409a-bbeb-2be1ec912a49',4,8,'99999','2016-03-01 16:20:16',NULL,1);

/*Table structure for table `sst_group` */

DROP TABLE IF EXISTS `sst_group`;

CREATE TABLE `sst_group` (
  `id` varchar(36) NOT NULL COMMENT '主键id',
  `name` varchar(100) DEFAULT NULL COMMENT '群组名称',
  `create_user_id` varchar(36) DEFAULT NULL COMMENT '创建人id',
  `create_user_name` varchar(20) DEFAULT NULL COMMENT '创建人名称',
  `create_time` datetime DEFAULT NULL COMMENT '创建时间',
  `last_update_time` datetime DEFAULT NULL COMMENT '最后更新时间',
  `stat` int(1) DEFAULT NULL COMMENT '数据状态',
  PRIMARY KEY (`id`)
) ENGINE=InnoDB DEFAULT CHARSET=utf8 COMMENT='群组表';

/*Data for the table `sst_group` */

insert  into `sst_group`(`id`,`name`,`create_user_id`,`create_user_name`,`create_time`,`last_update_time`,`stat`) values ('095aead5-b305-4a8f-b401-33e03bf175ed','null、juju_y2651','4aa99198-c3a2-4964-a076-2a8876aa5d71','juju_y2651','2016-03-11 09:36:10',NULL,1),('1','闷声发大财','d4a9dc41-dfe6-4e5b-8c3e-e777423ab5f7','隔壁老王家','2016-01-15 13:23:50',NULL,1),('47409d06-9d22-4940-b0ab-1fc64598f9c0','zgy、juju_c5749','40b41478-1094-49da-b21a-9ab7c7cbb42f','juju_c5749','2016-03-17 11:40:41',NULL,1),('5dd634f3-76fd-432d-8cb9-492a20862e33','juju_z7892、Mark、juju_c1322...','9b78e94f-5a99-4476-bb70-f555930749b6','juju_c1322','2016-03-14 14:54:53',NULL,1),('7289fc5f-45af-4da7-bb46-9bb1fcda9e03','juju_z7892、Mark、张光熠...','9b78e94f-5a99-4476-bb70-f555930749b6','张光熠','2016-03-14 15:38:03',NULL,1),('78a49dc5-0a32-4cf9-8871-375b2438d2a0','沐风、zgy、王翔...','40b41478-1094-49da-b21a-9ab7c7cbb42f','王翔','2016-03-25 13:46:53',NULL,1),('899594fd-b2df-4d97-80c4-2aa6622e8030','null、null、juju_y2651...','4aa99198-c3a2-4964-a076-2a8876aa5d71','juju_y2651','2016-03-11 09:32:01',NULL,1),('a591a975-e448-4301-b3a8-317d9588174a','张光熠、Mark','6d2a8f98-6622-444c-a6f8-e736c7a314c2','Mark','2016-03-14 17:22:00',NULL,1),('cf5d8f6d-ec38-45f2-b7d6-eb47a783db2f','juju_z7892、张光熠','9b78e94f-5a99-4476-bb70-f555930749b6','张光熠','2016-03-14 15:37:53',NULL,1);

/*Table structure for table `sst_group_user` */

DROP TABLE IF EXISTS `sst_group_user`;

CREATE TABLE `sst_group_user` (
  `id` varchar(36) NOT NULL COMMENT '主键id',
  `group_id` varchar(36) DEFAULT NULL COMMENT '群组id',
  `user_id` varchar(36) DEFAULT NULL COMMENT '用户id',
  `create_time` datetime DEFAULT NULL COMMENT '创建时间',
  `last_update_time` datetime DEFAULT NULL COMMENT '最后更新时间',
  `stat` int(1) DEFAULT NULL COMMENT '数据状态',
  PRIMARY KEY (`id`)
) ENGINE=InnoDB DEFAULT CHARSET=utf8 COMMENT='群组用户表';

/*Data for the table `sst_group_user` */

insert  into `sst_group_user`(`id`,`group_id`,`user_id`,`create_time`,`last_update_time`,`stat`) values ('03b65f1e-e9e3-4b5e-839c-4283c4fcb2cd','cf5d8f6d-ec38-45f2-b7d6-eb47a783db2f','9b78e94f-5a99-4476-bb70-f555930749b6','2016-03-14 15:37:53',NULL,1),('08e680df-c23c-4812-bf33-a14a3dbab6ad','cf5d8f6d-ec38-45f2-b7d6-eb47a783db2f','f97014f7-5fea-4e29-915b-1bfed8a592d3','2016-03-14 15:37:53',NULL,1),('1','1','0409b62b-564a-4217-8b75-d9b9389d644e','2016-01-15 13:38:42',NULL,1),('2','1','48a8acf7-67d0-44a9-806e-3b00c2b1337a','2016-01-15 13:38:42',NULL,1),('2a6d1df8-fdc1-433d-b00a-716217b53851','47409d06-9d22-4940-b0ab-1fc64598f9c0','40b41478-1094-49da-b21a-9ab7c7cbb42f','2016-03-17 11:40:41',NULL,1),('2f6568d6-8cd3-4dfc-86bd-2c078e7608bc','5dd634f3-76fd-432d-8cb9-492a20862e33','9b78e94f-5a99-4476-bb70-f555930749b6','2016-03-14 14:54:53',NULL,1),('4','1','d4a9dc41-dfe6-4e5b-8c3e-e777423ab5f7','2016-01-15 13:38:42',NULL,1),('5cad8259-5fd4-4a79-aea5-4a6d05606579','7289fc5f-45af-4da7-bb46-9bb1fcda9e03','6d2a8f98-6622-444c-a6f8-e736c7a314c2','2016-03-14 15:38:03',NULL,1),('74f975f2-0d16-46e0-8a88-dcca3a0e22b8','78a49dc5-0a32-4cf9-8871-375b2438d2a0','a3efc072-0142-4fff-b951-3adc659a70c9','2016-03-25 13:46:53',NULL,1),('7f5b4244-2d28-462d-8eb5-188554d28911','78a49dc5-0a32-4cf9-8871-375b2438d2a0','40b41478-1094-49da-b21a-9ab7c7cbb42f','2016-03-25 13:46:53',NULL,1),('85dc0720-9b4c-4f39-a704-0e7a4e766666','78a49dc5-0a32-4cf9-8871-375b2438d2a0','e256e2ad-edc1-4aeb-bf94-014cf506a4a5','2016-03-25 13:46:53',NULL,1),('b29fed5d-57d8-4542-ad2a-c1dcef69c2a3','47409d06-9d22-4940-b0ab-1fc64598f9c0','a3efc072-0142-4fff-b951-3adc659a70c9','2016-03-17 11:40:41',NULL,1),('b616df0e-fec4-4a9c-8da5-37811acbfd9b','a591a975-e448-4301-b3a8-317d9588174a','6d2a8f98-6622-444c-a6f8-e736c7a314c2','2016-03-14 17:22:00',NULL,1),('bd92293b-30b2-4bab-99d7-cee1242ef381','5dd634f3-76fd-432d-8cb9-492a20862e33','6d2a8f98-6622-444c-a6f8-e736c7a314c2','2016-03-14 14:54:53',NULL,1),('ca25fd87-6871-458a-ae2a-df8704f3cfd2','7289fc5f-45af-4da7-bb46-9bb1fcda9e03','f97014f7-5fea-4e29-915b-1bfed8a592d3','2016-03-14 15:38:03',NULL,1),('d93d479d-d437-49a7-aaf0-678fe615fa53','a591a975-e448-4301-b3a8-317d9588174a','9b78e94f-5a99-4476-bb70-f555930749b6','2016-03-14 17:22:00',NULL,1),('e0f1aa91-601f-46f7-8175-574f298734bb','7289fc5f-45af-4da7-bb46-9bb1fcda9e03','9b78e94f-5a99-4476-bb70-f555930749b6','2016-03-14 15:38:03',NULL,1),('f1bc48b4-456b-45f9-9d73-56d0ccc05ce1','5dd634f3-76fd-432d-8cb9-492a20862e33','f97014f7-5fea-4e29-915b-1bfed8a592d3','2016-03-14 14:54:53',NULL,1);

/*Table structure for table `sst_home_menu` */

DROP TABLE IF EXISTS `sst_home_menu`;

CREATE TABLE `sst_home_menu` (
  `id` varchar(50) NOT NULL COMMENT '主键',
  `parent_id` varchar(50) DEFAULT NULL,
  `cname` varchar(50) DEFAULT NULL,
  `ename` varchar(50) DEFAULT NULL,
  `menu_type` varchar(36) DEFAULT NULL,
  `menu_order` int(4) DEFAULT NULL,
  `menu_url` varchar(100) DEFAULT NULL,
  `content` text COMMENT '描述',
  `issingle` int(4) DEFAULT '0' COMMENT '显示类型（1：单页，2：图片轮播,3:图片列表,4:新闻资讯）',
  `last_update_time` datetime DEFAULT NULL,
  `create_time` date DEFAULT NULL,
  `stat` int(4) DEFAULT NULL,
  `summary` varchar(500) DEFAULT NULL,
  `picture` varchar(500) DEFAULT NULL,
  `activity_type` int(3) DEFAULT NULL,
  `video_type` int(3) DEFAULT NULL,
  `is_show` int(2) DEFAULT '1' COMMENT '首页是否显示(0:不显示;1:显示)',
  PRIMARY KEY (`id`)
) ENGINE=InnoDB DEFAULT CHARSET=utf8;

/*Data for the table `sst_home_menu` */

insert  into `sst_home_menu`(`id`,`parent_id`,`cname`,`ename`,`menu_type`,`menu_order`,`menu_url`,`content`,`issingle`,`last_update_time`,`create_time`,`stat`,`summary`,`picture`,`activity_type`,`video_type`,`is_show`) values ('037e8b7b-5add-476a-860f-52cfd5b6252c','671a3971-2e80-4481-86f8-3048201764f1','2222','22222','2',6,'','',2,'2016-04-28 10:50:44','2016-04-28',1,'','/upload/20160428/d14f9241f9fc41c5a6e011dbc998c7bc.jpg',NULL,NULL,0),('29ab349b-337d-4cdb-8a26-339d250708ad','2df6cf99-9083-4eed-b7df-79630bbc7417','中西式宴会','Chinese and Western banquets','2',1,'','',1,'2016-04-28 11:20:46','2016-04-07',0,'','',-1,-1,0),('2b106446-321a-4301-9297-e294cd01061c',NULL,'公司资质','company','1',4,'/company/index.htm','<div class=\"subtitle\">\r\n    企业简介<span class=\"curfont\">company overview</span>\r\n</div>\r\n<br>\r\n<p style=\"text-align: center;\">\r\n    &nbsp;2015年，JUJU PARTY外烩以业界最高规格的软硬件条件，拿下了餐饮行业内首张外烩服务资质许可证，成为上海乃至国内外餐饮服务品位升级的标志性事件。凭借众星捧月般的号召力，公司吸引了俏江南、绿波廊、绍兴饭店、lucedella vita等众多知名饭店，以及金茂君悦大酒店、上海世茂皇家艾美酒店等五星酒店品牌前来寻求合作，成为业界资源整合的集大成者。\r\n在过去三年间投入巨资，经过了多次大型改造，公司建成了6000多平方米冷链资质中央工厂，是一座具备先进的餐饮食品生产加工能力、现代化管理体系、标准化生产的冷链工厂。\r\n先进的冷链技术为外烩业务的研发、制作和供应提供了强大的保障。\r\n公司拥有国内最高规格的冷链物流体系，以及能对食品安全进行最优化控制的冷链管理平台系统。\r\nJUJU PARTY外烩旗下汇集了来自欧、美、东南亚、日本等地的国际化厨师、研发团队，欧美日韩原创菜式尽情挑拨您的舌尖，让你获得前所未有的饕餮享受。\r\n公司致力于打造从农场到餐桌(farm to table)的食品全产业链体系，品质可控，来源可追溯。全球化的采购供应链体系，确保了高端食材的原产、原汁、原味，采购标准比您的味蕾更苛刻。\r\n大型活动与小型PARTY领域的丰盛资源，使得我们公司成为上海高端外烩领域的上上之选。名门之秀，品味不凡。<br/>\r\n</p>\r\n<p style=\"text-align: center;\">\r\n    &nbsp;JuJu Party has attracted many famous in and out of our country because of its high-profiled soft and hard conditions, like South Beauty, Lvbo Lang, Shaoxing Hotel, Lucedella vita and other hotels including many well-known five-star hotels like Grand Hyatt as well as Le Royal Meridien Shanghai. It has become an industry resource of combination in this field.\r\nOur company has made a large investment and transformation to build a central factory of cold chin transport with more than 6,000 square meters. It is a modern factory with ability to produce and process food, manage with modern systems, make standard production.\r\n Advanced cold chain technology has provided a powerful guarantee for the R&amp;D about the cold chin transport systems and management for the food safety.\r\n The JuJu Party collected the international standard chefs from Europe, America, Japan and other areas of the world to make you feel the original enjoyment and get the unprecedented enjoyment that never have before.\r\nOur company is committed to build a food chin system from farm to table to ensure the quality of the food by controlling the whole process. The standard of selecting and purchasing the food are more restrict than your need.\r\nWe can also provide the gorgeous resource for the small or large parties and activities. Our company is the first choice for the high-standard activities in Shanghai with extraordinary taste and style.\r\n</p>\r\n<p style=\"text-align: center;\">\r\n    <img src=\"http://www.jujucatering.com/upload/20160428/53561461812427467.jpg\" _src=\"http://www.jujucatering.com/upload/20160428/53561461812427467.jpg\"/>\r\n</p>',1,'2016-04-28 11:13:37','2016-04-06',1,'聚聚派对外烩（上海趴体外烩餐饮管理有限公司）拥有中国第一张外卖服务资质许可证和占地总面积超过6000平方米冷链资质食品研发中央工厂，是国内第一批获得冷链流通资质的企业。天坊食品研发中央工厂位于上海浦东航头，从传统盒饭作坊，到今天现代化管理体系、标准化生产的冷链工厂，经过了六次大型改造。聚聚派对外烩在大型活动与小型PARTY领域的丰富资源，成为上海高端外烩领域的上上之选，名门之秀，品味不凡。','/upload/20160406/fb2daa87a1c34161a5a1fbb40a2efbcc.jpg',-1,-1,1),('2b106446-321a-4301-9297-e294cd01061e','2b106446-321a-4301-9297-e294cd01061c','工厂介绍','factory','2',1,'','<div class=\"company_box factory\"><div class=\"subtitle\">工厂介绍<span class=\"curfont\">Factory</span></div><p style=\"text-align: center;\">上海天坊食品制造有限公司中央工厂位于上海浦东新区航头，工厂占地总面积6000多平方米，从2011年起不断投入巨资，使中央工厂从最初生产传统盒饭发展至今成为一个拥有独立产品研发团队、餐饮标准化工业生产体系，并在2015年获得上海首家团体膳食外卖资质证书的现代化新型餐饮生产加工企业。\r\n工厂生产的全部工作指令由独立开发的SAP系统进行处理。SAP系统是信息化管控的核心，确保产品生产在质量、计划、成本等方面高效运作，对食品安全可达到最优化控制。\r\n集团下属信息公司持续5年开发的产品形态、IMS系统、追溯系统、用户端APP等，为正在启动的团餐运营服务奠定了扎实基础。\r\n我们拥有一批优秀且专业的管理团队和工作团队，他们来自国内外著名餐饮企业。</p><p style=\"text-align: center;\">The central factory of Shanghai Tian Fang Food Co., Ltd is located in the Shanghai Pudong new area with 6,000 square meters. It has become a standard industrial production system with dependent product development team since traditional fast food in 2011, and won the first certificate of modern new-style of production and processing about community takeaway food in Shanghai.\r\nAll the orders about work at the factory are processed with independent SAP system. SAP is the core part of information controlling to make high efficiency in operation, planning, cost and other aspects of food safety.\r\nThe information company under the group has developed the products form for five years including IMS system, traceability system, APP for users and other things to lay a solid foundation for the operation and services of the group.\r\nWe have a number of outstanding and dedicated managed working teams and groups from foreign famous catering business.</p><p style=\"text-align: center;\"><img src=\"http://www.jujucatering.com/upload/20160428/57581461812390203.jpg\" _src=\"http://www.jujucatering.com/upload/20160428/57581461812390203.jpg\"/></p></div>',1,'2016-04-28 10:59:53','2016-04-06',1,'','',-1,-1,1),('2b106446-321a-4301-9297-e294cd01061f','2b106446-321a-4301-9297-e294cd01061c','公司资质','Our Qualifications','2',2,'','<div class=\"company_box qualifications\"><div style=\"text-align: center;\">&nbsp; &nbsp; &nbsp; &nbsp; &nbsp; &nbsp;</div><div class=\"subtitle\" style=\"text-align: center;\">公司资质<span class=\"curfont\">Our Qualifications</span>&nbsp; &nbsp; &nbsp;</div><p style=\"text-align: center;\">外卖餐饮服务许可证，是上海市食品药品监督管理局为整顿外烩服务市场、升级食品安全体系、提升上海国际中心城市餐饮服务水平而推出的一项认证。从冷链工厂硬件条件到软件条件都作出了极为严格的界定，聚聚派对外烩以国内外烩行业最高规格的软硬件条件而拔得头筹，拿下了国内第一张外卖服务资格许可证，成为上海乃至中国外烩服务品味升级的标志性事件。</p>\r\n			<p class=\"curfont\" style=\"text-align: center;\">Take-out catering service license is a certificate system released by Shanghai Food and Drug Administration(Shanghai FDA) to regulate catering service market, update food safety system and promote Shanghai’s catering service level as an international center. In this certification system, both hardware and software of cold-chain factory are strictly required. JujuCatering has obtained the first take-out catering service license in China with its most advanced software and hardware in both domestic and international catering industry, which has become the hallmark of catering service updating in Shanghai and even in China.</p>\r\n			<div class=\"imgbox company\" style=\"text-align: center;\"><img src=\"/img/company_2.jpg\" border=\"0\"/>\r\n &nbsp; &nbsp;</div>\r\n		</div>',1,'2016-04-28 11:21:53','2016-04-06',1,'','',-1,-1,1),('2b106446-321a-4301-9297-e294cd01061g','2b106446-321a-4301-9297-e294cd01061c','相关食品类认证','Relevant Certification','2',3,'','<div class=\"company_box certification\"><div class=\"subtitle\">相关食品类认证<span class=\"curfont\">Related food certificates</span></div><ul><li><div class=\"cont\"><h2>日产30000份冷链盒饭流通证</h2><br/><h3 class=\"curfont\">Certificate of distributing 30000 cold chain bentos per day</h3><br/></div></li><li><div class=\"cont\"><h2>团体膳食外卖服务许可证</h2><br/><h3 class=\"curfont\">License of take-out catering service for team food</h3><br/></div></li><li><div class=\"cont\"><h2>肉制品（酱卤肉制品）</h2><br/><h3 class=\"curfont\">Meat (sauced and spiced meat)</h3><br/></div></li><li><div class=\"cont\"><h2>非发酵性豆制品</h2><br/><h3 class=\"curfont\">Non-fermented bean products</h3><br/></div></li><li><div class=\"cont\"><h2>其他粮食加工品（谷物粉类制成品)</h2><br/><h3 class=\"curfont\">Other grain products</h3><br/></div></li><li><div class=\"cont\"><h2>方便食品</h2><br/><h3 class=\"curfont\">Instant food</h3></div></li></ul></div>',1,'2016-04-28 09:30:48','2016-04-06',1,'','',-1,-1,1),('2df6cf99-9083-4eed-b7df-79630bbc7417',NULL,'外烩服务','catering','1',3,'/catering/index.htm','<div class=\"subtitle\">外烩服务<span class=\"curfont\">Catering Service</span></div><p style=\"text-align: center;\">我们拥有丰富的活动经验，根据你的要求和场地的条件，打造专属您个性化的主题派对。我们所提供的餐饮服务广受好评，并在业界获得较高的口碑！五星宴会的至臻之选尽在聚聚外烩。\r\n让我们一起来聚聚吧！</p><p style=\"text-align: center;\">&nbsp;We have extensive experience in all kinds of activities and can provide all kinds of theme parties according to your requirements. Our company has obtained high reputation because of high-standard service. If you want to feel the five-star service party, come and join us.\r\n &nbsp; Let’s go and party. &nbsp; &nbsp;<span id=\"_baidu_bookmark_end_15\" style=\"display: none; line-height: 0px;\">‍</span><span id=\"_baidu_bookmark_end_13\" style=\"display: none; line-height: 0px;\">‍</span><span id=\"_baidu_bookmark_end_11\" style=\"display: none; line-height: 0px;\">‍</span><span id=\"_baidu_bookmark_end_9\" style=\"display: none; line-height: 0px;\">‍</span><span id=\"_baidu_bookmark_end_7\" style=\"display: none; line-height: 0px;\">‍</span><span id=\"_baidu_bookmark_end_5\" style=\"display: none; line-height: 0px;\">‍</span><span id=\"_baidu_bookmark_end_3\" style=\"display: none; line-height: 0px;\">‍</span><span id=\"_baidu_bookmark_end_1\" style=\"display: none; line-height: 0px;\">‍</span></p><p style=\"text-align: center;\"><img src=\"http://www.jujucatering.com/upload/20160428/75541461806064874.jpg\" _src=\"http://www.jujucatering.com/upload/20160428/75541461806064874.jpg\"/></p>',1,'2016-04-28 11:14:37','2016-04-06',1,'我们拥有丰富的活动经验，根据你的要求和场地的条件，打造专属您个性化的主题派对。我们所提供的餐饮服务广受好评，并在业界获得较高的口碑！五星宴会的至臻之选尽在聚聚外烩。','/upload/20160427/d2259b9e7de2402aaf20e2f88816ed8f.jpg',-1,-1,1),('4c8d507e-de2b-41cc-9667-e35e95914bb4',NULL,'首页','Homepage','1',1,'/index.htm','<p>22</p>',1,'2016-04-22 09:43:56','2016-04-06',1,'22','/upload/20160422/32f8c327fce24934aa89f87efb9c59f6.jpg',-1,-1,1),('500b6cc7-3029-405b-8faa-77b2a0f95661','4c8d507e-de2b-41cc-9667-e35e95914bb4','联系我们','contact','2',NULL,'','<ul style=\"margin-top: 50px; margin-bottom: 0px; margin-left: 0px; font-family: &#39;Microsoft YaHei&#39;, 宋体; box-sizing: border-box; width: 800px; overflow: hidden; color: rgb(0, 0, 0); font-size: medium; line-height: normal; white-space: normal;\"><li style=\"margin: 0px 0px 20px; padding: 0px; box-sizing: border-box; list-style: none; width: 800px; overflow: hidden; line-height: 24px;\"><label style=\"margin: 0px; padding: 0px; box-sizing: border-box; width: 160px; overflow: hidden; float: left;\">客服热线：<span style=\"margin: 0px; padding: 0px; box-sizing: border-box; display: block; clear: both; color: rgb(136, 136, 136);\">Hotline:</span></label><p style=\"margin-top: 0px; margin-bottom: 0px; padding: 0px; box-sizing: border-box; width: 640px; overflow: hidden; float: right;\"><span style=\"color: rgb(255, 255, 255); font-family: &#39;Microsoft YaHei&#39;, 宋体; font-size: medium; line-height: 24px; white-space: normal; background-color: rgba(127, 201, 172, 0.901961);\">400-622-6332</span></p></li><li style=\"margin: 0px 0px 20px; padding: 0px; box-sizing: border-box; list-style: none; width: 800px; overflow: hidden; line-height: 24px;\"><label style=\"margin: 0px; padding: 0px; box-sizing: border-box; width: 160px; overflow: hidden; float: left;\">微信订阅号：<span style=\"margin: 0px; padding: 0px; box-sizing: border-box; display: block; clear: both; color: rgb(136, 136, 136);\">Wechat:</span></label><p style=\"margin-top: 0px; margin-bottom: 0px; padding: 0px; box-sizing: border-box; width: 640px; overflow: hidden; float: right;\">聚聚派对外烩(订阅号：jujuwaihui)<br style=\"margin: 0px; padding: 0px; box-sizing: border-box;\"/>在聚聚外烩餐饮官方微信留言<span style=\"margin: 0px; padding: 0px; box-sizing: border-box; display: block; clear: both; color: rgb(136, 136, 136); font-size: 14px;\">In poly catering catering official micro channel message together party catering (subscription number: jujuwaihui)</span></p></li><li style=\"margin: 0px 0px 20px; padding: 0px; box-sizing: border-box; list-style: none; width: 800px; overflow: hidden; line-height: 24px;\"><label style=\"margin: 0px; padding: 0px; box-sizing: border-box; width: 160px; overflow: hidden; float: left;\">官方微博：<span style=\"margin: 0px; padding: 0px; box-sizing: border-box; display: block; clear: both; color: rgb(136, 136, 136);\">Sinaweibo:</span></label><p style=\"margin-top: 0px; margin-bottom: 0px; padding: 0px; box-sizing: border-box; width: 640px; overflow: hidden; float: right;\">http://weibo.com/u/5449790562<br style=\"margin: 0px; padding: 0px; box-sizing: border-box;\"/>在聚聚派对官方微博留言<span style=\"margin: 0px; padding: 0px; box-sizing: border-box; display: block; clear: both; color: rgb(136, 136, 136); font-size: 14px;\">the poly party official microblogging message (http://weibo.com/u/5449790562)</span></p></li></ul><p><br/></p>',1,'2016-04-27 11:11:07','2016-04-27',1,'','/upload/20160427/c5cf46d03c9346098605e4bb2941ed0e.jpg',NULL,NULL,1),('502e343b-c4bc-4522-af54-2c0088c8b6ae',NULL,'活动案例','active','1',5,'/active/index.htm','<div class=\"subtitle\" style=\"text-align: center;\">活动案例<span class=\"curfont\">Activities</span>&nbsp; &nbsp; &nbsp;</div><p style=\"text-align: center;\">聚聚派对外烩曾为“东方卫视”，“风从东方来”，“上海浪琴环球马术冠军赛”等重多大型公司活动提供全程餐饮服务。2015年8月荣幸成为如新（中国）万人大型嘉年华活动全程餐饮服务供应商，超过100人的专业运营团队2天内现场服务超过16000人，各色精致美食搭配酷炫活动，推动嘉年华欢乐气氛到达顶峰！&nbsp;</p><p style=\"text-align: center;\">JuJu Party has provided full catering service for a lot of important activities like “ Shanghai Satellite TV”, ”wind from east”. ”Shanghai Longines World Equestrain Championship”. It is a great honor to be the food service provider for the Carnival and provide professional service for 16,000 people in two days with a working group of 100 people. Gorgeous food and excellent activities promoted the carnival atmosphere to the top.</p><p style=\"text-align: center;\">&nbsp; &nbsp;			</p><div class=\"imgbox\" style=\"text-align: center;\"><img src=\"/img/active.jpg\" border=\"0\"/>\r\n &nbsp; &nbsp;</div><p></p>',1,'2016-04-28 11:22:22','2016-04-06',1,'聚聚派对外烩曾为“东方卫视”，“风从东方来”，“上海浪琴环球马术冠军赛”等重多大型公司活动提供全程餐饮服务。2015年8月荣幸成为如新（中国）万人大型嘉年华活动全程餐饮服务供应商，超过100人的专业运营团队2天内现场服务超过16000人，各色精致美食搭配酷炫活动，推动嘉年华欢乐气氛到达顶峰！','/upload/20160406/d59a5b1a2d20498aad40d6365e74c54f.jpg',-1,-1,1),('502e343b-c4bc-4522-af54-2c0088c8b6af','502e343b-c4bc-4522-af54-2c0088c8b6ae','“风从东方来”娱乐影响力盛典，<br>聚聚派对外烩优异服务引众星喝彩！','The wind from the East','2',1,'','<h3>“风从东方来”娱乐影响力盛典，<br/>聚聚派对外烩优异服务引众星喝彩！</h3><p>\r\n					</p><h4 class=\"curfont\">The wind from the East&quot; entertainment influence Festival, <br/>poly party catering services cited excellent stars cheer!</h4><p style=\"text-align: center;\"><img src=\"http://www.jujucatering.com/upload/20160428/93261461808607374.jpg\" _src=\"http://www.jujucatering.com/upload/20160428/93261461808607374.jpg\"/></p><p>2015年12月11日,聚聚派对外烩倾情打造了某大型公司毕马威饕餮之夜，本场活动为期两天，共有超过2500名毕马威员工参加了这场年度盛会。 针对这场年终盛会，聚聚派对外烩做了充足的准备，所有工作人员提前进场，协调前方活动，布置餐饮区域的搭建并且与毕马威紧密沟通，确保活动的万无一失。精心的菜品设计，精美的菜式摆盘专业的服务人员，都彰显着聚聚的实力。</p><p>\r\n					</p><p>On December 11, 2015, let&#39;s get together one of these foreign stewed dedecates road built a large firm KPMG dramatic night, this activity for two days, a total of more than 2500 KPMG employees attended the annual event. According to the annual event, let&#39;s get together one of these foreign stewed made adequate preparation, all staff in ahead of schedule, coordinate activities ahead, decorate building dining area and communicate closely with KPMG, to ensure foolproof. Elaborate dishes design, exquisite dishes plate professional service personnel, let&#39;s get together one of these has rushed in.</p>',1,'2016-04-28 09:58:37','2016-04-06',1,'聚聚派对外烩曾为','/upload/20160406/d59a5b1a2d20498aad40d6365e74c54f.jpg',-1,-1,1),('502e343b-c4bc-4522-af54-2c0088c8b6ag','502e343b-c4bc-4522-af54-2c0088c8b6ae','聚聚派对外烩与某大型公司年会','Together with a Large Firm party catering annual m','2',2,'','<h3>聚聚派对外烩与如新（中国）嘉年华</h3><p>&nbsp; &nbsp;					</p><h4 class=\"curfont\">JujuCatering Nu Skin(China) carnival</h4><p style=\"text-align: center;\">&nbsp; &nbsp;<img src=\"http://www.jujucatering.com/upload/20160428/67661461809182546.jpg\" _src=\"http://www.jujucatering.com/upload/20160428/67661461809182546.jpg\"/>	</p><p>聚聚派对外烩荣幸成为如新（中国）万人大型嘉年华活动全程餐饮服务供应商。超过100人的专业运营团队2天内现场服务超过16000人，各色精致美食搭配酷炫活动，推动嘉年华欢乐气氛到达顶峰</p><p>&nbsp; &nbsp;					</p><p>Jujucatering was honored to be catering service supplier for the large carnival held by Nu Skin(China). Our professional operation team of over 200 persons service over 16000 guests. Various delicate and delicious dishes in combination with interesting activities pushed the carnival onto climax.</p>',1,'2016-04-28 10:07:10','2016-04-06',1,'聚聚派对外烩曾为','/upload/20160406/d59a5b1a2d20498aad40d6365e74c54f.jpg',-1,-1,1),('502e343b-c4bc-4522-af54-2c0088c8b6ah','502e343b-c4bc-4522-af54-2c0088c8b6ae','聚聚派对外烩与某大型公司年会','Together with a Large Firm party catering annual m','2',2,'','<h3>\r\n    聚聚派对外烩与上海浪琴环球马术冠军赛\r\n</h3>\r\n<p></p>\r\n<h4 class=\"curfont\">\r\n    JujuCatering and Shanghai longines global championship tour\r\n</h4>\r\n<p style=\"text-align: center;\">\r\n    &nbsp; &nbsp; &nbsp;<img src=\"http://www.jujucatering.com/upload/20160428/30991461809337138.jpg\" _src=\"http://www.jujucatering.com/upload/20160428/30991461809337138.jpg\"/>\r\n</p>\r\n<p>\r\n    聚聚派对外烩与上海浪琴环球马术冠军赛联合牵手。外烩团队为马术冠军赛提供从工作人员到VIP嘉宾，从工作盒餐到西式餐宴的全线高端服务。由此成就聚聚派对外烩 的“华丽之跃”。\r\n</p>\r\n<p></p>\r\n<p>\r\n    JujuCatering has cooperated with Shanghai longines global championship tour by offering high end service from staff to VIP guest, from work food to western banquet, which has promoted the “beautiful leap” of JujuCatering.\r\n</p>',1,'2016-04-28 10:11:51','2016-04-06',1,'聚聚派对外烩曾为','/upload/20160406/d59a5b1a2d20498aad40d6365e74c54f.jpg',-1,-1,1),('534d03d5-0a83-4a73-b498-a9fd8dd52c05','29ab349b-337d-4cdb-8a26-339d250708ad','特色婚礼','wedding reception','2',2,'','',1,'2016-04-22 14:19:35','2016-04-22',1,'','',NULL,NULL,1),('536ff06e-7c9f-4cc4-a5da-5015c6b3e83f','671a3971-2e80-4481-86f8-3048201764f1','中式快餐','chinese','2',5,'','<p>11</p>',2,'2016-04-26 16:51:35','2016-04-26',0,'11','/upload/20160426/0a346960ac6a40129aef322dd4ee7014.jpg',NULL,NULL,1),('5e6ad2f2-f14a-4964-9598-1a78edf81628','671a3971-2e80-4481-86f8-3048201764f1','中式桌餐','Chinese Banquets','2',NULL,'','',2,'2016-04-26 16:26:24','2016-04-26',0,'','',NULL,NULL,1),('5fb99744-73b8-4c74-b115-40cd8cf111c5','502e343b-c4bc-4522-af54-2c0088c8b6ae','聚聚派对外烩与玛莎拉蒂','JujuCatering and Maserati','2',4,'','<h3>聚聚派对外烩与玛莎拉蒂</h3><p></p><h4 class=\"curfont\">JujuCatering and Maserati</h4><p style=\"text-align: center;\"><img src=\"http://www.jujucatering.com/upload/20160428/35971461809845898.jpg\" _src=\"http://www.jujucatering.com/upload/20160428/35971461809845898.jpg\"/></p><p>聚聚派对外烩与玛莎拉蒂牵手演绎赛道的激情与精致。聚聚团队临驾上海F1赛车场，为玛莎拉蒂尊贵VIP客户内部试驾体验活动提供自助餐。处处体现精心甄选与精细作派，无一不流露典雅高贵气派。</p><p></p><p>JujuCatering has showed the passion and delicacy of race circuit together with Maserati. JujuCatering team arrived at Shanghai F1 Circuit to offer banquet for the internal trial driving experience held by Maserati for its VIP customers. The ubiquitous selection and fineness has showed elegance and nobleness completely.</p>',1,'2016-04-28 10:17:30','2016-04-28',1,'','',NULL,NULL,NULL),('671a3971-2e80-4481-86f8-3048201764f1',NULL,'精选菜单','menu','1',2,'/menu/index.htm','<div class=\"subtitle\">精选菜单<span class=\"curfont\">Gourmet menu</span></div>\r\n<p style=\"text-align: center;\">\r\n    <br/>\r\n</p>\r\n<p></p>\r\n<p style=\"text-align: center;\">\r\n    <span style=\"font-size:16px;font-family:宋体\">我们的专业厨师团队</span> <span style=\"font-size:16px;font-family:宋体\">用精湛的厨艺</span> <span style=\"font-size:16px;font-family:宋体\">，在不断创新的同时</span> <span style=\"font-size:16px;font-family:宋体\">始终坚持保证食材的</span> <span style=\"font-size:16px;font-family:宋体\">最佳口感。宴会餐饮包括中西日餐、特聘国际五星级酒店行政总厨掌勺，精心烹饪，让您欣然享受极品美味。精心的菜品设计，精美的菜式摆盘，个性化的膳食营养搭配，营养更合理、饮食更安全、选择更丰富。</span>\r\n</p>\r\n<p style=\"text-align: center;\">\r\n    <span style=\"font-size:16px;font-family:&#39;Times New Roman&#39;\">Our professional chef team boasts exquisite cooking skills. While keeping innovating, the chef team tries to keep the optimal taste of ingredients. Our banquets mainly offer Chinese, Western and Japanese food. The executive chefs once working in international five-star hotels are employed to prepare delicacies for your enjoyment. The exquisite dish design, the beautiful dish display and the personalized dietary nutrition match aim at giving more choices to you and making your diet more healthy and nutritious.&nbsp;</span>\r\n</p>\r\n<p></p>\r\n<p style=\"text-align: left;\">\r\n    <img src=\"http://www.jujucatering.com/upload/20160422/44921461313478203.jpg\" _src=\"http://www.jujucatering.com/upload/20160422/44921461313478203.jpg\"/>\r\n</p>\r\n<p>\r\n    <br/>\r\n</p>',1,'2016-04-28 11:15:01','2016-04-06',1,'精心的菜品设计，精美的菜式摆盘，从工作盒餐到中西式餐宴。个性化的膳食营养搭配，营养更合理、饮食更安全、选择更丰富。','/upload/20160427/101ce07b24bf45ceb004127cba44a38d.jpg',-1,-1,1),('671a3971-2e80-4481-86f8-3048201764f2','671a3971-2e80-4481-86f8-3048201764f1','西式宴会菜单','West Package','2',5,'','',2,'2016-04-28 11:03:54','2016-04-06',1,'精心的菜品设计，精美的菜式摆盘，从工作盒餐到中西式餐宴。个性化的膳食营养搭配，营养更合理、饮食更安全、选择更丰富。','/upload/20160428/c02c51ec0dfc4b87a8a0dcc469bb8016.jpg',-1,-1,1),('671a3971-2e80-4481-86f8-3048201764f3','671a3971-2e80-4481-86f8-3048201764f1','茶歇菜单','Coffe & Tea','2',4,'','',2,'2016-04-28 11:03:51','2016-04-06',1,'精心的菜品设计，精美的菜式摆盘，从工作盒餐到中西式餐宴。个性化的膳食营养搭配，营养更合理、饮食更安全、选择更丰富。','/upload/20160428/5a95123599ea4fed801b58e454cafe77.jpg',-1,-1,1),('671a3971-2e80-4481-86f8-3048201764f4','671a3971-2e80-4481-86f8-3048201764f1','自助餐菜单','Buffet','2',1,'','',2,'2016-04-28 11:03:42','2016-04-06',1,'精心的菜品设计，精美的菜式摆盘，从工作盒餐到中西式餐宴。个性化的膳食营养搭配，营养更合理、饮食更安全、选择更丰富。','/upload/20160428/e603f3d38d6c48c5a4c275dad1efffc2.jpg',-1,-1,1),('8b2531c4-455a-4826-8b23-621079741325','29ab349b-337d-4cdb-8a26-339d250708ad','特色婚礼','wedding reception','2',NULL,'','',1,'2016-04-22 14:07:42','2016-04-22',1,'','',NULL,NULL,1),('8b40d84f-ebc6-4354-87e9-8491fc31c0c7','671a3971-2e80-4481-86f8-3048201764f1','中式菜单','Chinese Menu','2',3,'','',2,'2016-04-28 11:03:46','2016-04-26',1,'','/upload/20160428/088bd8fa06884ab9948050c397f6f710.jpg',NULL,NULL,1),('8e6628f6-49a3-4dc6-b2ea-445bfad69b2b','671a3971-2e80-4481-86f8-3048201764f1','3333','33333','2',2,'','',2,'2016-04-28 10:51:11','2016-04-28',1,'','/upload/20160428/6ffc76c528ed4302b582f295d61e92ba.jpg',NULL,NULL,0),('9857c4b3-6116-4b8f-8ea4-da1ebe2b187e','2df6cf99-9083-4eed-b7df-79630bbc7417','宴会类型','The Party Type','2',NULL,'','',3,NULL,'2016-04-22',1,'','',NULL,NULL,1),('9a44cdc3-43ba-4bd2-8851-0c74f669988b','671a3971-2e80-4481-86f8-3048201764f1','111','111','2',6,'','',2,'2016-04-28 10:52:47','2016-04-27',1,'','/upload/20160428/dfe2426f701d4ab884860af6f2c96951.jpg',NULL,NULL,0),('aad34553-9009-4242-9672-35f3b45ebd8a',NULL,'联系我们','contactus','1',7,'/contactus/index.htm','<div class=\"subtitle\">联系我们<span class=\"curfont\">Contact us</span></div><p>\r\n			</p><div class=\"imgbox\"><img src=\"/img/maps.jpg\" border=\"0\"/></div><p>\r\n			</p><ul><li>\r\n				</li><li><label>运营总部：<span>AD.:</span></label><p>上海市徐汇区淮海中路1010号嘉华中心3203-3204室<span>Operational headquarters: Shanghai city Xuhui District No. 1010 middle Huaihai Road, Ka Wah Center Room 3203-3204</span></p></li><li>\r\n				</li><li><label>官方网站：<span>Webset:</span></label><p>http://www.jujucatering.com</p></li><li>\r\n				</li><li><label>联系方式：<span>Contact:</span> </label><p>400-622-6332&nbsp;</p></li><li>\r\n				</li><li><label>传真：<span>Fax:</span></label><p>021-3383-1679</p></li><li>\r\n				</li><li><label>邮箱：<span>E-mail:</span> &nbsp;</label><p>jujuCatering@ssic.cn</p></li><li>\r\n				</li><li><label>邮编：<span>Zip code:</span></label><p>200030</p></li><li>\r\n			</li></ul>',1,'2016-04-28 13:59:37','2016-04-06',1,'运营总部：<br/>上海市徐汇区淮海中路1010号嘉华中心3203-3204室<br/><br/>官方网站：http://www.jujucatering.com/contact.html<br/><br/>联系方式：400-622-6332<br/>                传真：021-3383-1679<br/>邮箱：jujuCatering@ssic.cn','',-1,-1,1),('aad34553-9009-4242-9672-35f3b45ebd8b','aad34553-9009-4242-9672-35f3b45ebd8a','热线方式','hot tel','2',1,'','<div class=\"subtitle\">联系我们<span class=\"curfont\">Contact us</span></div><p>\r\n			</p><div class=\"imgbox\"><img src=\"/img/maps2.jpg\" border=\"0\"/></div><p>\r\n			</p><ul><li>\r\n				</li><li><label>客服热线：<span>Hotline:</span></label><p>400-622-6332</p></li><li>\r\n				</li><li><label>微信订阅号：<span>Wechat:</span></label><p>聚聚派对外烩(订阅号：jujuwaihui)<br/>在聚聚外烩餐饮官方微信留言<span>In poly catering catering official micro channel message together party catering (subscription number: jujuwaihui)</span></p></li><li>\r\n				</li><li><label>官方微博：<span>Sinaweibo:</span> </label><p>http://weibo.com/u/5449790562<br/>在聚聚派对官方微博留言<span>the poly party official microblogging message\r\n (http://weibo.com/u/5449790562)</span></p></li><li>\r\n			</li></ul>',1,'2016-04-27 11:13:11','2016-04-06',1,'','',-1,-1,1),('d493bf67-c8fc-4dfa-9835-3f4d443e5abe',NULL,'场地推荐','venue','1',6,'/venue/index.htm','<div class=\"subtitle\" style=\"text-align: center;\">场地推荐<span class=\"curfont\">Venue Recommendation</span></div><p style=\"text-align: center;\">&nbsp; &nbsp;</p><p><div style=\"text-align: center;\">我们可承接30-10000人规模的餐宴活动。无论是觥筹交错的盛大宴会，还是三两知己的温馨派对，我们都将为您精心奉上难以忘怀的美食和服务。</div><div style=\"text-align: center;\">专业的服务团队，拥有许多宴会经验，致力于提供最好最令人难忘的完美盛宴。我们可以迎合您的需要，提供各种设备以及宴会摆饰，并为专门的设计师为您制作各种宴会所需的小礼品以及卡片等。</div><div style=\"text-align: center;\">如果你还没有准备好足够的活动场地，我们总能找到适合您的理想场地。</div></p><p style=\"text-align: center;\">&nbsp; &nbsp;</p><p class=\"curfont\" style=\"text-align: center;\">We can provide banquet services to entertain 30~10,000 guests. Either in terms of large banquets or small gatherings among close friends, we will create an unforgettable experience for you with our delicacies and services. Our professional service team has rich banquet service experiences and is committed to creating banquets second to none. Our equipment and banquet layout are up to your requirement. Our designers can make various gifts and cards for different banquets. If you have not yet thought about the activity venue, we can try our best to find an ideal one for you.</p><p style=\"text-align: center;\">&nbsp; &nbsp;</p><div class=\"imgbox\"><p style=\"text-align: center;\"><img src=\"/img/venue.jpg\" border=\"0\"/></p><p style=\"text-align: center;\"><br/></p></div>',1,'2016-04-28 11:22:40','2016-04-06',1,'','/upload/20160406/72f0c3699788418e92abb73dbad0409c.jpg',-1,-1,1);

/*Table structure for table `sst_information` */

DROP TABLE IF EXISTS `sst_information`;

CREATE TABLE `sst_information` (
  `id` varchar(36) NOT NULL COMMENT '主键id',
  `menu_type` varchar(36) DEFAULT NULL COMMENT '菜单级别',
  `title` varchar(50) DEFAULT NULL COMMENT '标题-中文',
  `en_title` varchar(50) DEFAULT NULL COMMENT '标题-英文',
  `pic` varchar(200) DEFAULT NULL COMMENT '缩略图',
  `summary` varchar(200) DEFAULT NULL COMMENT '简介-中文',
  `en_summary` varchar(200) DEFAULT NULL COMMENT '简介-英文',
  `content` varchar(1000) DEFAULT NULL COMMENT '内容',
  `parent_type` int(1) NOT NULL DEFAULT '0' COMMENT '一级类型(0-新闻,1-健康食谱)',
  `sub_type` int(1) DEFAULT NULL COMMENT '二级类型(健康食谱:(0-常识,1-瘦身,2-食疗,3-实物归档,4-营养手册))',
  `create_admin_id` varchar(36) DEFAULT NULL COMMENT '创建者id',
  `create_admin_name` varchar(20) DEFAULT NULL COMMENT '创建者姓名',
  `create_time` datetime NOT NULL DEFAULT CURRENT_TIMESTAMP COMMENT '创建时间',
  `last_update_time` datetime DEFAULT NULL COMMENT '最后更新时间',
  `stat` int(1) NOT NULL DEFAULT '1' COMMENT '数据状态',
  PRIMARY KEY (`id`)
) ENGINE=InnoDB DEFAULT CHARSET=utf8 COMMENT='资讯(0-新闻,1-健康食谱)';

/*Data for the table `sst_information` */

insert  into `sst_information`(`id`,`menu_type`,`title`,`en_title`,`pic`,`summary`,`en_summary`,`content`,`parent_type`,`sub_type`,`create_admin_id`,`create_admin_name`,`create_time`,`last_update_time`,`stat`) values ('85d2239e-5ad0-48ad-b066-c6b639f96f6d','4c8d507e-de2b-41cc-9667-e35e95914bb4','2','22','\\upload\\20160407\\149db800b9db484cb8abd5c553af48c0.jpg','222','2222','<p>22222</p>',0,NULL,'3e6346a3-f942-4567-bf2a-926117022fbf','jam','2016-04-07 13:37:47',NULL,1),('ace0d9bf-c3c9-496e-b7d5-9a8ecf567cd5','4c8d507e-de2b-41cc-9667-e35e95914bb4','5','55','\\upload\\20160407\\23544b6928df488bb92c4b4f1cce9df4.jpg','555','5555','<p>55555</p>',0,NULL,'3e6346a3-f942-4567-bf2a-926117022fbf','jam','2016-04-07 13:39:37',NULL,1),('bfa33618-e001-40d9-bfe1-4c8dd9efaedd','2df6cf99-9083-4eed-b7df-79630bbc7417','1','11','\\upload\\20160407\\5a00b56d21fb44f5aace7ed3eaa6565f.jpg','111','1111','<p>11111</p>',0,NULL,'3e6346a3-f942-4567-bf2a-926117022fbf','jam','2016-04-07 13:37:16',NULL,1),('cc0ddd9d-1dca-41cf-a4f1-4647fb1bcb0f','2df6cf99-9083-4eed-b7df-79630bbc7417','34','334','\\upload\\20160407\\c973ebd205154f24a1192e710bb8853c.jpg','3334','33334','<p>333334</p>',0,NULL,'3e6346a3-f942-4567-bf2a-926117022fbf','jam','2016-04-07 13:38:06','2016-04-07 13:39:11',1);

/*Table structure for table `sst_match_player_base_datas` */

DROP TABLE IF EXISTS `sst_match_player_base_datas`;

CREATE TABLE `sst_match_player_base_datas` (
  `id` varchar(36) NOT NULL COMMENT '主键id',
  `match_id` varchar(36) DEFAULT NULL COMMENT '比赛id',
  `team_id` varchar(36) DEFAULT NULL COMMENT '球队id',
  `player_id` varchar(36) DEFAULT NULL COMMENT '球员id',
  `minute` int(2) DEFAULT '0' COMMENT '上场比赛时长',
  `goal` int(1) DEFAULT '0' COMMENT '进球',
  `assist` int(1) DEFAULT '0' COMMENT '助攻',
  `shot` int(1) DEFAULT '0' COMMENT '射门',
  `shot_right` int(1) DEFAULT '0' COMMENT '射正',
  `pass` int(1) DEFAULT '0' COMMENT '传球',
  `foul` int(1) DEFAULT '0' COMMENT '犯规',
  `tackle` int(1) DEFAULT '0' COMMENT '抢球',
  `clearance_kick` int(1) DEFAULT '0' COMMENT '解围',
  `save` int(1) DEFAULT '0' COMMENT '扑救',
  `yellow` int(1) DEFAULT '0' COMMENT '黄牌',
  `red` int(1) DEFAULT '0' COMMENT '红牌',
  `reserve` int(1) DEFAULT '0' COMMENT '是否替补(0-否,1-是)',
  `create_time` datetime DEFAULT CURRENT_TIMESTAMP COMMENT '创建时间',
  `last_update_time` datetime DEFAULT NULL COMMENT '最后更新时间',
  `stat` int(1) DEFAULT '1' COMMENT '数据类型',
  PRIMARY KEY (`id`)
) ENGINE=InnoDB DEFAULT CHARSET=utf8 COMMENT='比赛球员基本数据';

/*Data for the table `sst_match_player_base_datas` */

insert  into `sst_match_player_base_datas`(`id`,`match_id`,`team_id`,`player_id`,`minute`,`goal`,`assist`,`shot`,`shot_right`,`pass`,`foul`,`tackle`,`clearance_kick`,`save`,`yellow`,`red`,`reserve`,`create_time`,`last_update_time`,`stat`) values ('05e9022c-df03-462d-91a4-5eea3312e638','d2280d6f-5ae6-44f7-87cd-4fd6b17f44d6','1','db62474f-9d0e-454a-9498-f02b50b1e70a',90,0,2,1,0,2,0,0,0,0,0,0,0,'2016-03-24 11:50:04',NULL,1),('629b7625-7ed2-4870-b877-d0cb0eac1186','79e2c6ee-fce1-4475-84fc-21d84e753e2f','1','01365c05-3ee5-4a06-8fb7-de11409f8ba3',90,1,1,1,1,1,0,0,0,0,0,0,0,'2016-03-23 15:06:15',NULL,1),('7dad5bcd-6e47-4c1f-90b4-b057ff48d1bf','d2280d6f-5ae6-44f7-87cd-4fd6b17f44d6','1','01365c05-3ee5-4a06-8fb7-de11409f8ba3',88,2,0,4,1,2,1,0,1,0,0,0,0,'2016-03-24 11:50:04',NULL,1),('7fbdd70b-0b95-40c6-b025-bee4ee91de2c','79e2c6ee-fce1-4475-84fc-21d84e753e2f','1','01365c05-3ee5-4a06-8fb7-de11409f8ba3',90,1,1,1,1,1,0,0,0,0,0,0,0,'2016-03-23 15:05:30',NULL,1),('bf7742de-6c4f-4d2c-b7c4-3753ece01dc6','79e2c6ee-fce1-4475-84fc-21d84e753e2f','d466dc45-ca3a-4ee7-856f-bea6af533cf4','ba65b0c6-1c9a-4129-91d2-d7af6951d32f',11,0,0,0,0,0,0,0,0,0,0,0,0,'2016-03-23 17:29:31',NULL,1),('ca2afb68-0f50-437c-9f14-d298a06b7c17','79e2c6ee-fce1-4475-84fc-21d84e753e2f','1','65f17428-8e28-4415-a691-330a82ac582b',88,1,1,0,0,0,1,0,1,1,0,0,0,'2016-03-23 15:05:30',NULL,1),('d72df932-3c7a-444d-b9ad-77187b2727d8','79e2c6ee-fce1-4475-84fc-21d84e753e2f','1','65f17428-8e28-4415-a691-330a82ac582b',88,1,1,0,0,0,1,0,1,1,0,0,1,'2016-03-23 15:06:15',NULL,1),('e880b0e1-5571-4045-a5e6-317e4e126a65','d2280d6f-5ae6-44f7-87cd-4fd6b17f44d6','2','fbcf42d2-b47e-46db-be40-59f786c246bd',90,1,1,1,1,0,0,0,0,0,0,0,0,'2016-03-24 11:50:23',NULL,1),('f91576eb-3318-43b0-8108-e4c801be31fc','d2280d6f-5ae6-44f7-87cd-4fd6b17f44d6','1','65f17428-8e28-4415-a691-330a82ac582b',90,1,0,2,1,2,0,2,0,0,0,0,0,'2016-03-24 11:50:04',NULL,1);

/*Table structure for table `sst_match_player_hot_datas` */

DROP TABLE IF EXISTS `sst_match_player_hot_datas`;

CREATE TABLE `sst_match_player_hot_datas` (
  `id` varchar(36) NOT NULL COMMENT '主键id',
  `match_id` varchar(36) DEFAULT NULL COMMENT '比赛id',
  `team_id` varchar(36) DEFAULT NULL COMMENT '球队id',
  `player_id` varchar(36) DEFAULT NULL COMMENT '球员id',
  `type` int(1) DEFAULT NULL COMMENT '类型(0-上场,1-下场,2-进球,3-红牌,4-黄牌)',
  `minute` int(2) DEFAULT NULL COMMENT '分钟',
  `create_time` datetime DEFAULT CURRENT_TIMESTAMP COMMENT '创建时间',
  `last_update_time` datetime DEFAULT NULL COMMENT '最后更新时间',
  `stat` int(1) DEFAULT '1' COMMENT '数据类型',
  PRIMARY KEY (`id`)
) ENGINE=InnoDB DEFAULT CHARSET=utf8 COMMENT='比赛重要时刻数据';

/*Data for the table `sst_match_player_hot_datas` */

insert  into `sst_match_player_hot_datas`(`id`,`match_id`,`team_id`,`player_id`,`type`,`minute`,`create_time`,`last_update_time`,`stat`) values ('270700e3-6015-4ceb-b88f-65316cbfd579','d2280d6f-5ae6-44f7-87cd-4fd6b17f44d6','1','01365c05-3ee5-4a06-8fb7-de11409f8ba3',2,45,'2016-03-24 11:51:13',NULL,1),('9123f079-7500-46d7-adb1-195bd4e6875b','79e2c6ee-fce1-4475-84fc-21d84e753e2f','1','db62474f-9d0e-454a-9498-f02b50b1e70a',2,68,'2016-03-23 17:10:44',NULL,1),('93dcceed-4b5d-4e69-b10f-03884a947f23','d2280d6f-5ae6-44f7-87cd-4fd6b17f44d6','1','01365c05-3ee5-4a06-8fb7-de11409f8ba3',2,25,'2016-03-24 11:51:13',NULL,1),('b2abf2d6-add5-4754-946a-2bd9a7692494','d2280d6f-5ae6-44f7-87cd-4fd6b17f44d6','1','01365c05-3ee5-4a06-8fb7-de11409f8ba3',4,50,'2016-03-24 11:51:13',NULL,1),('b93b9ed5-4b3d-4f7f-8fe6-0f8104eae654','d2280d6f-5ae6-44f7-87cd-4fd6b17f44d6','2','fbcf42d2-b47e-46db-be40-59f786c246bd',2,21,'2016-03-24 11:51:29',NULL,1),('dd90155a-bf70-45e8-a571-2a38b67a0955','79e2c6ee-fce1-4475-84fc-21d84e753e2f','1','65f17428-8e28-4415-a691-330a82ac582b',1,58,'2016-03-23 17:10:44',NULL,1),('eb1fd76f-74f1-472a-b84f-1812a388e866','d2280d6f-5ae6-44f7-87cd-4fd6b17f44d6','1','65f17428-8e28-4415-a691-330a82ac582b',2,65,'2016-03-24 11:51:13',NULL,1),('fafa7a4b-a3f7-46e9-8857-542d4484fccc','79e2c6ee-fce1-4475-84fc-21d84e753e2f','1','01365c05-3ee5-4a06-8fb7-de11409f8ba3',0,58,'2016-03-23 17:10:44',NULL,1);

/*Table structure for table `sst_match_team_base_datas` */

DROP TABLE IF EXISTS `sst_match_team_base_datas`;

CREATE TABLE `sst_match_team_base_datas` (
  `id` varchar(36) NOT NULL COMMENT '主键id',
  `match_id` varchar(36) DEFAULT NULL COMMENT '比赛id',
  `team_id` varchar(36) DEFAULT NULL COMMENT '球队id',
  `goal` int(1) DEFAULT '0' COMMENT '进球',
  `goal_out` int(1) DEFAULT '0' COMMENT '失球',
  `shot` int(1) DEFAULT '0' COMMENT '射门',
  `shot_right` int(1) DEFAULT '0' COMMENT '射正',
  `shot_post` int(1) DEFAULT '0' COMMENT '击中门柱',
  `pass` int(1) DEFAULT '0' COMMENT '传球',
  `pass_cross` int(1) DEFAULT '0' COMMENT '传中',
  `corner` int(1) DEFAULT '0' COMMENT '角球',
  `free_kick` int(1) DEFAULT '0' COMMENT '任意球',
  `offside` int(1) DEFAULT '0' COMMENT '越位',
  `tackle` int(1) NOT NULL DEFAULT '0' COMMENT '抢断',
  `clearance_kick` int(1) DEFAULT '0' COMMENT '解围',
  `yellow` int(1) DEFAULT '0' COMMENT '黄牌',
  `red` int(1) DEFAULT '0' COMMENT '红牌',
  `trap_rate` double DEFAULT '0' COMMENT '控球率',
  `create_time` datetime DEFAULT CURRENT_TIMESTAMP COMMENT '创建时间',
  `last_update_time` datetime DEFAULT NULL COMMENT '最后更新时间',
  `stat` int(1) DEFAULT '1' COMMENT '数据类型',
  PRIMARY KEY (`id`)
) ENGINE=InnoDB DEFAULT CHARSET=utf8 COMMENT='比赛球队基本数据';

/*Data for the table `sst_match_team_base_datas` */

insert  into `sst_match_team_base_datas`(`id`,`match_id`,`team_id`,`goal`,`goal_out`,`shot`,`shot_right`,`shot_post`,`pass`,`pass_cross`,`corner`,`free_kick`,`offside`,`tackle`,`clearance_kick`,`yellow`,`red`,`trap_rate`,`create_time`,`last_update_time`,`stat`) values ('4c163188-ce65-4a92-a779-bfddf6ce510c','d2280d6f-5ae6-44f7-87cd-4fd6b17f44d6','2',1,3,4,2,1,2,5,0,1,0,0,0,0,0,34.55,'2016-03-24 11:49:13',NULL,1),('7700c8e5-cf53-4469-bbbb-fadd46be0665','79e2c6ee-fce1-4475-84fc-21d84e753e2f','1',1,0,1,0,1,0,1,0,1,0,1,0,1,0,80.88,'2016-03-23 09:25:12',NULL,1),('8ffdc138-05ec-4636-9c1b-68814167b145','79e2c6ee-fce1-4475-84fc-21d84e753e2f','d466dc45-ca3a-4ee7-856f-bea6af533cf4',0,1,0,1,0,1,0,1,0,1,0,1,0,1,19.12,'2016-03-23 09:25:12',NULL,1),('d708767f-79a8-447c-b03f-50f484941a17','d2280d6f-5ae6-44f7-87cd-4fd6b17f44d6','1',3,1,7,5,2,8,8,2,1,1,1,1,1,0,65.45,'2016-03-24 11:49:13',NULL,1);

/*Table structure for table `sst_memo` */

DROP TABLE IF EXISTS `sst_memo`;

CREATE TABLE `sst_memo` (
  `id` varchar(36) NOT NULL COMMENT '主键id',
  `content` varchar(500) DEFAULT NULL COMMENT '内容',
  `user_id` varchar(36) DEFAULT NULL COMMENT '用户id',
  `user_name` varchar(20) DEFAULT NULL COMMENT '用户名称',
  `create_time` datetime DEFAULT NULL COMMENT '创建时间',
  `last_update_time` datetime DEFAULT NULL COMMENT '最后更新时间',
  `stat` int(1) DEFAULT NULL COMMENT '数据状态',
  PRIMARY KEY (`id`)
) ENGINE=InnoDB DEFAULT CHARSET=utf8 COMMENT='备忘';

/*Data for the table `sst_memo` */

insert  into `sst_memo`(`id`,`content`,`user_id`,`user_name`,`create_time`,`last_update_time`,`stat`) values ('1','我就我,颜色不一样的我,我就我,颜色不一样的我我就我,颜色不一样的我我就我,颜色不一样的我','0409b62b-564a-4217-8b75-d9b9389d644e','隔壁老王家','2016-01-15 15:45:36',NULL,1),('1c05f39c-ced5-4d17-8528-1ed35fb8b49c','333333333333333333333333','590325e0-9e03-4cd3-9362-efed84013dab',NULL,'2016-02-23 17:36:14','2016-02-24 10:41:55',0),('1eeb5904-641c-446a-ab3d-1af41b8a5a36','发v经济结构沉沉浮浮','6d2a8f98-6622-444c-a6f8-e736c7a314c2','juju_c1322','2016-03-11 10:54:42',NULL,1),('2df97881-2cd5-404d-9db1-cb59f26e8ca9','2222222222222222222222222222222','590325e0-9e03-4cd3-9362-efed84013dab',NULL,'2016-02-24 10:49:41',NULL,1),('3714e881-f67e-49fc-b6d9-0c3bd57c3418','4444444444','590325e0-9e03-4cd3-9362-efed84013dab',NULL,'2016-02-23 17:38:33','2016-02-24 10:44:03',0),('3b487732-2b3d-4bdc-b359-fccde9050a67','测试','40b41478-1094-49da-b21a-9ab7c7cbb42f','王翔','2016-03-25 13:24:16','2016-03-25 13:25:10',0),('476ff072-c4da-4724-a245-94aafb6121ba','222222222222','590325e0-9e03-4cd3-9362-efed84013dab',NULL,'2016-02-23 17:35:59','2016-02-24 10:47:22',0),('8244139c-9e13-417e-b60a-2eab48e26bf7','测试备注','e256e2ad-edc1-4aeb-bf94-014cf506a4a5','沐风','2016-03-29 13:53:18',NULL,1),('834e9921-3c30-475a-8d02-037db9d0e526','3333333333333333333333333333333333333','590325e0-9e03-4cd3-9362-efed84013dab',NULL,'2016-02-24 10:49:54',NULL,1),('86a0aa9c-7d02-4e4f-b488-02b615094b94','测试2','40b41478-1094-49da-b21a-9ab7c7cbb42f','王翔','2016-03-25 13:25:23',NULL,1),('8adeb334-e861-456b-ae8e-999085f7cce0','888888888','590325e0-9e03-4cd3-9362-efed84013dab',NULL,'2016-02-23 17:47:19','2016-02-24 10:47:37',0),('8b7cb69a-d62c-49d5-9896-f8f88d17adfb','Safsafhsajkbvjdskbhjfdsbvhjdfsfjkdshjkfsdhvjkdfsjvkbdfsjkvbdfjkvbfjkdbvfjkbdjk','a3efc072-0142-4fff-b951-3adc659a70c9','zgy','2016-03-29 17:15:51',NULL,1),('9e0c0384-8b27-4c34-9701-d90e25846225','333333333333333333333333','590325e0-9e03-4cd3-9362-efed84013dab',NULL,'2016-02-23 17:36:21','2016-02-24 10:42:46',0),('aa30cf70-77b0-42e2-8f57-7d0ef516e7a6','5555555','590325e0-9e03-4cd3-9362-efed84013dab',NULL,'2016-02-23 17:39:15','2016-02-24 10:47:32',0),('bb9a8fcc-dee8-46ba-8a78-a48773c3cf75','123445555555555','590325e0-9e03-4cd3-9362-efed84013dab',NULL,'2016-02-23 17:29:09','2016-02-24 10:47:34',0),('c4bdfbf0-cd1c-4e15-a47e-ff29c19aec9a','777777777777','590325e0-9e03-4cd3-9362-efed84013dab',NULL,'2016-02-23 17:53:59','2016-02-24 10:47:30',0),('e3755759-52c4-4463-a31b-abc5b9987aaf','111111111111111111111111','590325e0-9e03-4cd3-9362-efed84013dab',NULL,'2016-02-24 10:48:16',NULL,1),('ee8675f1-7f3b-47c2-a152-9d9308dc149e','66666666666666','590325e0-9e03-4cd3-9362-efed84013dab',NULL,'2016-02-23 17:51:49','2016-02-24 10:48:04',0);

/*Table structure for table `sst_message` */

DROP TABLE IF EXISTS `sst_message`;

CREATE TABLE `sst_message` (
  `id` varchar(36) NOT NULL COMMENT '主键id',
  `from_user_id` varchar(36) DEFAULT NULL COMMENT '发送者id',
  `to_user_id` varchar(36) DEFAULT NULL COMMENT '接收者id',
  `content` text COMMENT '信息内容',
  `msg_state` int(1) DEFAULT NULL COMMENT '信息状态:0表示未读,1表示已读',
  `create_time` datetime DEFAULT NULL COMMENT '创建时间',
  `last_update_time` datetime DEFAULT NULL COMMENT '最后更新时间',
  `stat` int(1) DEFAULT NULL COMMENT '数据状态',
  PRIMARY KEY (`id`)
) ENGINE=InnoDB DEFAULT CHARSET=utf8 COMMENT='消息表';

/*Data for the table `sst_message` */

insert  into `sst_message`(`id`,`from_user_id`,`to_user_id`,`content`,`msg_state`,`create_time`,`last_update_time`,`stat`) values ('1','user1','user2','早呀',1,'2016-01-19 10:58:54',NULL,1),('1b33c172-673d-4355-8116-7694580acc21',NULL,NULL,'<p>嘻嘻嘻嘻嘻嘻嘻嘻嘻嘻嘻嘻嘻嘻嘻嘻嘻嘻嘻嘻嘻嘻嘻嘻嘻嘻嘻嘻嘻嘻嘻嘻嘻嘻嘻嘻嘻嘻嘻嘻嘻嘻嘻嘻</p>',NULL,'2016-01-23 09:19:40',NULL,1);

/*Table structure for table `sst_notice` */

DROP TABLE IF EXISTS `sst_notice`;

CREATE TABLE `sst_notice` (
  `id` varchar(36) NOT NULL COMMENT '主键id',
  `title` varchar(40) DEFAULT NULL COMMENT '标题',
  `create_user_id` varchar(36) DEFAULT NULL COMMENT '创建人Id',
  `create_user_name` varchar(20) DEFAULT NULL COMMENT '创建人名称',
  `content` text COMMENT '公告内容',
  `update_user_id` varchar(36) DEFAULT NULL COMMENT '更新人id',
  `update_user_name` varchar(20) DEFAULT NULL COMMENT '更新人姓名',
  `group_id` varchar(36) DEFAULT NULL COMMENT '群组id',
  `group_name` varchar(20) DEFAULT NULL COMMENT '群组名称',
  `pic` varchar(200) DEFAULT NULL COMMENT '公告图片',
  `create_time` datetime DEFAULT NULL COMMENT '创建时间',
  `last_update_time` datetime DEFAULT NULL COMMENT '最后更新时间',
  `stat` int(1) DEFAULT NULL COMMENT '数据状态',
  `read_stat` int(1) DEFAULT '0' COMMENT '阅读状态:0表示未读;1表示已读',
  `allow_forward` int(1) DEFAULT NULL COMMENT '允许转发:0表示不允许;1表示允许转发',
  PRIMARY KEY (`id`)
) ENGINE=InnoDB DEFAULT CHARSET=utf8 COMMENT='公告表';

/*Data for the table `sst_notice` */

insert  into `sst_notice`(`id`,`title`,`create_user_id`,`create_user_name`,`content`,`update_user_id`,`update_user_name`,`group_id`,`group_name`,`pic`,`create_time`,`last_update_time`,`stat`,`read_stat`,`allow_forward`) values ('006e7a07-3319-42ff-9c9d-5c5648e36ef4','1','a3efc072-0142-4fff-b951-3adc659a70c9',NULL,'11111111',NULL,NULL,NULL,NULL,'z:\\upload/20160328/bf40ef6e6b514535bd47fc04094fcd4c.jpg','2016-03-28 12:59:16',NULL,1,0,NULL),('008f020b-83df-4e9d-a084-28fc93183d50','å¤å¤æªæª','e256e2ad-edc1-4aeb-bf94-014cf506a4a5','沐风','ccæ ¹æ¬',NULL,NULL,NULL,NULL,'z:\\upload/20160328/dfe323c5809648e68fafd081591548ca.jpg','2016-03-28 16:05:42','2016-03-29 11:33:04',0,0,NULL),('05ea471b-43ec-421e-aa80-2899725b0255','1','a3efc072-0142-4fff-b951-3adc659a70c9',NULL,'11111111',NULL,NULL,NULL,NULL,'z:\\upload/20160328/5c6e8a61575843aca37d5f380686acba.jpg','2016-03-28 11:55:55',NULL,1,0,NULL),('096a1a03-754f-4bbe-8ebc-0d71fc597da6','æ é¢','e256e2ad-edc1-4aeb-bf94-014cf506a4a5','沐风','å¾æ±',NULL,NULL,NULL,NULL,'z:\\upload/20160328/1ff00cd46b0c45ee9893242316329241.jpg','2016-03-28 16:49:11','2016-03-29 11:33:36',0,0,NULL),('097e7a0f-73d1-4e33-98a2-69e391d57b74','houzi',NULL,NULL,'<p>孙悟空</p>',NULL,NULL,NULL,NULL,'\\upload\\20160120\\670386e993f54a71b077c55029cc9f74.jpg','2016-01-20 14:40:07','2016-01-20 15:45:57',1,NULL,NULL),('11111','第一条','22222','老大','<p>张钧甯</p>','33333','张大伟','44444','最佳组合','\\upload\\20160120\\371712de64ab473f90a179b5c34d9802.jpg','2016-01-13 16:09:45','2016-01-20 15:47:10',1,NULL,NULL),('132f3cce-4677-439f-bb01-028bf077dc56','ggg','e256e2ad-edc1-4aeb-bf94-014cf506a4a5','沐风','çµé¥­éï¼',NULL,NULL,NULL,NULL,'z:\\upload/20160328/1f0ab87ab0fb49d7a46721b8e25e3b99.jpg','2016-03-28 16:57:29','2016-03-29 11:32:42',0,0,NULL),('134cd4d1-dc28-43ee-ada4-aecf676918af','å¤å¤æªæª','e256e2ad-edc1-4aeb-bf94-014cf506a4a5','沐风','ccæ ¹æ¬',NULL,NULL,NULL,NULL,'z:\\upload/20160328/9298ff62ea4a41eba435574ca88258be.jpg','2016-03-28 16:10:44','2016-03-29 11:33:04',0,0,NULL),('1561deba-3659-4465-8bc4-920500123973','22',NULL,NULL,'<p>222<br/></p>',NULL,NULL,NULL,NULL,NULL,'2016-01-20 11:49:48','2016-01-20 15:46:36',0,NULL,NULL),('176c1065-0d0d-4c7e-879f-9c81c426d512','ååå','e256e2ad-edc1-4aeb-bf94-014cf506a4a5','沐风','æ³å½',NULL,NULL,NULL,NULL,'z:\\upload/20160328/83d92ce0a2824fe3a02ddcabb0c2f030.jpg','2016-03-28 17:16:41',NULL,1,0,NULL),('1820cc67-bf65-4a2c-85cb-37807c583a87','狗崽',NULL,NULL,'<p>狗崽狗崽狗崽狗崽狗崽狗崽狗崽狗崽狗崽</p>',NULL,NULL,NULL,NULL,'\\upload\\20160120\\b1d3b929bacf4ac698b9b8080f8b8e4f.jpg','2016-01-20 14:50:03','2016-01-20 15:44:57',1,NULL,NULL),('211de950-1579-4de0-a9b5-2ee93370e196','1','a3efc072-0142-4fff-b951-3adc659a70c9',NULL,'11111111',NULL,NULL,NULL,NULL,'z:\\upload/20160328/58a18ba2ef6c4e8eac69706a0cd6e524.jpg','2016-03-28 13:17:29',NULL,1,0,NULL),('21eaf0b8-a4b0-49c6-b371-8690b2112924','1','a3efc072-0142-4fff-b951-3adc659a70c9',NULL,'11111111',NULL,NULL,NULL,NULL,'z:\\upload/20160328/5ba82d4650ef45399c86aebd6f51e713.jpg','2016-03-28 12:52:30',NULL,1,0,NULL),('220e83cf-6583-4b5f-9683-ebb10d289204','1','a3efc072-0142-4fff-b951-3adc659a70c9',NULL,'11111111',NULL,NULL,NULL,NULL,'z:\\upload/20160328/7c5f285f612947a88ce8b658762e95d2.jpg','2016-03-28 13:01:52',NULL,1,0,NULL),('22192ca9-c382-4702-9a2c-99a962d10937','1','a3efc072-0142-4fff-b951-3adc659a70c9',NULL,'11111111',NULL,NULL,NULL,NULL,'z:\\upload/20160328/235fc8e5cdf84130ac664c4647a147c5.jpg','2016-03-28 11:48:20',NULL,1,0,NULL),('23a8fcaf-0ab4-48ad-96c5-e3ac18bace50','ddfgv','e256e2ad-edc1-4aeb-bf94-014cf506a4a5','沐风','ccggg',NULL,NULL,NULL,NULL,'z:\\upload/20160328/f6afe67884cc4e66a6738dafc6d05c23.jpg','2016-03-28 16:15:35',NULL,1,0,NULL),('23bdac36-a4a4-4485-80d5-eadf92905bf3','å¤å¤æªæª','e256e2ad-edc1-4aeb-bf94-014cf506a4a5','沐风','ccæ ¹æ¬',NULL,NULL,NULL,NULL,'z:\\upload/20160328/b0b7da74a31e4fccb033a674fdc84d7b.jpg','2016-03-28 16:11:21','2016-03-29 11:33:04',0,0,NULL),('2ba7e8f8-0e25-4f78-84f5-90e382c1b2e4','GH JJ','e256e2ad-edc1-4aeb-bf94-014cf506a4a5','沐风','法国货',NULL,NULL,NULL,NULL,NULL,'2016-03-28 15:03:00','2016-03-29 11:33:04',0,0,NULL),('33ffb01f-a46e-448c-aabb-db35d81ee248','houzi',NULL,NULL,'<p>孙悟空</p>',NULL,NULL,NULL,NULL,NULL,'2016-01-20 14:34:40','2016-01-20 15:46:36',0,NULL,NULL),('360c7fc8-68ba-40fb-94fe-7f1e08d188f1','狗崽',NULL,NULL,'<p>狗崽狗崽狗崽狗崽狗崽狗崽狗崽狗崽狗崽</p>',NULL,NULL,NULL,NULL,'\\upload\\20160120\\47f18f1e8c404d0e90d2b669ecd9911e.jpg','2016-01-20 14:50:38','2016-01-20 15:44:34',1,NULL,NULL),('39ab09e0-9879-4897-a443-be16024285a1','1',NULL,NULL,'<p>11<br/></p>',NULL,NULL,NULL,NULL,NULL,'2016-01-20 11:44:18','2016-01-20 15:46:20',0,NULL,NULL),('3dd8b0fd-967c-4e40-86e1-2d59a7d0c554','1','a3efc072-0142-4fff-b951-3adc659a70c9',NULL,'11111111',NULL,NULL,NULL,NULL,'z:\\upload/20160328/4b5c7690eac04f679d838257b0065cb7.jpg','2016-03-28 12:57:20',NULL,1,0,NULL),('42980458-0ab3-4b60-aa89-51ca8c2be248','ååå','e256e2ad-edc1-4aeb-bf94-014cf506a4a5','沐风','æ³å½',NULL,NULL,NULL,NULL,'z:\\upload/20160328/67c28a462ca440548f03a47e90008722.jpg','2016-03-28 17:17:02','2016-03-29 11:32:16',0,0,NULL),('4befe57b-71a9-45f6-893a-dae3335f3bb5','sdjgjksdhk','a3efc072-0142-4fff-b951-3adc659a70c9','zgy','123213213232',NULL,NULL,NULL,NULL,'z:\\upload/20160328/e1321aaac49e4201b2644267fe98fd87.jpg','2016-03-28 14:17:41',NULL,1,0,NULL),('4e6c39f0-2060-4981-ac1e-36f25432d328','11',NULL,NULL,'<p>222<br/></p>',NULL,NULL,NULL,NULL,NULL,'2016-01-13 16:47:36','2016-01-20 11:43:55',0,NULL,NULL),('523382f0-7b90-4e33-84fb-7d73e279caf3','houzi',NULL,NULL,'<p>孙悟空</p>',NULL,NULL,NULL,NULL,'\\upload\\20160120\\c4b9e48fc5cb4cbf8e064ac5cb100187.jpg','2016-01-20 14:53:51','2016-01-20 15:40:24',1,NULL,NULL),('54377a90-10e3-4639-bc6a-4db6ac1514a0','11',NULL,NULL,'<p>似的发射点发射点</p>',NULL,NULL,NULL,NULL,'\\upload\\20160127\\3fd14750d116464ca053bd36b8b89c30.jpg','2016-01-27 16:00:14','2016-03-21 15:36:36',1,0,NULL),('5bf74713-8572-48c4-99dc-6a9a443b600f','测试','40b41478-1094-49da-b21a-9ab7c7cbb42f','王翔','公告牌1桶默默龙国庆节快乐兔兔龙图咯哦',NULL,NULL,NULL,NULL,'z:\\upload/20160328/03cece77661848db9e03738c7dc1ba8b.jpg','2016-03-28 17:02:00',NULL,1,0,NULL),('5cc5acc8-98d2-402b-ab87-51895cb34d96','é»å®¶é©¹','e256e2ad-edc1-4aeb-bf94-014cf506a4a5','沐风','æ³å½è´§',NULL,NULL,NULL,NULL,'z:\\upload/20160328/c413c41c65d54af593e27caa8e07df73.jpg','2016-03-28 17:12:04','2016-03-29 11:32:31',0,0,NULL),('5cf33971-3f78-4bd8-98a3-ed482ec06de6','111','a3efc072-0142-4fff-b951-3adc659a70c9',NULL,'1111',NULL,NULL,NULL,NULL,'z:\\upload/20160328/085b277d3504493ea4c081419e28bd2c.jpg','2016-03-28 13:18:52',NULL,1,0,NULL),('6079b8e4-4341-4876-af89-537bd18f1a8e','é»å®¶é©¹','e256e2ad-edc1-4aeb-bf94-014cf506a4a5','沐风','æ³å½è´§',NULL,NULL,NULL,NULL,'z:\\upload/20160328/836d47a52e8a48b2ab0bb3b1c9ad26a5.jpg','2016-03-28 17:10:29',NULL,1,0,NULL),('64a542f4-fe41-4bba-8aaa-1d853180973f','狗崽',NULL,NULL,'<p>狗崽狗崽狗崽狗崽狗崽狗崽狗崽狗崽狗崽</p>',NULL,NULL,NULL,NULL,'\\upload\\20160120\\e7a30be893dc4972afa35316e89cecc9.jpg','2016-01-20 14:49:54',NULL,1,NULL,NULL),('6ba4a307-9cf1-4d00-8569-124452884f33','1','a3efc072-0142-4fff-b951-3adc659a70c9',NULL,'11111111',NULL,NULL,NULL,NULL,'z:\\upload/20160328/001e8e6bf1ff4a20b2c08f41b34f856a.jpg','2016-03-28 11:57:46',NULL,1,0,NULL),('6dda0667-96cb-4abe-b4c4-3f0d5f60a381','123','40b41478-1094-49da-b21a-9ab7c7cbb42f','王翔','456',NULL,NULL,NULL,NULL,'z:\\upload/20160328/67ddf2d4e1944a92a0ab8647641f4b83.jpg','2016-03-28 14:54:33',NULL,1,0,NULL),('733d9b62-ea84-42cc-91fe-0a7f43a8c209','ååå','e256e2ad-edc1-4aeb-bf94-014cf506a4a5','沐风','æ³å½',NULL,NULL,NULL,NULL,'z:\\upload/20160328/bac84e315aa74711a81ce476da053d9f.jpg','2016-03-28 17:16:41','2016-03-29 11:32:16',0,0,NULL),('788715b7-1e80-4bed-820a-3f000c342f14','hrwfuriehwguir','40b41478-1094-49da-b21a-9ab7c7cbb42f','王翔','Gdsghiurewhguirehguirhuigrehuwi',NULL,NULL,NULL,NULL,NULL,'2016-03-29 17:54:11',NULL,1,0,NULL),('7dc06671-d8f9-47d6-a084-e7d0d9fdf078','11',NULL,NULL,'<p>222<br/></p>',NULL,NULL,NULL,NULL,NULL,'2016-01-13 16:47:20','2016-01-20 11:43:55',0,NULL,NULL),('824a3bbe-778d-4cfc-89c9-efe395778a99','皮鼓',NULL,NULL,'<p>皮鼓皮鼓皮鼓皮鼓</p>',NULL,NULL,NULL,NULL,'\\upload\\20160120\\5901841e3f874389a689c49ae8dc8bb0.jpg','2016-01-20 15:40:07','2016-01-20 15:53:21',1,NULL,NULL),('84fe0426-dccb-47e4-a2eb-c6de04839c30','å¤å¤æªæª','e256e2ad-edc1-4aeb-bf94-014cf506a4a5','沐风','ccæ ¹æ¬',NULL,NULL,NULL,NULL,'z:\\upload/20160328/8d4042c7471f40c78bbcbb0860ef36c2.jpg','2016-03-28 16:08:24','2016-03-29 11:33:04',0,0,NULL),('893bd8e5-ac88-4d16-9307-e5b7e34b655e','houzi',NULL,NULL,'<p>孙悟空</p>',NULL,NULL,NULL,NULL,'\\upload\\20160120\\4db6156cd33e4e94bc70b92fd237a34a.jpg','2016-01-20 13:33:05',NULL,1,NULL,NULL),('901c57f5-0ed8-4821-aaad-564a0ef304da','1','a3efc072-0142-4fff-b951-3adc659a70c9',NULL,'11111111',NULL,NULL,NULL,NULL,'z:\\upload/20160328/66592025a2f147359dcc08111aa3d5b6.jpg','2016-03-28 13:11:46',NULL,1,0,NULL),('94c6a0e9-3c60-46e4-bf03-ca24f39cea8f','111',NULL,NULL,NULL,NULL,NULL,NULL,NULL,'\\upload\\20160127\\d2c72fd6f6db4491bc5c9e9f2698444f.jpg','2016-01-27 15:59:29',NULL,1,0,NULL),('95076242-4156-4d4d-8eda-f0836700fcf9','å¤å¤æªæª','e256e2ad-edc1-4aeb-bf94-014cf506a4a5','沐风','ccæ ¹æ¬',NULL,NULL,NULL,NULL,'z:\\upload/20160328/2168f32f801f43379c713c376418c418.jpg','2016-03-28 16:11:50','2016-03-29 11:33:04',0,0,NULL),('95f651fe-f27c-45e0-be6a-9cf5efd14ddf','33',NULL,NULL,'<p>333<br/></p>',NULL,NULL,NULL,NULL,NULL,'2016-01-13 17:36:35','2016-01-20 13:33:31',0,NULL,NULL),('9a9700f3-0077-463d-9667-3fef027a8572','111','a3efc072-0142-4fff-b951-3adc659a70c9',NULL,'1111',NULL,NULL,NULL,NULL,'z:\\upload/20160328/470e20cf7c3f448ebdb0383c42418b9c.jpg','2016-03-28 13:19:04',NULL,1,0,NULL),('9b134a81-9d88-423a-8e52-41c26c7cbccd','sdfjdshfdsjkvkds','a3efc072-0142-4fff-b951-3adc659a70c9','zgy','Safjdshafjkdsavnjkdfbjvkdfbsjkvbdfjs',NULL,NULL,NULL,NULL,NULL,'2016-03-29 17:12:29',NULL,1,0,NULL),('9d641433-d352-4c03-9f0b-fa0988aaf7b6','1','a3efc072-0142-4fff-b951-3adc659a70c9',NULL,'11111111',NULL,NULL,NULL,NULL,'z:\\upload/20160328/ba050bf17a21495c8768ba31ca8e33b1.jpg','2016-03-28 11:47:48',NULL,1,0,NULL),('a1536b12-4f18-4fcb-9c8c-e3640a7bb383','123','a3efc072-0142-4fff-b951-3adc659a70c9','zgy','123232213',NULL,NULL,NULL,NULL,'z:\\upload/20160328/fc2a29fa62b44f7ba004f88908e3d4bd.jpg','2016-03-28 14:05:14',NULL,1,0,NULL),('a38c2bd5-cdaa-496b-973d-1581c0371b22','66',NULL,NULL,'<p>666<br/></p>',NULL,NULL,NULL,NULL,NULL,'2016-01-13 17:37:00','2016-01-20 15:46:20',0,NULL,NULL),('aa37fb3c-1f0c-4ed7-a6de-9d1545ed8e20','44',NULL,NULL,'<p>444<br/></p>',NULL,NULL,NULL,NULL,NULL,'2016-01-13 17:36:42','2016-01-20 15:46:20',0,NULL,NULL),('acf4058e-06be-4b43-83d8-04be5d67f3d4','55',NULL,NULL,'<p>555<br/></p>',NULL,NULL,NULL,NULL,NULL,'2016-01-13 17:36:50','2016-01-20 15:46:36',0,NULL,NULL),('ae0ebcad-5629-466a-8977-96204829906f','麻瓜',NULL,NULL,'<p>麻瓜<span style=\"white-space: normal;\">麻瓜</span><span style=\"white-space: normal;\">麻瓜</span><span style=\"white-space: normal;\">麻瓜</span><span style=\"white-space: normal;\">麻瓜</span><span style=\"white-space: normal;\">麻瓜</span><span style=\"white-space: normal;\">麻瓜</span><span style=\"white-space: normal;\">麻瓜</span><span style=\"white-space: normal;\">麻瓜</span><span style=\"white-space: normal;\">麻瓜</span><span style=\"white-space: normal;\">麻瓜</span><span style=\"white-space: normal;\">麻瓜</span><span style=\"white-space: normal;\">麻瓜</span><span style=\"white-space: normal;\">麻瓜</span><span style=\"white-space: normal;\">麻瓜</span><span style=\"white-space: normal;\">麻瓜</span><span style=\"white-space: normal;\">麻瓜</span><span style=\"white-space: normal;\">麻瓜</span><span style=\"white-space: normal;\">麻瓜</span><span style=\"white-space: normal;\">麻瓜</span><span style=\"white-space: normal;\">麻瓜</span><span style=\"white-space: normal;\">麻瓜</span><span style=\"white-space: normal;\">麻瓜</span><span style=\"white-space: n',NULL,NULL,NULL,NULL,'\\upload\\20160120\\34325e6a10a54495962937d21f1618cf.jpg','2016-01-20 15:10:47','2016-01-20 15:32:19',1,NULL,NULL),('aec2f333-c0e0-4574-97ec-afcee03485c2','å¤å¤æªæª','e256e2ad-edc1-4aeb-bf94-014cf506a4a5','沐风','ccæ ¹æ¬',NULL,NULL,NULL,NULL,'z:\\upload/20160328/849c031875974e2b9482463acec0bb98.jpg','2016-03-28 16:11:50','2016-03-29 11:33:04',0,0,NULL),('b4027dbd-f258-47ff-8c99-73a59a2f8a72','7',NULL,NULL,'<p>77<br/></p>',NULL,NULL,NULL,NULL,'\\upload\\20160120\\7dc987ecb309443ab54fd6ebbfd110c9.jpg','2016-01-20 11:52:35',NULL,1,NULL,NULL),('b4cd50b0-dedb-4a88-befe-16c93a6ca2fb','ååå','e256e2ad-edc1-4aeb-bf94-014cf506a4a5','沐风','æ³å½',NULL,NULL,NULL,NULL,'z:\\upload/20160328/c0abfb8858ce4230ab804f7366e63725.jpg','2016-03-28 17:17:18','2016-03-29 11:32:16',0,0,NULL),('b6b448c0-2c03-4fd3-aec5-a2ed1caba457','title','40b41478-1094-49da-b21a-9ab7c7cbb42f','王翔','content',NULL,NULL,NULL,NULL,'z:\\upload/20160328/3f0f4d68c914484eb2b92a56051a42b3.jpg','2016-03-28 14:50:28',NULL,1,0,NULL),('ba17dd0c-5200-4457-bcee-0bde0d1b579c','æ é¢','e256e2ad-edc1-4aeb-bf94-014cf506a4a5','沐风','å¾æ±',NULL,NULL,NULL,NULL,'z:\\upload/20160328/f21d3e6dfa3b4c619c0d24c11e7a25f4.jpg','2016-03-28 16:49:11',NULL,1,0,NULL),('bc2b2d5c-e1cf-4da4-ad92-c39cdf9e36e8','houzi',NULL,NULL,'<p>孙悟空</p>',NULL,NULL,NULL,NULL,NULL,'2016-01-20 14:36:31','2016-01-20 15:46:36',0,NULL,NULL),('cb281c70-91ec-478e-8cae-2065a8c3c296','啊空间看看','40b41478-1094-49da-b21a-9ab7c7cbb42f','王翔','涂抹李海龙哦哦',NULL,NULL,NULL,NULL,NULL,'2016-03-28 15:22:47',NULL,1,0,NULL),('cf60906e-ea96-43a5-b603-54cab60a65c1','è®­ç»','e256e2ad-edc1-4aeb-bf94-014cf506a4a5','沐风','åçå¥',NULL,NULL,NULL,NULL,'z:\\upload/20160328/fbc0a6bcea4749a1ad295fbf22475e62.jpg','2016-03-28 16:24:25',NULL,1,0,NULL),('d902f95e-9400-4430-9b7a-fff9e8524e96','houzi',NULL,NULL,'<p>孙悟空</p>',NULL,NULL,NULL,NULL,'\\upload\\20160120\\ce20d63db4734ac693ebaec0417f09f2.jpg','2016-01-20 14:48:43','2016-01-20 15:45:10',1,NULL,NULL),('da19f0f8-87c3-4f59-865c-5b6a701ab466','GH JJ','e256e2ad-edc1-4aeb-bf94-014cf506a4a5','沐风','法国货',NULL,NULL,NULL,NULL,NULL,'2016-03-28 15:00:46',NULL,1,0,NULL),('db713706-5b25-4d3c-b7a8-6633e7cb690c','ggg','e256e2ad-edc1-4aeb-bf94-014cf506a4a5','沐风','çµé¥­éï¼',NULL,NULL,NULL,NULL,'z:\\upload/20160328/cd6bdc32be3646559ce5da816846538c.jpg','2016-03-28 16:57:29',NULL,1,0,NULL),('df799295-73ec-4247-9017-9a7bacf67c1e','西瓜',NULL,NULL,'<p>西瓜西瓜西瓜西瓜西瓜西瓜西瓜西瓜西瓜</p>',NULL,NULL,NULL,NULL,'\\upload\\20160120\\792ec22146ed4cbb975d02d29460f09f.jpg','2016-01-20 15:10:24','2016-01-20 15:39:42',1,NULL,NULL),('e0df8791-c91b-478c-8eb5-aa5e383619be','东方四大皆空了','a3efc072-0142-4fff-b951-3adc659a70c9','zgy','防守反击开始放假开始啊打火机咖啡洒会尽快发货健康',NULL,NULL,NULL,NULL,'z:\\upload/20160328/ac7eb59a8919435594e802c6282878d0.jpg','2016-03-28 17:29:15',NULL,1,0,NULL),('e46cca18-d088-45a2-a30b-cfa17d87b323','1','a3efc072-0142-4fff-b951-3adc659a70c9',NULL,'11111111',NULL,NULL,NULL,NULL,'z:\\upload/20160328/48920bd3fb9946d781b0f056642e4ff8.jpg','2016-03-28 13:06:21',NULL,1,0,NULL),('ec40206e-14a3-4f13-a58f-92ed857eae4d',NULL,NULL,NULL,NULL,NULL,NULL,NULL,NULL,'\\upload\\20160123\\cc0c286b803f4cc899a49a46eb9eeb59.jpg','2016-01-23 13:35:37',NULL,1,0,NULL),('ed5b0228-9d21-4a60-bc6b-2ff36e8af153','狗崽',NULL,NULL,'<p>狗崽狗崽狗崽狗崽狗崽狗崽狗崽狗崽狗崽</p>',NULL,NULL,NULL,NULL,'\\upload\\20160120\\3c7487a3abeb4b9b926348df12785b29.jpg','2016-01-20 14:52:56','2016-01-20 15:42:34',1,NULL,NULL),('ee8c476a-dfed-4cc2-bcb3-d57fe75bc233','HK咯哦哦','40b41478-1094-49da-b21a-9ab7c7cbb42f','王翔','龙膜酷兔兔',NULL,NULL,NULL,NULL,NULL,'2016-03-28 14:57:19',NULL,1,0,NULL),('f453d589-825d-4deb-a236-2292b3aac81e','å¤å¤æªæª','e256e2ad-edc1-4aeb-bf94-014cf506a4a5','沐风','ccæ ¹æ¬',NULL,NULL,NULL,NULL,'z:\\upload/20160328/8852100137084f708a03db68a0e649e9.jpg','2016-03-28 16:05:15',NULL,1,0,NULL),('f64a335e-02d1-4d5e-a826-008ac01b2afc','houzi',NULL,NULL,'<p>孙悟空</p>',NULL,NULL,NULL,NULL,NULL,'2016-01-20 14:24:40','2016-01-20 15:46:36',0,NULL,NULL),('f7a5b3b6-3906-4b39-8e03-8fba7c3753a2','22',NULL,NULL,'<p>22<br/></p>',NULL,NULL,NULL,NULL,NULL,'2016-01-13 17:36:25','2016-01-20 11:44:08',0,NULL,NULL),('fce84864-785e-4917-be11-241fe3c708c0','é»å®¶é©¹','e256e2ad-edc1-4aeb-bf94-014cf506a4a5','沐风','æ³å½è´§',NULL,NULL,NULL,NULL,'z:\\upload/20160328/c08d8ceec864413cb09449879867c985.jpg','2016-03-28 17:10:29','2016-03-29 11:32:31',0,0,NULL),('fcf97f5a-7cc7-4468-b6a3-7592913ade14','GH JJ','e256e2ad-edc1-4aeb-bf94-014cf506a4a5','沐风','法国货',NULL,NULL,NULL,NULL,NULL,'2016-03-28 15:02:59','2016-03-29 11:33:04',0,0,NULL),('fd800666-5cb9-4a66-b920-464d582e4d05','è®­ç»','e256e2ad-edc1-4aeb-bf94-014cf506a4a5','沐风','åçå¥',NULL,NULL,NULL,NULL,'z:\\upload/20160328/2d4116cf4fdb40da9fcb68e432b3d7aa.jpg','2016-03-28 16:24:25','2016-03-29 11:33:36',0,0,NULL),('fe44aafd-880d-442d-b924-0139646c6728','11',NULL,NULL,'<p>222<br/></p>',NULL,NULL,NULL,NULL,NULL,'2016-01-13 16:47:32','2016-01-20 11:43:48',0,NULL,NULL);

/*Table structure for table `sst_notice_users` */

DROP TABLE IF EXISTS `sst_notice_users`;

CREATE TABLE `sst_notice_users` (
  `id` varchar(36) NOT NULL COMMENT '主键id',
  `notice_id` varchar(36) DEFAULT NULL COMMENT '公告id',
  `user_id` varchar(36) DEFAULT NULL COMMENT '用户id',
  `readstat` int(4) DEFAULT '0' COMMENT '是否阅读(0:未读;1:已读)',
  `create_time` datetime DEFAULT CURRENT_TIMESTAMP COMMENT '创建时间',
  `last_update_time` datetime DEFAULT NULL COMMENT '最后更新时间',
  `stat` int(1) DEFAULT '1' COMMENT '数据状态',
  PRIMARY KEY (`id`)
) ENGINE=InnoDB DEFAULT CHARSET=utf8 COMMENT='用户公告关系表';

/*Data for the table `sst_notice_users` */

insert  into `sst_notice_users`(`id`,`notice_id`,`user_id`,`readstat`,`create_time`,`last_update_time`,`stat`) values ('05e24fe2-aefa-40e6-b40d-350880ea5d62','cf60906e-ea96-43a5-b603-54cab60a65c1','40b41478-1094-49da-b21a-9ab7c7cbb42f',0,'2016-03-28 16:24:25',NULL,1),('1','1820cc67-bf65-4a2c-85cb-37807c583a87','1',0,'2016-03-21 17:27:05',NULL,1),('1dfe30d8-0e49-4fbf-a461-87e4bc6bd127','5cc5acc8-98d2-402b-ab87-51895cb34d96','40b41478-1094-49da-b21a-9ab7c7cbb42f',1,'2016-03-28 17:12:04','2016-03-29 10:48:51',1),('1f86a1c8-9f72-4490-a7e5-081e2d4a8bdf','008f020b-83df-4e9d-a084-28fc93183d50','40b41478-1094-49da-b21a-9ab7c7cbb42f',0,'2016-03-28 16:05:42',NULL,1),('2','4e6c39f0-2060-4981-ac1e-36f25432d328','1',0,'2016-03-21 17:27:32',NULL,1),('24ae56a1-ea6a-498d-83db-cf4dfd143330','b4cd50b0-dedb-4a88-befe-16c93a6ca2fb','40b41478-1094-49da-b21a-9ab7c7cbb42f',1,'2016-03-28 17:17:18','2016-03-29 10:48:34',1),('3','1820cc67-bf65-4a2c-85cb-37807c583a87','2',0,'2016-03-21 17:27:05',NULL,1),('396c24a6-dab0-4744-a119-ebc3ca9b26ee',NULL,'e256e2ad-edc1-4aeb-bf94-014cf506a4a5',0,'2016-03-28 14:05:15',NULL,1),('3c3a8ad1-ac3a-488f-a264-bfd8bcf46d43','42980458-0ab3-4b60-aa89-51ca8c2be248','40b41478-1094-49da-b21a-9ab7c7cbb42f',1,'2016-03-28 17:17:02','2016-03-29 10:48:29',1),('3d01caf3-6586-4bbf-8ab6-28f847098c21','132f3cce-4677-439f-bb01-028bf077dc56','40b41478-1094-49da-b21a-9ab7c7cbb42f',0,'2016-03-28 16:57:29',NULL,1),('4','1820cc67-bf65-4a2c-85cb-37807c583a87','4',0,'2016-03-21 17:27:05',NULL,1),('42a58533-1957-4a57-9d5e-357f2ef22a75','134cd4d1-dc28-43ee-ada4-aecf676918af','40b41478-1094-49da-b21a-9ab7c7cbb42f',1,'2016-03-28 16:10:44','2016-03-29 10:48:58',1),('431c1c64-484b-43b0-885f-551933670389','ee8c476a-dfed-4cc2-bcb3-d57fe75bc233','e256e2ad-edc1-4aeb-bf94-014cf506a4a5',0,'2016-03-28 14:57:19',NULL,1),('4cda638d-5790-412e-82e1-74a8f8cb96a1','e0df8791-c91b-478c-8eb5-aa5e383619be','e256e2ad-edc1-4aeb-bf94-014cf506a4a5',0,'2016-03-28 17:29:15',NULL,1),('5','a38c2bd5-cdaa-496b-973d-1581c0371b22','1',0,'2016-03-21 17:28:33',NULL,1),('554cfa7c-96d7-4441-961c-93af186533b8','ee8c476a-dfed-4cc2-bcb3-d57fe75bc233','a3efc072-0142-4fff-b951-3adc659a70c9',0,'2016-03-28 14:57:19',NULL,1),('58d09e9a-ed9e-4ecb-8fa8-c93baa097ffc','e0df8791-c91b-478c-8eb5-aa5e383619be','40b41478-1094-49da-b21a-9ab7c7cbb42f',1,'2016-03-28 17:29:15','2016-03-29 17:49:07',1),('59d4bcc4-669a-4c7b-9c42-5db2ba9a997b','6dda0667-96cb-4abe-b4c4-3f0d5f60a381','e256e2ad-edc1-4aeb-bf94-014cf506a4a5',0,'2016-03-28 14:54:33',NULL,1),('5a11f8f0-4d29-471e-ba68-28d65b704321','733d9b62-ea84-42cc-91fe-0a7f43a8c209','40b41478-1094-49da-b21a-9ab7c7cbb42f',1,'2016-03-28 17:16:41','2016-03-29 10:49:16',1),('5b4b52e8-2222-4ceb-a814-fa6298141c35','b6b448c0-2c03-4fd3-aec5-a2ed1caba457','a3efc072-0142-4fff-b951-3adc659a70c9',0,'2016-03-28 14:50:29',NULL,1),('5c5e4ff0-2caa-48df-9c69-c7df2ab6a046','fd800666-5cb9-4a66-b920-464d582e4d05','40b41478-1094-49da-b21a-9ab7c7cbb42f',0,'2016-03-28 16:24:25',NULL,1),('6595ca8e-572c-4406-ace4-ab29b103d09f','176c1065-0d0d-4c7e-879f-9c81c426d512','40b41478-1094-49da-b21a-9ab7c7cbb42f',1,'2016-03-28 17:16:41','2016-03-29 15:37:57',1),('688e32b1-85cb-44ca-8a9f-8e39a7a7f588','9b134a81-9d88-423a-8e52-41c26c7cbccd','e256e2ad-edc1-4aeb-bf94-014cf506a4a5',0,'2016-03-29 17:12:29',NULL,1),('72546ee6-b3c8-436f-b920-3631ce898770',NULL,'40b41478-1094-49da-b21a-9ab7c7cbb42f',0,'2016-03-28 14:05:15',NULL,1),('7b714964-ca8e-4e4d-a1bd-1830f539ba87','788715b7-1e80-4bed-820a-3f000c342f14','a3efc072-0142-4fff-b951-3adc659a70c9',0,'2016-03-29 17:54:11',NULL,1),('7c37400d-b1f3-448e-a774-211c3d9ba601','aec2f333-c0e0-4574-97ec-afcee03485c2','40b41478-1094-49da-b21a-9ab7c7cbb42f',0,'2016-03-28 16:11:50',NULL,1),('7d3f15ee-5c5c-4137-b057-ff0926e3df3f','6dda0667-96cb-4abe-b4c4-3f0d5f60a381','a3efc072-0142-4fff-b951-3adc659a70c9',0,'2016-03-28 14:54:33',NULL,1),('7db3feb1-89f4-459a-83cd-652c150b94ee','23bdac36-a4a4-4485-80d5-eadf92905bf3','40b41478-1094-49da-b21a-9ab7c7cbb42f',0,'2016-03-28 16:11:21',NULL,1),('80a191f0-a27f-43e1-a1e4-4c8be2fca9e3','5bf74713-8572-48c4-99dc-6a9a443b600f','e256e2ad-edc1-4aeb-bf94-014cf506a4a5',0,'2016-03-28 17:02:00',NULL,1),('8ad463e2-5fed-436a-9681-251487a75694','9b134a81-9d88-423a-8e52-41c26c7cbccd','40b41478-1094-49da-b21a-9ab7c7cbb42f',1,'2016-03-29 17:12:29','2016-03-29 17:49:03',1),('8c5ed524-bafb-4855-81f2-73aa4261c73d','da19f0f8-87c3-4f59-865c-5b6a701ab466','40b41478-1094-49da-b21a-9ab7c7cbb42f',0,'2016-03-28 15:00:46',NULL,1),('9104a102-7980-499d-bf12-3c440e298973','a3efc072-0142-4fff-b951-3adc659a70c9','e256e2ad-edc1-4aeb-bf94-014cf506a4a5',NULL,NULL,NULL,NULL),('99e8caf3-009c-4712-9030-d6e98c272084','788715b7-1e80-4bed-820a-3f000c342f14','e256e2ad-edc1-4aeb-bf94-014cf506a4a5',0,'2016-03-29 17:54:11',NULL,1),('9d18d6d8-55d4-4d94-91c6-2854ae2eeb9d','95076242-4156-4d4d-8eda-f0836700fcf9','40b41478-1094-49da-b21a-9ab7c7cbb42f',0,'2016-03-28 16:11:50',NULL,1),('9d829410-f8fc-4a9f-b42e-5b5aff213599','a3efc072-0142-4fff-b951-3adc659a70c9','40b41478-1094-49da-b21a-9ab7c7cbb42f',NULL,NULL,NULL,NULL),('a4e2a317-5ed0-4bbc-8732-b66e6a718660','fcf97f5a-7cc7-4468-b6a3-7592913ade14','40b41478-1094-49da-b21a-9ab7c7cbb42f',0,'2016-03-28 15:02:59',NULL,1),('aa8db837-ce7d-46ad-92f5-4e04fa472ee8','4befe57b-71a9-45f6-893a-dae3335f3bb5','40b41478-1094-49da-b21a-9ab7c7cbb42f',0,'2016-03-28 14:17:41',NULL,1),('abd7ffba-c2b3-49e4-af50-cc5d8fa9599d','cb281c70-91ec-478e-8cae-2065a8c3c296','a3efc072-0142-4fff-b951-3adc659a70c9',0,'2016-03-28 15:22:47',NULL,1),('b08de95d-6d43-4a7a-ba2d-9f8400042b46','4befe57b-71a9-45f6-893a-dae3335f3bb5','e256e2ad-edc1-4aeb-bf94-014cf506a4a5',0,'2016-03-28 14:17:41',NULL,1),('b188b22a-2075-4ef3-862d-00f9f59d9573','fce84864-785e-4917-be11-241fe3c708c0','40b41478-1094-49da-b21a-9ab7c7cbb42f',0,'2016-03-28 17:10:29',NULL,1),('be65c10d-1e03-4d22-91d8-02c7959d7ee6','f453d589-825d-4deb-a236-2292b3aac81e','40b41478-1094-49da-b21a-9ab7c7cbb42f',0,'2016-03-28 16:05:15',NULL,1),('cc4fe4da-8a16-4a79-b95d-934befa5e065','b6b448c0-2c03-4fd3-aec5-a2ed1caba457','e256e2ad-edc1-4aeb-bf94-014cf506a4a5',0,'2016-03-28 14:50:29',NULL,1),('d18c4040-803b-4055-9d23-62b2af3ca565','5bf74713-8572-48c4-99dc-6a9a443b600f','a3efc072-0142-4fff-b951-3adc659a70c9',1,'2016-03-28 17:02:00','2016-03-29 18:12:26',1),('da1f3dc1-2568-4f27-8a32-7b41fa0294d9','cb281c70-91ec-478e-8cae-2065a8c3c296','e256e2ad-edc1-4aeb-bf94-014cf506a4a5',0,'2016-03-28 15:22:47',NULL,1),('ddecc60f-d43c-41b0-862a-e774caaeb342','2ba7e8f8-0e25-4f78-84f5-90e382c1b2e4','40b41478-1094-49da-b21a-9ab7c7cbb42f',0,'2016-03-28 15:03:00',NULL,1),('e20d020f-3b99-492a-9524-c7bb2bc6971f','ba17dd0c-5200-4457-bcee-0bde0d1b579c','40b41478-1094-49da-b21a-9ab7c7cbb42f',1,'2016-03-28 16:49:11','2016-03-29 10:48:55',1),('ec5a13e6-baa0-4db0-89ca-78de8e28469e','a3efc072-0142-4fff-b951-3adc659a70c9','e256e2ad-edc1-4aeb-bf94-014cf506a4a5',NULL,NULL,NULL,NULL),('f1389617-5590-4aa4-9b55-31481ab766e9','a3efc072-0142-4fff-b951-3adc659a70c9','40b41478-1094-49da-b21a-9ab7c7cbb42f',NULL,NULL,NULL,NULL),('f6011086-2203-4abb-832c-1a1e3dcf5b73','6079b8e4-4341-4876-af89-537bd18f1a8e','40b41478-1094-49da-b21a-9ab7c7cbb42f',0,'2016-03-28 17:10:29',NULL,1),('f871f4e8-3194-476f-a2c5-43a804b44359','db713706-5b25-4d3c-b7a8-6633e7cb690c','40b41478-1094-49da-b21a-9ab7c7cbb42f',0,'2016-03-28 16:57:29',NULL,1),('f87ef1f8-b666-45ee-9f1f-1b48306ed8b4','84fe0426-dccb-47e4-a2eb-c6de04839c30','40b41478-1094-49da-b21a-9ab7c7cbb42f',0,'2016-03-28 16:08:24',NULL,1),('fa131fa8-be32-4a73-8bea-243383b8e05f','23a8fcaf-0ab4-48ad-96c5-e3ac18bace50','40b41478-1094-49da-b21a-9ab7c7cbb42f',0,'2016-03-28 16:15:35',NULL,1),('fba0c4e3-6c23-4ce6-9f7b-02725765dece','096a1a03-754f-4bbe-8ebc-0d71fc597da6','40b41478-1094-49da-b21a-9ab7c7cbb42f',0,'2016-03-28 16:49:11',NULL,1);

/*Table structure for table `sst_plan` */

DROP TABLE IF EXISTS `sst_plan`;

CREATE TABLE `sst_plan` (
  `id` varchar(36) NOT NULL COMMENT '主键id',
  `user_id` varchar(36) DEFAULT NULL COMMENT '用户id',
  `user_name` varchar(20) DEFAULT NULL COMMENT '用户名称',
  `title` varchar(20) DEFAULT NULL COMMENT '标题',
  `plan_time` datetime DEFAULT NULL COMMENT '提醒时间',
  `is_finish` int(1) NOT NULL DEFAULT '0' COMMENT '是否完成(0-未完成,1-已完成)',
  `is_remind` int(1) NOT NULL DEFAULT '0' COMMENT '是否定时提醒(0-否,1-是)',
  `content` varchar(500) DEFAULT NULL COMMENT '内容',
  `create_time` datetime DEFAULT NULL COMMENT '创建时间',
  `last_update_time` datetime DEFAULT NULL COMMENT '最后更新时间',
  `stat` int(1) DEFAULT NULL COMMENT '数据状态',
  PRIMARY KEY (`id`)
) ENGINE=InnoDB DEFAULT CHARSET=utf8 COMMENT='训练计划';

/*Data for the table `sst_plan` */

insert  into `sst_plan`(`id`,`user_id`,`user_name`,`title`,`plan_time`,`is_finish`,`is_remind`,`content`,`create_time`,`last_update_time`,`stat`) values ('02c578a0-5e1c-4cf6-8b92-9a9c8570e473','590325e0-9e03-4cd3-9362-efed84013dab','测试','给坎坎坷坷举报v人','2016-03-05 13:56:00',0,1,'你困了唱歌快来了考虑打飞机距地✈','2016-02-25 13:56:12',NULL,0),('0c6a32ca-fa53-4775-a972-d3f66ca2ee63','590325e0-9e03-4cd3-9362-efed84013dab','测试','999999999999','2016-02-25 09:17:00',0,0,'GG厚德蜂胶健健康康流量费风风光光个','2016-02-25 09:15:48','2016-02-25 15:32:01',0),('1','0409b62b-564a-4217-8b75-d9b9389d644e','隔壁老王家','起床','2016-01-18 09:55:00',0,0,'起来刷牙吃饭','2016-01-18 09:55:19',NULL,1),('2','590325e0-9e03-4cd3-9362-efed84013dab','测试','22222332','2016-02-24 13:46:00',0,0,'22','2016-02-24 13:46:12','2016-02-25 15:33:39',0),('3','590325e0-9e03-4cd3-9362-efed84013dab','测试','33在大风刮过千千万万','2016-02-24 13:46:00',0,1,'33','2016-02-24 13:47:03','2016-02-25 15:37:11',0),('32846af5-214a-4312-abf4-b384d8c7754f','590325e0-9e03-4cd3-9362-efed84013dab','测试','独孤皇后还好吧你那边','2016-02-24 16:49:00',0,0,'就坎坎坷坷几块','2016-02-24 16:47:45','2016-02-25 13:54:13',0),('352b89af-81ed-49f9-9784-8d60f42bebe6','590325e0-9e03-4cd3-9362-efed84013dab','测试','呜呜呜呜我收拾收拾是','2016-02-25 14:09:00',0,1,'你困了唱歌快来了考虑打飞机距地✈','2016-02-24 17:13:45','2016-02-25 15:32:55',0),('4052355e-c656-49f7-ad67-3400fb36a24e','590325e0-9e03-4cd3-9362-efed84013dab','测试','就扣扣号嘎嘎嘎嘎','2016-02-25 11:19:00',0,0,'GG厚德蜂胶健健康康流量费风风光光个','2016-02-25 11:03:30','2016-02-25 13:49:21',0),('49df5c5b-a2a7-4096-85ae-c99adb2439af','590325e0-9e03-4cd3-9362-efed84013dab','测试','456','2016-02-25 14:16:00',1,0,'小常回家看看举报v旧家具vv不看看看好vv嘎嘎嘎嘎','2016-02-24 16:33:19','2016-02-25 16:45:50',0),('8055eac1-8c88-4dd8-b936-3afe8d569b69','590325e0-9e03-4cd3-9362-efed84013dab','测试','123','2016-02-24 16:35:00',1,0,'123456','2016-02-24 16:31:15','2016-02-25 14:18:29',0),('8c5994db-d73f-4006-b4d3-70747d9623a8','590325e0-9e03-4cd3-9362-efed84013dab','测试',NULL,'2016-02-24 17:15:00',1,0,NULL,'2016-02-25 13:59:07','2016-02-25 14:04:08',0),('8e561f44-f9c4-4968-a9b7-6ece8f6e21e2','590325e0-9e03-4cd3-9362-efed84013dab','测试','快乐来看看','2016-02-25 14:07:00',0,1,'更新废后将军近近景近景坎坎坷坷看空间回个话','2016-02-24 17:03:49','2016-02-25 14:05:41',0),('9699669c-972b-4345-bfbb-3ecd50a45a79','590325e0-9e03-4cd3-9362-efed84013dab','测试','11111','2016-02-22 23:34:00',0,0,'11111111111111111111111','2016-02-24 13:56:00',NULL,0),('ad539816-98b0-4f2d-884b-daa79131ea5f','590325e0-9e03-4cd3-9362-efed84013dab','测试','偶遇特热','2016-02-26 14:11:00',0,0,'好坎坎坷坷近近景近景你国际经济纪念','2016-02-24 17:01:38','2016-02-25 15:34:05',0),('add29475-c022-4007-9906-2e890ed1fe87','590325e0-9e03-4cd3-9362-efed84013dab','测试','犬瘟热天天体育','2016-02-24 16:54:00',0,0,'的法国红酒进进出出v嘎嘎嘎嘎不会后悔近近景近景刚刚给','2016-02-24 16:40:00','2016-02-25 13:49:52',0),('bad01bf2-c3dd-4fea-92a8-782b8902121b','590325e0-9e03-4cd3-9362-efed84013dab','测试','123456','2016-02-25 14:14:00',0,0,'999999999999999999999999999','2016-02-24 16:43:04','2016-02-25 14:13:52',0),('cc40aec4-28e6-4353-aa8b-19d30ae84cd4','590325e0-9e03-4cd3-9362-efed84013dab','测试','电饭锅吼吼吼vv','2016-02-28 10:05:00',0,1,'坚决服从v不不不好炒粉干比较近尽快解决','2016-02-25 11:55:55',NULL,0),('d3a47fe7-b320-4cf2-8bb7-7a097daed62b','590325e0-9e03-4cd3-9362-efed84013dab','测试','干活近近景近景','2016-02-27 14:12:00',1,0,'地方很近坎坎坷坷看','2016-02-24 17:23:23','2016-02-25 15:22:42',0),('d717d5f8-1400-46f5-a00e-9c959c5d5547','590325e0-9e03-4cd3-9362-efed84013dab','测试','啦啦啦啦好v到底是','2016-02-24 17:33:00',0,0,'崩溃了重新进口奔驰感觉你经历过吃看看几点','2016-02-24 17:31:28','2016-02-25 13:54:18',0),('de5c595f-c548-4cde-a8dd-0cb685d2ad1f','590325e0-9e03-4cd3-9362-efed84013dab','测试','1111','2016-02-25 09:04:00',0,0,'QQ去问问呜呜呜呜呜呜呜呜','2016-02-25 09:02:29','2016-02-25 13:42:36',0),('eec547c1-f2a9-4701-848f-973bb01795c9','a3efc072-0142-4fff-b951-3adc659a70c9','zgy','the fact I can get','2016-03-29 17:45:00',0,0,'cuffed and I don\'t think that I have a great way of the day before I get a follow back on my','2016-03-29 16:46:05',NULL,1),('f1cde15a-b931-4cab-afa1-afa574155dac','6d2a8f98-6622-444c-a6f8-e736c7a314c2','Mark','12把','2016-03-15 21:41:00',1,0,'可口可乐了可口可乐了','2016-03-15 16:39:01','2016-03-15 16:39:26',0),('f5ca4e29-861c-4fe6-a9ca-0b6485c486f2','590325e0-9e03-4cd3-9362-efed84013dab','测试','干活话费查询风风光光哈哈','2016-02-24 16:46:00',0,0,'苦苦此刻回家看地对地导弹当饭吃吃醋了看','2016-02-24 16:44:43','2016-02-25 13:49:34',0);

/*Table structure for table `sst_remind` */

DROP TABLE IF EXISTS `sst_remind`;

CREATE TABLE `sst_remind` (
  `id` varchar(36) NOT NULL COMMENT '主键id',
  `to_user_id` varchar(36) DEFAULT NULL COMMENT '接收人id',
  `to_user_name` varchar(36) DEFAULT NULL COMMENT '接收人名称',
  `type` int(1) DEFAULT NULL COMMENT '提醒方式',
  `send_time` datetime DEFAULT NULL COMMENT '发送时间',
  `attachment` varchar(200) DEFAULT NULL COMMENT '附件',
  `text` varchar(200) DEFAULT NULL COMMENT '文字',
  `voice` varchar(200) DEFAULT NULL COMMENT '语音',
  `user_id` varchar(36) DEFAULT NULL COMMENT '用户id',
  `user_name` varchar(20) DEFAULT NULL COMMENT '用户名称',
  `create_time` datetime DEFAULT NULL COMMENT '创建时间',
  `last_update_time` datetime DEFAULT NULL COMMENT '最后更新时间',
  `stat` int(1) DEFAULT NULL COMMENT '数据状态',
  PRIMARY KEY (`id`)
) ENGINE=InnoDB DEFAULT CHARSET=utf8 COMMENT='提醒';

/*Data for the table `sst_remind` */

insert  into `sst_remind`(`id`,`to_user_id`,`to_user_name`,`type`,`send_time`,`attachment`,`text`,`voice`,`user_id`,`user_name`,`create_time`,`last_update_time`,`stat`) values ('1','48a8acf7-67d0-44a9-806e-3b00c2b1337g','遇见',1,'2016-01-15 16:59:38','\\upload\\20160113\\91056db9acb042dd849ac72ac50949eb.jpg','你好,很高兴认识你','\\upload\\20160113\\91056db9acb042dd849ac72ac50949eb.jpg','0409b62b-564a-4217-8b75-d9b9389d644e','隔壁老王家','2016-01-15 16:59:07',NULL,1);

/*Table structure for table `sst_suggestion` */

DROP TABLE IF EXISTS `sst_suggestion`;

CREATE TABLE `sst_suggestion` (
  `id` varchar(36) NOT NULL,
  `sf_type` int(4) DEFAULT NULL COMMENT '类型(1.产品建议 2.使用故障 3.帮助资讯)',
  `sf_contacts` varchar(100) DEFAULT NULL COMMENT '联系方式',
  `sf_feedback` varchar(2000) DEFAULT NULL COMMENT '反馈意见',
  `sf_user_id` varchar(50) DEFAULT NULL COMMENT '用户Id',
  `create_time` datetime DEFAULT NULL,
  `last_update_time` datetime DEFAULT NULL,
  `stat` int(4) NOT NULL,
  PRIMARY KEY (`id`)
) ENGINE=InnoDB DEFAULT CHARSET=utf8 COMMENT='回馈用户信息';

/*Data for the table `sst_suggestion` */

insert  into `sst_suggestion`(`id`,`sf_type`,`sf_contacts`,`sf_feedback`,`sf_user_id`,`create_time`,`last_update_time`,`stat`) values ('4d0b28a2-b602-4288-9051-840fb019666a',NULL,NULL,'111',NULL,'2016-03-24 17:13:06',NULL,1),('7f391e38-0a30-4924-9e49-2c57e6802d26',NULL,NULL,'QQ图默默哦','40b41478-1094-49da-b21a-9ab7c7cbb42f','2016-03-29 13:51:31',NULL,1);

/*Table structure for table `sst_team` */

DROP TABLE IF EXISTS `sst_team`;

CREATE TABLE `sst_team` (
  `id` varchar(36) NOT NULL COMMENT '主键id',
  `name` varchar(20) DEFAULT NULL COMMENT '球队名称',
  `icon` varchar(200) DEFAULT NULL COMMENT '图标',
  `province` varchar(200) DEFAULT NULL COMMENT '省',
  `city` varchar(200) DEFAULT NULL COMMENT '城市',
  `area` varchar(200) DEFAULT NULL COMMENT '地区',
  `address` varchar(200) DEFAULT NULL COMMENT '地址 主场信息',
  `summary` text COMMENT '简介',
  `contacts` varchar(20) DEFAULT NULL COMMENT '联系人',
  `mobile` varchar(20) DEFAULT NULL COMMENT '联系电话',
  `create_user_id` varchar(36) DEFAULT NULL COMMENT '创建人id',
  `create_user_name` varchar(20) DEFAULT NULL COMMENT '创建人姓名',
  `update_user_id` varchar(36) DEFAULT NULL COMMENT '更新人id',
  `update_user_name` varchar(20) DEFAULT NULL COMMENT '更新人姓名',
  `create_time` datetime DEFAULT NULL COMMENT '创建时间',
  `last_update_time` datetime DEFAULT NULL COMMENT '最后更新时间',
  `stat` int(1) DEFAULT NULL COMMENT '数据状态',
  PRIMARY KEY (`id`)
) ENGINE=InnoDB DEFAULT CHARSET=utf8 COMMENT='球队(机构)';

/*Data for the table `sst_team` */

insert  into `sst_team`(`id`,`name`,`icon`,`province`,`city`,`area`,`address`,`summary`,`contacts`,`mobile`,`create_user_id`,`create_user_name`,`update_user_id`,`update_user_name`,`create_time`,`last_update_time`,`stat`) values ('071f7032-658c-482c-b31a-f5770234f2ab','11',NULL,NULL,NULL,NULL,NULL,'',NULL,NULL,NULL,NULL,NULL,NULL,'2016-01-23 13:36:46','2016-01-23 14:44:06',0),('0a80313f-6f94-483a-a758-177138aa21d6','77','\\upload\\20160123\\ba6d9fc7e7c24c988ce993ab1d73309a.jpg',NULL,NULL,NULL,'','<p>77</p>','77','777',NULL,NULL,NULL,NULL,'2016-01-23 14:12:30',NULL,1),('0bc20f4d-8028-4565-96d9-eedfaeebed82','123','\\upload\\20160317\\49dde6fd1c1a41a0a9a311cc01ec79e6.jpg',NULL,NULL,NULL,NULL,NULL,'456','12312312312','a3efc072-0142-4fff-b951-3adc659a70c9','juju_e8721',NULL,NULL,'2016-03-17 11:09:59','2016-03-17 11:13:57',1),('0d1799b5-2c63-4101-9553-c9decb5545f1','0','\\upload\\20160123\\8b70c7d4ee9e459b8e8b3583899bd0ba.jpg',NULL,NULL,NULL,'00','<p>000</p>','0000','00000',NULL,NULL,NULL,NULL,'2016-01-23 14:13:54','2016-01-23 14:28:22',0),('1','一号球队','\\upload\\20160321\\c9ac01e53aed464f93e30a1fabb170cd.jpg',NULL,NULL,NULL,'sf','<p>ss</p>','ss','18845147781','35bf73d7-b70b-440c-9b64-0e245be69446',NULL,NULL,NULL,NULL,'2016-03-21 13:10:10',1),('1fc362ae-1324-40f7-a3ad-080893ba4506','0','',NULL,NULL,NULL,'00','<p>000</p>','0000','00000',NULL,NULL,NULL,NULL,'2016-01-23 14:20:28','2016-01-23 14:27:40',0),('2','二号球队','\\upload\\20160321\\76e62c4cc1424c6eae2ed85b626436f5.jpg',NULL,NULL,NULL,'11','<p>sdf</p>针对用户上传的数据，至少创建三副本并跨IDC存储到多个数据中心，保证数据的高可用性和可靠性。用户可通过七牛的身份验证机制设置不同的访问权限和访问级别。针对用户上传的数据，至少创建三副本并跨IDC存储到多个数据中心，保证数据的高可用性和可靠性。用户可通过七牛的身份验证机制设置不同的访问权限和访问级别。','132','18722143361',NULL,NULL,NULL,NULL,NULL,'2016-03-21 13:10:28',1),('46b24230-d560-4612-8a61-1c24c88de6cd','9','\\upload\\20160123\\33706b3fd4344e02a8f86ffa99455b6f.jpg',NULL,NULL,NULL,'9','<p>99</p>','999','9999',NULL,NULL,NULL,NULL,'2016-01-23 14:13:20',NULL,1),('4a75255f-0400-4ed2-be7c-6585b09e853f','8','\\upload\\20160123\\42e6bf93bcc748b5bf96d2b51794a236.jpg',NULL,NULL,NULL,'888888888888888','<p>88</p>','888','8888',NULL,NULL,NULL,NULL,'2016-01-23 14:12:46','2016-01-23 14:41:00',1),('532c5145-41a2-4720-a331-281a031f63da','0','\\upload\\20160123\\a3c5f1f83fab49e5bf634c31be387285.jpg',NULL,NULL,NULL,'00','<p>000</p>','0000','00000',NULL,NULL,NULL,NULL,'2016-01-23 14:21:34','2016-01-23 14:28:22',0),('819ac90a-42a9-4087-ac4b-6698eebe11dd','恒大','\\upload\\20160123\\9a564926fa6c47d798da84ee3c108f9d.jpg',NULL,NULL,NULL,'广州市11','<p>很不错的中超球队</p>','jam','13956565656',NULL,NULL,NULL,NULL,'2016-01-23 14:00:59','2016-01-23 14:41:31',1),('828765ae-f509-4a85-bd3b-4dc4c1f7ce46','22','\\upload\\20160321\\0470f2cdf5904130975b8ec982e5bda9.jpg',NULL,NULL,NULL,'aa','<p>aa</p>','aa','15744641325',NULL,NULL,NULL,NULL,'2016-01-23 13:49:27','2016-03-21 13:09:34',1),('9807d231-e9e7-4dcf-9bee-197de3edfe0b','55','\\upload\\20160321\\35fefbba3c204880a1ff5537ff50b058.jpg',NULL,NULL,NULL,'55','<p>55</p>','test','15244512135',NULL,NULL,NULL,NULL,'2016-01-23 13:59:56','2016-03-21 13:08:18',1),('a8542aa3-38c0-405d-b76e-f3f4f0749834','33','\\upload\\20160321\\5c3a38ac071f4379bd078e5abbeef4cf.jpg',NULL,NULL,NULL,'s','<p>sdf</p>','ss','18721146631',NULL,NULL,NULL,NULL,'2016-01-23 13:51:19','2016-03-21 13:09:11',1),('ba323456-454d-4b59-8bfa-19b8a4e2e7fb','0','\\upload\\20160123\\a3c5f1f83fab49e5bf634c31be387285.jpg',NULL,NULL,NULL,'00','<p>000</p>','0000','00000',NULL,NULL,NULL,NULL,'2016-01-23 14:21:42','2016-01-23 14:28:22',0),('cbd312fc-bc94-4a0a-9d7b-b12e526da34b','测试',NULL,'130000',NULL,'130200','','','测试','测试',NULL,NULL,NULL,NULL,'2016-03-22 14:22:12',NULL,1),('d466dc45-ca3a-4ee7-856f-bea6af533cf4','66','\\upload\\20160123\\9eb5ed8f9c9d4aff981645dca921814f.jpg',NULL,NULL,NULL,'66','<p>66</p>','66','66',NULL,NULL,NULL,NULL,'2016-01-23 14:07:04',NULL,1),('ead0cb09-c6b7-4a94-9d44-4b26a7f4a779','44','\\upload\\20160321\\7304f036029a428ba7959fa8b2b793bf.jpg',NULL,NULL,NULL,'wa','<p>4<br/></p>','wa','18721403514',NULL,NULL,NULL,NULL,'2016-01-23 13:55:13','2016-03-21 13:08:42',1);

/*Table structure for table `sst_team_image` */

DROP TABLE IF EXISTS `sst_team_image`;

CREATE TABLE `sst_team_image` (
  `id` varchar(36) NOT NULL COMMENT '主键id',
  `team_id` varchar(36) DEFAULT NULL COMMENT '球队id',
  `title` varchar(40) DEFAULT NULL COMMENT '图片标题',
  `img_url` varchar(200) DEFAULT NULL COMMENT '图片路径',
  `note` text COMMENT '图片说明',
  `create_user_id` varchar(36) DEFAULT NULL COMMENT '创建人id',
  `create_user_name` varchar(20) DEFAULT NULL COMMENT '创建人姓名',
  `update_user_id` varchar(36) DEFAULT NULL COMMENT '更新人id',
  `update_user_name` varchar(20) DEFAULT NULL COMMENT '更新人姓名',
  `create_time` datetime DEFAULT NULL COMMENT '创建时间',
  `last_update_time` datetime DEFAULT NULL COMMENT '最后更新时间',
  `stat` int(1) DEFAULT NULL COMMENT '数据状态',
  PRIMARY KEY (`id`)
) ENGINE=InnoDB DEFAULT CHARSET=utf8 COMMENT='球队图片';

/*Data for the table `sst_team_image` */

insert  into `sst_team_image`(`id`,`team_id`,`title`,`img_url`,`note`,`create_user_id`,`create_user_name`,`update_user_id`,`update_user_name`,`create_time`,`last_update_time`,`stat`) values ('0','0a80313f-6f94-483a-a758-177138aa21d6','11',NULL,'<p>11</p>',NULL,NULL,NULL,NULL,'2016-01-27 16:01:03','2016-01-27 16:25:21',0),('01076c1b-b38b-4f85-86dd-cf1856522ed2','819ac90a-42a9-4087-ac4b-6698eebe11dd','22','\\upload\\20160129\\76a94619fdf34c209fd8fd76530690f5.jpg','<p>222</p>',NULL,NULL,NULL,NULL,'2016-01-29 10:35:25',NULL,1),('02d7ea2d-6ac0-4860-bde1-6fa0b363cb66','0a80313f-6f94-483a-a758-177138aa21d6','','','',NULL,NULL,NULL,NULL,'2016-01-28 18:24:33','2016-01-29 15:14:36',0),('0dbd5950-5514-4358-85d9-2320f0bc5b45','0a80313f-6f94-483a-a758-177138aa21d6','7','\\upload\\20160129\\f394cbe9b68e47a7a5c7ef3f3c01da4e.jpg','<p>77</p>',NULL,NULL,NULL,NULL,'2016-01-29 15:05:38',NULL,NULL),('2da0109e-7f1c-4e9f-8fd0-ea03043e5210','4a75255f-0400-4ed2-be7c-6585b09e853f','8','','<p>8</p>',NULL,NULL,NULL,NULL,'2016-01-28 18:16:59','2016-01-29 15:14:40',0),('4985ad6d-f554-47f2-8feb-996d0ef6f957','','66','\\upload\\20160127\\6c59dea6c2eb4020986c93305c1df0b1.jpg','<p>666666</p>',NULL,NULL,NULL,NULL,'2016-01-27 16:26:49',NULL,1),('4a8ab7e8-2811-4502-af4b-0c048c13e04c','','44','\\upload\\20160127\\10d89cadd942453cbe8efd7aaec44bd7.jpg','<p>444444444444</p>',NULL,NULL,NULL,NULL,'2016-01-27 16:26:29',NULL,1),('5b468d6a-bfcf-4389-9482-97622e170823','0a80313f-6f94-483a-a758-177138aa21d6','7','\\upload\\20160129\\80348433cdb24b3f8b4a0dd1e36366e5.jpg','<p>77</p>',NULL,NULL,NULL,NULL,'2016-01-29 15:05:38',NULL,NULL),('5e25bcb7-897d-4c6b-96d8-8b783fef42f1','','77','\\upload\\20160127\\a71f8fe8d4aa4ecd83a2854b54cd40df.jpg','<p>7777777777777</p>',NULL,NULL,NULL,NULL,'2016-01-27 16:31:15',NULL,1),('5e7b601f-1533-40a3-be41-1c12b59324fe','819ac90a-42a9-4087-ac4b-6698eebe11dd','22','\\upload\\20160129\\1a8f5307a4a14770a6909a4d994d22de.jpg','<p>222</p>',NULL,NULL,NULL,NULL,'2016-01-29 10:35:25',NULL,1),('61b12eb3-24f2-4a28-9733-679d1567893d','819ac90a-42a9-4087-ac4b-6698eebe11dd','22','\\upload\\20160129\\a149845002874b198ee3b730fa56e137.jpg','<p>222</p>',NULL,NULL,NULL,NULL,'2016-01-29 10:35:23',NULL,1),('663b1e74-38b7-4c3d-9d47-ef7ff25c7c6f','819ac90a-42a9-4087-ac4b-6698eebe11dd','周五!','\\upload\\20160129\\25692d75b565411ca6decc9392661597.jpg','<p>周五!周五!周五!周五!周五!周五!周五!周五!周五!</p>',NULL,NULL,NULL,NULL,'2016-01-29 15:10:25',NULL,NULL),('721d4be2-a0e8-4527-8c4b-5aaf0ed3a14f','2','333','\\upload\\20160129\\a16c97560aad47e7b264bca0a3b3387a.jpg','<p>3333</p>',NULL,NULL,NULL,NULL,'2016-01-29 15:07:57',NULL,NULL),('738b4949-5293-4c84-a20f-16f439c493e3','819ac90a-42a9-4087-ac4b-6698eebe11dd','明天周末哇哇','\\upload\\20160129\\028d5faaa34946dead8924112ce3b0ab.png','<p>明天周末哇哇明天周末哇哇明天周末哇哇明天周末哇哇明天周末哇哇明天周末哇哇明天周末哇哇明天周末哇哇明天周末哇哇明天周末哇哇明天周末哇哇</p>',NULL,NULL,NULL,NULL,'2016-01-29 15:12:57',NULL,1),('76f8ae9b-bd1c-4603-b008-5523859e6c8e','','55','\\upload\\20160127\\d8b40655f0aa481c8612c0d6a14a2a79.jpg','<p>555555</p>',NULL,NULL,NULL,NULL,'2016-01-27 16:26:39',NULL,1),('7ca2af37-71a4-49b9-99d4-4f4635974bf4','','33','\\upload\\20160127\\d6d5b89011fb47548d3ffc53bc80e6c4.jpg','<p>3333333333333</p>',NULL,NULL,NULL,NULL,'2016-01-27 16:26:18','2016-01-27 16:27:12',0),('86918e01-0eb1-4ce4-a596-625344548f7a','1','22','\\upload\\20160127\\25b86a40ee4243eaba84a82cb27f3784.jpg','<p>222</p>',NULL,NULL,NULL,NULL,'2016-01-27 16:04:12','2016-01-27 16:27:04',0),('8a8a80c0-ffc6-4695-8458-3fb5d8953679','819ac90a-42a9-4087-ac4b-6698eebe11dd','明天周末哇哇','\\upload\\20160129\\ac07c16be6984e5584884d3558d926a7.png','<p>明天周末哇哇明天周末哇哇明天周末哇哇明天周末哇哇明天周末哇哇明天周末哇哇明天周末哇哇明天周末哇哇明天周末哇哇明天周末哇哇明天周末哇哇</p>',NULL,NULL,NULL,NULL,'2016-01-29 15:12:57',NULL,1),('8b562f91-9a4f-40ff-a056-447cbe6c7d4f','2','333','\\upload\\20160129\\4f0eca5654cc4c2184385e21351deaad.jpg','<p>3333</p>',NULL,NULL,NULL,NULL,'2016-01-29 15:07:57',NULL,NULL),('90576ec3-0374-4b59-9b74-4e7b9adeaee6','4a75255f-0400-4ed2-be7c-6585b09e853f','88','\\upload\\20160127\\c14b4cee8d664f62855ce2f891ec8a5b.jpg','<p>888</p>',NULL,NULL,NULL,NULL,'2016-01-27 16:46:16','2016-01-27 16:54:52',1),('9dc61d02-139e-4ed7-ac35-5f33039b7a5c','','22','\\upload\\20160127\\fb5f8a0b66f94eeea9360c3df4a15cb7.jpg','<p>22222222222222222</p>',NULL,NULL,NULL,NULL,'2016-01-27 16:26:08','2016-01-27 16:27:12',0),('a64da755-3bd9-4bd3-8231-9f4685e180fb','d466dc45-ca3a-4ee7-856f-bea6af533cf4','按时','\\upload\\20160129\\2df78334db434ecfb758a9595956c5cb.jpg','<p>按时</p>',NULL,NULL,NULL,NULL,'2016-01-28 18:28:23','2016-01-29 15:14:25',1),('a9c8ff91-b194-415e-a91b-ec331f8f10e4','2','333','\\upload\\20160129\\d76d27411a314c0890f81066d7c9030e.jpg','<p>3333</p>',NULL,NULL,NULL,NULL,'2016-01-29 15:07:57',NULL,NULL),('adc7ff40-3393-4590-a2f4-610e3de11814','819ac90a-42a9-4087-ac4b-6698eebe11dd','明天周末哇哇','\\upload\\20160129\\dda38315fe6a4bd0bcbdf2c2831361e3.jpg','<p>明天周末哇哇明天周末哇哇明天周末哇哇明天周末哇哇明天周末哇哇明天周末哇哇明天周末哇哇明天周末哇哇明天周末哇哇明天周末哇哇明天周末哇哇</p>',NULL,NULL,NULL,NULL,'2016-01-29 15:12:57',NULL,1),('bd0f4737-5752-4c4d-91eb-4f77592124c8','819ac90a-42a9-4087-ac4b-6698eebe11dd','周五!','\\upload\\20160129\\8193782f474f45a58f077d52e994ca3a.jpg','<p>周五!周五!周五!周五!周五!周五!周五!周五!周五!</p>',NULL,NULL,NULL,NULL,'2016-01-29 15:10:25',NULL,NULL),('be6fb8c0-2b9a-4f50-8c07-c0f3f132bf32','819ac90a-42a9-4087-ac4b-6698eebe11dd','周五!','\\upload\\20160129\\bb84c06104ca47daa872fa93bb05d7da.jpg','<p>周五!周五!周五!周五!周五!周五!周五!周五!周五!</p>',NULL,NULL,NULL,NULL,'2016-01-29 15:10:25',NULL,NULL),('d8e5b2aa-ff2e-4a04-9838-b7607b13da83','0a80313f-6f94-483a-a758-177138aa21d6','7','\\upload\\20160129\\e899f68db9b140bab4176a0aaab91474.jpg','<p>77</p>',NULL,NULL,NULL,NULL,'2016-01-29 15:05:38',NULL,NULL),('e9a7aa5f-0cd7-41d7-ab5c-4c5833adb896','','11','','<p>111111111111</p>',NULL,NULL,NULL,NULL,'2016-01-27 16:25:56','2016-01-27 16:27:03',0);

/*Table structure for table `sst_team_player` */

DROP TABLE IF EXISTS `sst_team_player`;

CREATE TABLE `sst_team_player` (
  `id` varchar(36) NOT NULL COMMENT '主键id',
  `team_id` varchar(36) DEFAULT NULL COMMENT '球队id',
  `team_name` varchar(36) DEFAULT NULL COMMENT '球队名称',
  `team_icon` varchar(36) DEFAULT NULL COMMENT '球队标识',
  `name` varchar(20) DEFAULT NULL COMMENT '名字',
  `summary` text COMMENT '描述',
  `num` int(2) DEFAULT NULL COMMENT '球号',
  `position` int(2) DEFAULT NULL COMMENT '位置',
  `pic` varchar(200) DEFAULT NULL COMMENT '头像',
  `create_time` datetime DEFAULT NULL COMMENT '创建时间',
  `last_update_time` datetime DEFAULT NULL COMMENT '最后更新时间',
  `stat` int(1) DEFAULT NULL COMMENT '数据状态',
  PRIMARY KEY (`id`)
) ENGINE=InnoDB DEFAULT CHARSET=utf8 COMMENT='球队队员';

/*Data for the table `sst_team_player` */

insert  into `sst_team_player`(`id`,`team_id`,`team_name`,`team_icon`,`name`,`summary`,`num`,`position`,`pic`,`create_time`,`last_update_time`,`stat`) values ('01365c05-3ee5-4a06-8fb7-de11409f8ba3','1','一号球队',NULL,'张三','<p>手动阀</p>',12,1,'\\upload\\20160323\\4debe0aa684341c78e536c7e2ea5b017.jpg','2016-03-23 11:27:08',NULL,1),('1','0a80313f-6f94-483a-a758-177138aa21d6','恒大','\\upload\\20160123\\9a564926fa6c47d798d','张三','<p>个人实力超群</p>',9,1,'\\upload\\20160128\\7ec635eacc6f45589137d57c4d58734a.jpg','2016-01-27 16:11:43','2016-01-28 15:49:43',1),('2','0a80313f-6f94-483a-a758-177138aa21d6','恒大','\\upload\\20160123\\9a564926fa6c47d798d','李四','<p>个人实力超群</p>',12,2,'\\upload\\20160128\\2b4c1c60c80d44e286280a8800bf579f.jpg','2016-01-27 16:11:43','2016-01-28 16:13:34',1),('3','0a80313f-6f94-483a-a758-177138aa21d6','恒大','\\upload\\20160123\\9a564926fa6c47d798d','王五','<p>个人实力超群</p>',25,3,'\\upload\\20160128\\2eb7c4663f1647caa71d3f3473844eab.jpg','2016-01-27 16:11:43','2016-01-28 15:49:52',1),('3cd414f9-5c51-4335-8692-64caf5bff259','0a80313f-6f94-483a-a758-177138aa21d6','77',NULL,'王五','<p>11</p>',15,1,'\\upload\\20160323\\4555b4b91a1644d583ebd75dfdb28a56.jpg','2016-03-23 11:27:48',NULL,1),('5b9e3fbf-c2aa-4b42-8525-33d81e734215','819ac90a-42a9-4087-ac4b-6698eebe11dd','恒大',NULL,'7','<p>77</p>',777,7,'\\upload\\20160128\\9a8d2f2fc87a4f32b3133768784e2b58.jpg','2016-01-28 16:42:29','2016-01-28 16:57:34',1),('65f17428-8e28-4415-a691-330a82ac582b','1','一号球队',NULL,'撒旦','<p>11</p>',55,3,'\\upload\\20160323\\e07983337d9a48ca9b1769eb4cb632f1.jpg','2016-03-23 11:28:37',NULL,1),('73b3c2c4-a1c1-402e-a479-aacdc88beb56','0a80313f-6f94-483a-a758-177138aa21d6','77',NULL,'2','<p>22</p>',222,2,'\\upload\\20160128\\396f007a975e479c91a39b3356091ea1.jpg','2016-01-28 14:51:25','2016-01-28 16:48:49',1),('ba65b0c6-1c9a-4129-91d2-d7af6951d32f','d466dc45-ca3a-4ee7-856f-bea6af533cf4','66',NULL,'1','<p>阿萨德</p>',111,1,'\\upload\\20160128\\6718de7dcef84c06a0361400bb846419.jpg','2016-01-28 14:47:57','2016-01-28 16:49:01',1),('c5d8bd61-8cf8-48dd-bb84-c0f9d8723c2f','828765ae-f509-4a85-bd3b-4dc4c1f7ce46','22',NULL,'3','<p>33</p>',333,0,'\\upload\\20160128\\ac48b941b3544ef1985873898996714d.jpg','2016-01-28 14:53:25','2016-01-28 16:48:20',1),('d52e54c8-db4a-4119-bed2-eed1c752c2d8','819ac90a-42a9-4087-ac4b-6698eebe11dd','恒大',NULL,'9','<p>99</p>',99,9,'\\upload\\20160128\\a93876f9e6ad4ef4be909a9808dbd7bc.jpg','2016-01-28 16:45:24',NULL,1),('db62474f-9d0e-454a-9498-f02b50b1e70a','1','一号球队',NULL,'露露','<p>11</p>',15,1,'\\upload\\20160323\\0a622cc8de9a442fa25abc9fcf708ac2.jpg','2016-03-23 11:28:13',NULL,1),('f2455f26-4ecc-4281-abed-17cd277b02be','0a80313f-6f94-483a-a758-177138aa21d6','77',NULL,'李四','<p>11</p>',11,2,'\\upload\\20160323\\f86a45ce83cf456d9745e9d11770e99a.jpg','2016-03-23 11:27:32',NULL,1),('fbcf42d2-b47e-46db-be40-59f786c246bd','2','二号球队',NULL,'3','<p>33</p>',333,7,'\\upload\\20160128\\e065ce0efde545d28ea7d9b950e7c936.jpg','2016-01-28 14:59:13','2016-01-28 16:48:09',1);

/*Table structure for table `sst_team_player_datas` */

DROP TABLE IF EXISTS `sst_team_player_datas`;

CREATE TABLE `sst_team_player_datas` (
  `id` varchar(36) NOT NULL COMMENT '主键id',
  `comp_id` varchar(36) DEFAULT NULL COMMENT '赛事id',
  `comp_name` varchar(20) DEFAULT NULL COMMENT '赛事名称',
  `team_id` varchar(36) DEFAULT NULL COMMENT '球队id',
  `team_name` varchar(20) DEFAULT NULL COMMENT '球队名称',
  `team_icon` varchar(200) DEFAULT NULL COMMENT '球队标识',
  `player_id` varchar(36) DEFAULT NULL COMMENT '球员id',
  `player_name` varchar(20) DEFAULT NULL COMMENT '球员名称',
  `position` int(4) DEFAULT NULL COMMENT '球队位置',
  `times` int(4) DEFAULT NULL COMMENT '出场次数',
  `play_times` int(4) DEFAULT NULL COMMENT '出场时间',
  `num` int(4) DEFAULT '0' COMMENT '进球数',
  `points` int(4) DEFAULT NULL COMMENT '点球数',
  `assists` int(4) DEFAULT NULL COMMENT '助攻数',
  `yellow` int(3) DEFAULT '0' COMMENT '黄牌',
  `red` int(3) DEFAULT '0' COMMENT '红牌',
  `create_admin_id` varchar(36) NOT NULL COMMENT '创建者id',
  `create_admin_name` varchar(20) DEFAULT NULL COMMENT '创建者姓名',
  `create_time` datetime DEFAULT NULL COMMENT '创建时间',
  `last_update_time` datetime DEFAULT NULL COMMENT '最后更新时间',
  `stat` int(1) DEFAULT NULL COMMENT '数据类型',
  PRIMARY KEY (`id`)
) ENGINE=InnoDB DEFAULT CHARSET=utf8 COMMENT='赛事球员数据表';

/*Data for the table `sst_team_player_datas` */

insert  into `sst_team_player_datas`(`id`,`comp_id`,`comp_name`,`team_id`,`team_name`,`team_icon`,`player_id`,`player_name`,`position`,`times`,`play_times`,`num`,`points`,`assists`,`yellow`,`red`,`create_admin_id`,`create_admin_name`,`create_time`,`last_update_time`,`stat`) values ('939af838-52f7-4530-8473-49d79afc8ccd','4aa4250e-d01e-4610-80d2-ce20e8be3ab6','11','819ac90a-42a9-4087-ac4b-6698eebe11dd','恒大','\\upload\\20160123\\9a564926fa6c47d798da84ee3c108f9d.jpg','5b9e3fbf-c2aa-4b42-8525-33d81e734215','7',NULL,NULL,NULL,2,NULL,NULL,2,0,'57390b0c-b06a-4e30-b8e9-1f42c5adf979','admin','2016-02-29 10:13:08',NULL,1),('a58e99b6-7b5a-4ebe-94e6-0c5a71795b16','05ab432c-67ec-42bb-8ef7-1bac55f28976','凯瑟琳','819ac90a-42a9-4087-ac4b-6698eebe11dd','恒大','\\upload\\20160123\\9a564926fa6c47d798da84ee3c108f9d.jpg','1','张三',1,2,32,5,4,5,6,7,'57390b0c-b06a-4e30-b8e9-1f42c5adf979','admin','2016-01-27 16:41:33',NULL,1),('dce90c97-30ab-4cbc-8861-ff8ee23eda8f','05ab432c-67ec-42bb-8ef7-1bac55f28976','凯瑟琳','819ac90a-42a9-4087-ac4b-6698eebe11dd','恒大','\\upload\\20160123\\9a564926fa6c47d798da84ee3c108f9d.jpg','3','王五',2,4,22,6,7,8,9,3,'57390b0c-b06a-4e30-b8e9-1f42c5adf979','admin','2016-01-27 16:42:13',NULL,1),('f9ee201a-fb91-467e-9f9b-c7621d9f5d1d','edf136cc-286a-4765-b0c0-e623764fbce1','上海业余足球超级杯联赛','1','一号球队','\\upload\\20160321\\c9ac01e53aed464f93e30a1fabb170cd.jpg','01365c05-3ee5-4a06-8fb7-de11409f8ba3','张三',2,2,2,2,2,2,2,2,'3e6346a3-f942-4567-bf2a-926117022fbf','jam','2016-03-24 10:56:27','2016-03-24 11:09:31',1),('fc2d98e1-aab6-400a-a16e-bbdd65dd39db','4aa4250e-d01e-4610-80d2-ce20e8be3ab6','11','2','二号球队','\\upload\\20160123\\9a564926fa6c47d798da84ee3c108f9d.jpg','fbcf42d2-b47e-46db-be40-59f786c246bd','3',NULL,NULL,NULL,1,NULL,NULL,3,1,'57390b0c-b06a-4e30-b8e9-1f42c5adf979','admin','2016-02-29 10:12:57',NULL,1),('fcb19691-80ec-461c-ab99-b5e8e1e3e0c6','05ab432c-67ec-42bb-8ef7-1bac55f28976','凯瑟琳','819ac90a-42a9-4087-ac4b-6698eebe11dd','恒大','\\upload\\20160123\\9a564926fa6c47d798da84ee3c108f9d.jpg','2','李四',3,4,52,6,7,8,29,1,'57390b0c-b06a-4e30-b8e9-1f42c5adf979','admin','2016-01-27 16:41:59',NULL,1);

/*Table structure for table `sst_team_result` */

DROP TABLE IF EXISTS `sst_team_result`;

CREATE TABLE `sst_team_result` (
  `id` varchar(36) NOT NULL COMMENT '主键id',
  `team_id` varchar(36) DEFAULT NULL COMMENT '球队id',
  `team_name` varchar(36) DEFAULT NULL COMMENT '球队名称',
  `year` varchar(4) DEFAULT NULL COMMENT '年份',
  `game_name` varchar(50) DEFAULT NULL COMMENT '比赛名称',
  `result` varchar(50) DEFAULT NULL COMMENT '成绩',
  `create_user_id` varchar(36) DEFAULT NULL COMMENT '创建人id',
  `create_user_name` varchar(20) DEFAULT NULL COMMENT '创建人姓名',
  `update_user_id` varchar(36) DEFAULT NULL COMMENT '更新人id',
  `update_user_name` varchar(20) DEFAULT NULL COMMENT '更新人姓名',
  `create_time` datetime DEFAULT NULL COMMENT '创建时间',
  `last_update_time` datetime DEFAULT NULL COMMENT '最后更新时间',
  `stat` int(1) DEFAULT NULL COMMENT '数据状态',
  PRIMARY KEY (`id`)
) ENGINE=InnoDB DEFAULT CHARSET=utf8 COMMENT='球队主要成绩';

/*Data for the table `sst_team_result` */

insert  into `sst_team_result`(`id`,`team_id`,`team_name`,`year`,`game_name`,`result`,`create_user_id`,`create_user_name`,`update_user_id`,`update_user_name`,`create_time`,`last_update_time`,`stat`) values ('1','819ac90a-42a9-4087-ac4b-6698eebe11dd','恒大','2015','亚洲风靡旋风比赛','第三名',NULL,NULL,NULL,NULL,'2016-01-27 11:11:24','2016-01-27 14:05:58',1),('2','2','一号球队','2016','2013','第三名',NULL,NULL,NULL,NULL,'2016-01-27 13:46:21',NULL,1),('3','2','2号球队','2016','关中大赛','第2名',NULL,NULL,NULL,NULL,'2016-01-27 13:46:21',NULL,1),('4','2','3球队','2016','亚洲风靡旋风比赛','第1名',NULL,NULL,NULL,NULL,'2016-01-27 13:46:21',NULL,1),('5','2','5号球队','2016','3333','第三名',NULL,NULL,NULL,NULL,'2016-01-27 13:46:21',NULL,1),('9cfc9464-6f9d-4eb9-9745-cec0a030f487','1','一号球队','2015','关中大赛','总冠军(报名球队only one)','57390b0c-b06a-4e30-b8e9-1f42c5adf979','admin','57390b0c-b06a-4e30-b8e9-1f42c5adf979','admin','2016-01-27 13:46:21','2016-01-27 14:05:51',1);

/*Table structure for table `sst_user_apply_team` */

DROP TABLE IF EXISTS `sst_user_apply_team`;

CREATE TABLE `sst_user_apply_team` (
  `id` varchar(36) NOT NULL COMMENT '主键id',
  `team_id` varchar(36) DEFAULT NULL COMMENT '球队id',
  `user_id` varchar(36) DEFAULT NULL COMMENT '用户id',
  `status` int(1) DEFAULT '0' COMMENT '申请状态( 0-未审核,1-通过,2-拒绝)',
  `reason` varchar(200) DEFAULT NULL COMMENT '申请理由',
  `create_time` datetime DEFAULT CURRENT_TIMESTAMP COMMENT '创建时间',
  `last_update_time` datetime DEFAULT NULL COMMENT '最后更新时间',
  `stat` int(1) DEFAULT '1' COMMENT '数据状态',
  PRIMARY KEY (`id`)
) ENGINE=InnoDB DEFAULT CHARSET=utf8 COMMENT='用户申请球队记录表';

/*Data for the table `sst_user_apply_team` */

insert  into `sst_user_apply_team`(`id`,`team_id`,`user_id`,`status`,`reason`,`create_time`,`last_update_time`,`stat`) values ('1','1','d4a9dc41-dfe6-4e5b-8c3e-e777423ab5f7',0,'我想加入','2016-03-07 09:37:44',NULL,1),('2','2','d4a9dc41-dfe6-4e5b-8c3e-e777423ab5f7',0,'我想加入','2016-03-07 09:38:00',NULL,1),('2d142aaf-c692-4e03-baca-9274aa4306c2','0bc20f4d-8028-4565-96d9-eedfaeebed82','30e80ddd-751b-46e2-bdc7-20abb1b7fb5e',2,NULL,'2016-03-18 10:18:03','2016-03-18 10:57:52',1),('96dcdd7c-36af-4db5-9a88-a787f88537ab','0bc20f4d-8028-4565-96d9-eedfaeebed82','30e80ddd-751b-46e2-bdc7-20abb1b7fb5e',1,NULL,'2016-03-18 11:00:14','2016-03-18 11:00:27',1),('e0363613-d0cb-4615-abc9-0f67f2f8d0b8','0bc20f4d-8028-4565-96d9-eedfaeebed82','40b41478-1094-49da-b21a-9ab7c7cbb42f',1,NULL,'2016-03-17 17:26:52','2016-03-18 10:56:31',1);

/*Table structure for table `sst_user_friend` */

DROP TABLE IF EXISTS `sst_user_friend`;

CREATE TABLE `sst_user_friend` (
  `id` varchar(36) NOT NULL COMMENT '主键id',
  `user_id` varchar(36) DEFAULT NULL COMMENT '用户id',
  `friend_id` varchar(36) DEFAULT NULL COMMENT '朋友id',
  `care` int(1) NOT NULL DEFAULT '0' COMMENT '特别关心',
  `create_time` datetime DEFAULT NULL COMMENT '创建时间',
  `last_update_time` datetime DEFAULT NULL COMMENT '最后更新时间',
  `stat` int(1) DEFAULT NULL COMMENT '数据状态',
  PRIMARY KEY (`id`)
) ENGINE=InnoDB DEFAULT CHARSET=utf8 COMMENT='用户好友表';

/*Data for the table `sst_user_friend` */

insert  into `sst_user_friend`(`id`,`user_id`,`friend_id`,`care`,`create_time`,`last_update_time`,`stat`) values ('09ae82d0-d320-45bb-906d-88aa33c13cd3','a3efc072-0142-4fff-b951-3adc659a70c9','40b41478-1094-49da-b21a-9ab7c7cbb42f',0,'2016-03-18 17:38:34',NULL,1),('1','d4a9dc41-dfe6-4e5b-8c3e-e777423ab5f7','0b6f77b1-92af-4a02-bcc7-ab5d3584e483',1,'2016-01-13 14:04:37','2016-03-07 13:40:14',1),('10','85db5957-39ec-4750-aeaa-af78c9e2353a','121129e6-11bd-43dd-b198-f3d78dd6249a',0,'2016-01-13 14:04:37','2016-01-13 14:04:37',1),('11','85db5957-39ec-4750-aeaa-af78c9e2353a','0b6f77b1-92af-4a02-bcc7-ab5d3584e483',0,'2016-01-13 14:04:37','2016-01-13 14:04:37',1),('2','d4a9dc41-dfe6-4e5b-8c3e-e777423ab5f7','121129e6-11bd-43dd-b198-f3d78dd6249a',1,'2016-01-13 14:04:37','2016-03-07 13:32:50',1),('3','32ac7bdd-796b-4640-81ad-1646f020df45','24418da8-5d0c-4462-9dab-fd5e13287b89',0,'2016-01-13 14:04:37','2016-01-13 14:04:37',1),('378b40d8-5803-468c-9d81-f7f2a0eb2664','40b41478-1094-49da-b21a-9ab7c7cbb42f','e256e2ad-edc1-4aeb-bf94-014cf506a4a5',1,'2016-03-18 09:40:59','2016-03-25 13:50:53',1),('39b9c306-8cdd-4760-8073-1465e9bf3913','a3efc072-0142-4fff-b951-3adc659a70c9','e256e2ad-edc1-4aeb-bf94-014cf506a4a5',0,'2016-03-17 18:01:41',NULL,1),('4a2e2c38-3e76-47dd-ac0f-9bd04242bd7e','e256e2ad-edc1-4aeb-bf94-014cf506a4a5','40b41478-1094-49da-b21a-9ab7c7cbb42f',0,'2016-03-18 11:21:01',NULL,1),('5259d640-b1d1-47e7-ad44-286056edddc2','6d2a8f98-6622-444c-a6f8-e736c7a314c2','9b78e94f-5a99-4476-bb70-f555930749b6',0,'2016-03-14 13:09:24',NULL,1),('7','32ac7bdd-796b-4640-81ad-1646f020df45','34413398-451f-4f03-bddb-a3d0d1c84547',0,'2016-01-13 14:04:37','2016-01-13 14:04:37',1),('7af8950c-92e4-492f-9909-a3e43f03f071','4aa99198-c3a2-4964-a076-2a8876aa5d71','4aa99198-c3a2-4964-a076-2a8876aa5d71',1,'2016-03-10 14:09:33','2016-03-10 14:45:50',1),('885c5f5b-d683-4e57-ad33-aac0e37b33f1','40b41478-1094-49da-b21a-9ab7c7cbb42f','c04feef2-650a-45e2-bcd5-3982daccefdc',0,'2016-03-17 13:23:50',NULL,1),('9','85db5957-39ec-4750-aeaa-af78c9e2353a','24418da8-5d0c-4462-9dab-fd5e13287b89',0,'2016-01-13 14:04:37','2016-01-13 14:04:37',1),('9e6ce550-344b-4296-838f-da8492d603b8','4aa99198-c3a2-4964-a076-2a8876aa5d71','076c3e8f-fe2a-4863-bda9-5c282dc6a7f9',0,'2016-03-10 14:10:06',NULL,1),('b1498041-e7d6-4162-9513-420dd9987cb7','9b78e94f-5a99-4476-bb70-f555930749b6','f97014f7-5fea-4e29-915b-1bfed8a592d3',1,'2016-03-14 14:54:32','2016-03-14 15:36:20',1),('c012348f-c2c2-4b5c-999d-4632d2f65a9c','f97014f7-5fea-4e29-915b-1bfed8a592d3','9b78e94f-5a99-4476-bb70-f555930749b6',0,'2016-03-11 14:13:43',NULL,1),('c659dc5e-8ed1-4332-a53c-37e2ccf31f17','9b78e94f-5a99-4476-bb70-f555930749b6','6d2a8f98-6622-444c-a6f8-e736c7a314c2',1,'2016-03-11 10:57:21','2016-03-14 15:36:22',1),('cd18722f-54dd-40b0-9b8b-73052309e7f1','4aa99198-c3a2-4964-a076-2a8876aa5d71','0d2cf099-e892-4c6c-bf33-2ff5f655be66',1,'2016-03-10 14:06:42','2016-03-10 14:45:51',1),('e2c3a263-5720-412d-95a1-e1fe137d79e0','e256e2ad-edc1-4aeb-bf94-014cf506a4a5','a3efc072-0142-4fff-b951-3adc659a70c9',0,'2016-03-29 17:27:38',NULL,1),('e3ffbd1f-cf6d-4c19-a512-caa743e52d9d','40b41478-1094-49da-b21a-9ab7c7cbb42f','a3efc072-0142-4fff-b951-3adc659a70c9',1,'2016-03-17 11:35:58','2016-03-17 11:39:07',1);

/*Table structure for table `sst_video` */

DROP TABLE IF EXISTS `sst_video`;

CREATE TABLE `sst_video` (
  `id` varchar(36) CHARACTER SET utf8 NOT NULL DEFAULT '' COMMENT '主键',
  `game_id` varchar(36) CHARACTER SET utf8 DEFAULT NULL,
  `video_name` varchar(150) CHARACTER SET utf8 DEFAULT NULL COMMENT '视频名称',
  `video_thumb` varchar(150) CHARACTER SET utf8 DEFAULT NULL COMMENT '缩略图',
  `video` varchar(150) CHARACTER SET utf8 DEFAULT '' COMMENT '视频路径',
  `publish_people` varchar(150) CHARACTER SET utf8 DEFAULT '' COMMENT '发布人',
  `page_ranking` int(4) DEFAULT NULL COMMENT '前段排序',
  `team_id` varchar(36) CHARACTER SET utf8 DEFAULT NULL COMMENT '对应球队',
  `video_status` int(4) DEFAULT '0' COMMENT '视频状态(0.待审核   1.审核通过 2.审核不通过)',
  `user_id` varchar(36) CHARACTER SET utf8 DEFAULT '' COMMENT '用户Id',
  `marked` int(4) DEFAULT NULL COMMENT '是否加精',
  `video_type` int(4) DEFAULT NULL COMMENT '视频类型（1：happy football， 2:精英训练营，3：原创视频，4：教练员培训）',
  `described` varchar(200) CHARACTER SET utf8 DEFAULT NULL COMMENT '视屏描述',
  `click_rate` int(10) DEFAULT '0' COMMENT '点击量',
  `browse_quantity` int(10) DEFAULT '0' COMMENT '浏览量',
  `last_update_time` datetime DEFAULT NULL COMMENT '最新更新时间',
  `create_time` datetime DEFAULT NULL COMMENT '创建时间',
  `stat` int(4) DEFAULT '1' COMMENT '状态是否有效：1表示有效；0表示无效',
  PRIMARY KEY (`id`)
) ENGINE=InnoDB DEFAULT CHARSET=latin1 COMMENT='视频';

/*Data for the table `sst_video` */

insert  into `sst_video`(`id`,`game_id`,`video_name`,`video_thumb`,`video`,`publish_people`,`page_ranking`,`team_id`,`video_status`,`user_id`,`marked`,`video_type`,`described`,`click_rate`,`browse_quantity`,`last_update_time`,`create_time`,`stat`) values ('0ca6b3ec-ad8a-42bf-9d7b-b89b70f87377',NULL,'111','\\upload\\20151222\\08465f1b931b4fb9886d86da95774aa2.jpg','\\upload\\20151222\\5ffc0e3663b04daca696b94522f7c6a9.flv','',NULL,NULL,2,'16e69a13-3313-40a9-adde-a7b798db9463',0,2,'',0,0,'2015-12-22 16:43:02','2015-12-22 16:43:02',1),('112b928b-08b3-4294-8f04-f012baf64250',NULL,'qa','\\upload\\20151222\\b34315799fd44bf8aa3d504ff8e8b374.jpg','\\upload\\20151222\\83498c0e3fc14517a4568f110763f9f6.flv','',NULL,NULL,0,'eb4be3bc-7325-46f6-bfe2-8b8780eac6db',0,3,'asd',0,0,'2015-12-22 16:41:40','2015-12-22 16:41:40',1),('1857371a-f9d2-4896-853a-35e37e48ea43',NULL,'動漫提示','\\upload\\20151203\\cb2705dd6f9243afac3e03293d04f436.jpg','\\upload\\20151203\\12475253d80f4bf0a7a8b4ac0e36902d.flv',NULL,NULL,NULL,1,'8b27b6e9-f93f-4c04-a081-b85437755e11',NULL,4,'動漫提示',2,0,'2015-12-03 13:08:22','2015-12-03 13:08:22',0),('236622ad-b40c-49b5-9fa3-a0efc1fa882f','606f0cdb-c7f0-427c-b5cc-280440af56ed','vicki','\\upload\\20151215\\62a0a162587042dabeb2b3300225ef35.jpg','\\upload\\20151215\\ea462f97ebd148a594ce750fd0a9956d.wmv','',NULL,'0',1,NULL,0,NULL,'qwweqweweqweqweqweqweqwe',1,0,'2015-12-15 10:42:52','2015-12-15 10:42:52',1),('242d2d4f-0e77-48ca-933d-39e1de2855ea',NULL,'哟哟哟','\\upload\\20151221\\67637a96f0c64b03b0208da76efd8828.jpg','\\upload\\20151221\\032004630cd04f3eb446f578521c28d2.flv',NULL,NULL,NULL,0,'16e69a13-3313-40a9-adde-a7b798db9463',NULL,2,'而特特',3,0,'2015-12-21 13:16:39','2015-12-21 13:16:39',1),('291c1f1f-9dc0-4f6c-b38b-cf29d426e055',NULL,'11','\\upload\\20151221\\b5acdd77505e4505a9346dd85422146f.jpg','\\upload\\20151221\\c03d851fd5b3417bb912b900c0fd7a69.flv','11',NULL,NULL,0,'16e69a13-3313-40a9-adde-a7b798db9463',0,3,'fgx',3,NULL,'2015-12-21 13:22:28','2015-12-21 13:22:28',1),('29a5d487-a77b-4fce-818a-a20725f99085',NULL,'11111111111111','\\upload\\20151215\\dc6bbecabb6046b18c2c3b4837b45058.jpg','\\upload\\20151215\\ebdcd544690143c2b25bf90300f3a91b.flv','',NULL,NULL,0,'0b6f77b1-92af-4a02-bcc7-ab5d3584e483',0,3,'12',0,0,'2015-12-15 14:38:11','2015-12-15 14:38:11',1),('2c34fed4-28ec-4a1d-926e-1927bc39f26a','606f0cdb-c7f0-427c-b5cc-280440af56ed','测试','\\upload\\20151215\\9383097834814e659a749da09018b6fc.jpg','\\upload\\20151215\\87acd32da4ef46a4a2e244aadc0ad0fa.flv','123',NULL,'214332zdsgzxgvdsagtadsgdsa',0,NULL,1,NULL,NULL,NULL,NULL,'2015-12-15 14:42:49','2015-12-15 14:42:49',1),('3772995e-5014-432b-8ad8-e5c280b2e65b','0','1521','/upload/20151215/153cffb8250e426992701f978a6bae2a.jpg','/upload/20151215/645b39a13de84dd8906b05529dcd6898.flv','226',NULL,'e0cdb073-3872-4262-81fe-e4ab2ba5b70f',1,NULL,1,2,NULL,9,NULL,'2015-12-15 14:58:22','2015-12-15 14:58:22',1),('42291f9f-efd9-4bc4-8e9c-308667e39a42',NULL,'as as','\\upload\\20151222\\ba99c03b8f6d447caf4df01c2f16c0ca.jpg','\\upload\\20151222\\1848bfec541747e882e2014c49855ebf.flv',NULL,NULL,NULL,0,'eb4be3bc-7325-46f6-bfe2-8b8780eac6db',NULL,1,'',0,0,'2015-12-22 16:33:04','2015-12-22 16:33:04',0),('455783ef-ad06-4fa7-9e90-0ad221d0d1d2',NULL,'222222','\\upload\\20151203\\385647c7fb60486cadaf507af92303be.jpg','\\upload\\20151203\\dd679a5323a243f48ba19ab93fd6d31c.flv',NULL,NULL,NULL,2,'8b27b6e9-f93f-4c04-a081-b85437755e11',NULL,2,'2222',NULL,NULL,'2015-12-10 15:16:55','2015-12-03 15:14:00',1),('4d438ce1-291d-430a-a683-08ac9997c5e9','606f0cdb-c7f0-427c-b5cc-280440af56ed','sdfds','\\upload\\20151215\\9604dc50478a4bbeb163375fdf0c7cde.jpg','\\upload\\20151215\\09e1295710ae4513b6140ddfb3a0d149.wmv','wangxiang',NULL,'10820b90-dbfe-44c6-9410-81b5bab61389',1,NULL,1,2,NULL,8,NULL,'2015-12-15 10:53:59','2015-12-15 10:53:59',1),('4f7a4d26-1be6-43a1-8e0b-1814ac0fcaa8','f682db9e-4ea6-471b-aef5-ecd5fe2fe90d','测试视频2','\\upload\\20151125\\778e5a1057a741f09e37b1b35657d974.jpg','\\upload\\20151125\\8fcc3c844df24b2690b2eeed797f753e.flv','测试员2',NULL,'b2116559-dff2-4190-a817-fd5737a50d0a',1,'17b5c436-1ab7-437e-8376-d98075b50a22',1,NULL,NULL,0,0,'2015-11-25 09:54:28','2015-11-25 09:38:05',0),('4f7b6445-edcf-407c-9512-b205635130bf','606f0cdb-c7f0-427c-b5cc-280440af56ed','123123','/upload/20151215/744dc3ee647942d289605c491fe57384.jpg','/upload/20151215/ffb24149e9b0463493e5e1f2ac88d001.flv','1232132',NULL,'e0cdb073-3872-4262-81fe-e4ab2ba5b70f',1,NULL,1,NULL,NULL,10,NULL,'2015-12-15 10:59:35','2015-12-15 10:59:35',0),('51cea587-eff7-4328-a477-b802444f274a','0','测试视频','\\upload\\20151204\\f06969f3445a44a48eb64799dbf21b75.jpg','\\upload\\20151204\\3d087e2562164e9aae499d175b0edade.jpg','隔壁老王',NULL,'10820b90-dbfe-44c6-9410-81b5bab61389',1,'8b27b6e9-f93f-4c04-a081-b85437755e11',1,NULL,'描述信息',NULL,NULL,'2015-12-04 11:17:36','2015-12-03 15:30:28',1),('52f5b165-61a9-48bc-810d-c865ee822035',NULL,NULL,'\\upload\\20151221\\bf7c10c85d2446b49ef008261c7efcc4.jpg','\\upload\\20151221\\66bfd5ea648740e4bd3729b2bd591340.flv',NULL,NULL,NULL,0,'16e69a13-3313-40a9-adde-a7b798db9463',NULL,NULL,'',4,NULL,'2015-12-21 13:19:44','2015-12-21 13:19:44',1),('5408408a-4b86-4c22-8577-e23acdfa00f3',NULL,'123','\\upload\\20151228\\23edc0f8fa3d43ccabe0aa8c023ad899.jpg','\\upload\\20151228\\5562ea781e7143328a185382515f139b.flv','123',NULL,NULL,1,'16e69a13-3313-40a9-adde-a7b798db9463',0,1,'',0,0,'2015-12-25 15:38:38','2015-12-25 15:38:38',1),('5728f3f6-14d5-4a4a-b34c-5eba7e306f8e','606f0cdb-c7f0-427c-b5cc-280440af56ed','测试121514','/upload/20151215/e1fae28a448446e4b6c5ca4aa3809ee2.jpg','/upload/20151215/74a5747370694cf695d39bc24a4f9015.flv','王某某',NULL,'e0cdb073-3872-4262-81fe-e4ab2ba5b70f',1,NULL,1,NULL,NULL,1,NULL,'2015-12-15 14:02:11','2015-12-15 14:02:11',0),('5c12e682-109b-4638-9801-94290fc9d9bc',NULL,NULL,'\\upload\\20151215\\b8c641225ce1454ab0c36fcff5b49d63.jpg','\\upload\\20151215\\7c016bfe6e324f728f4e80c317d25a45.flv',NULL,NULL,'e0cdb073-3872-4262-81fe-e4ab2ba5b70f',1,NULL,NULL,NULL,'111',3,0,'2015-12-15 10:52:44','2015-12-15 10:52:44',0),('6202243d-50fa-485d-93c4-b1ae8c1f3d32',NULL,'sa','\\upload\\20160301\\9c1bbbd889334ab684a5ef832633a094.jpg','\\upload\\20160301\\448a8833433e462ab70aaf33ad6f478e.flv','',NULL,NULL,0,'eb4be3bc-7325-46f6-bfe2-8b8780eac6db',0,1,'asd',0,0,'2015-12-22 16:36:59','2015-12-22 16:36:59',1),('6477e26f-9b69-4956-8516-26b463471412',NULL,'3333','\\upload\\20151215\\79c42793c6304f4394f3199724e8fdec.jpg','\\upload\\20151215\\8ca8ffc564e44b28b2ab12b52bc6c668.mp4','',NULL,'0',0,'197729c6-3373-4a0f-a9c2-0e8a5af0ef12',0,3,'222',0,0,'2015-12-14 14:48:51','2015-12-14 14:48:51',1),('658b958c-f7d3-4e12-beb8-d9faa4f7227e','606f0cdb-c7f0-427c-b5cc-280440af56ed','测试1215','\\upload\\20151215\\285d097f60f846918db065d440c2bb8f.jpg','\\upload\\20151215\\47787071347646b883b4d90a65b479cf.flv','123',NULL,'e0cdb073-3872-4262-81fe-e4ab2ba5b70f',1,NULL,0,NULL,NULL,2,NULL,'2015-12-15 14:32:57','2015-12-15 14:32:57',0),('6b50bdeb-9601-4da4-860a-a69bc66d873f',NULL,'saa','\\upload\\20160301\\79fd25809046402a90f7ca4b53946134.jpg','\\upload\\20151222\\c2fdf75875df45e4879c59cc7bdb5d14.flv','111',NULL,NULL,0,'eb4be3bc-7325-46f6-bfe2-8b8780eac6db',0,3,'',0,0,'2015-12-22 16:38:13','2015-12-22 16:38:13',1),('6e827829-4a73-4e88-8efa-4eb41e0b9d27','606f0cdb-c7f0-427c-b5cc-280440af56ed','阿百川','\\upload\\20151204\\e82ebbd76ed344508a8e75ff76feb098.jpg','\\upload\\20151204\\7ecc198a7c0e46848004e90f152c144e.mp4','王毛蕤',NULL,'10820b90-dbfe-44c6-9410-81b5bab61389',1,'8b27b6e9-f93f-4c04-a081-b85437755e11',1,NULL,'阿百川',9,NULL,'2015-12-04 11:16:42','2015-12-03 15:34:14',1),('70c1a9d5-1bae-4ac5-b516-1a7cfad2a79e',NULL,'as as','\\upload\\20151222\\42e48f89ce9c4f14849158583bcd5cab.jpg','\\upload\\20151222\\5f7162037611441c91894010d8e012d4.flv',NULL,NULL,NULL,0,'eb4be3bc-7325-46f6-bfe2-8b8780eac6db',NULL,1,'',0,0,'2015-12-22 16:33:23','2015-12-22 16:33:23',1),('87362a9f-6d58-4703-b134-9a4364e97f75',NULL,'','\\upload\\20151221\\5ef5cf519b6f467ea4fdcce4e189368e.jpg','\\upload\\20151221\\8ad992e073254a1ea5b92048429ecf1f.flv',NULL,NULL,NULL,0,'16e69a13-3313-40a9-adde-a7b798db9463',NULL,1,'',4,0,'2015-12-21 13:33:45','2015-12-21 13:33:45',1),('8a783ea2-d77d-45b8-a35f-1f28a9ce7f09','606f0cdb-c7f0-427c-b5cc-280440af56ed','测试123426','/upload/20151215/16657e0c003f407782747c5eddaf83ab.jpg','/upload/20151215/03b9607b5dc443e4b7ed092bb8a5f7dd.flv','王',NULL,'e0cdb073-3872-4262-81fe-e4ab2ba5b70f',1,NULL,1,NULL,NULL,2,NULL,'2015-12-15 14:50:51','2015-12-15 14:50:51',0),('8dbb8cf5-3b65-47a9-8341-a867d922eefd','f682db9e-4ea6-471b-aef5-ecd5fe2fe90d','德玛西亚','\\upload\\20151123\\2ca1dbce46134bf7be36d5eaca479aad.jpg','\\upload\\20151124\\2375a2f58f96491c8d62a5142f9bc83d.flv','盖伦',NULL,'b2116559-dff2-4190-a817-fd5737a50d0a',1,'17b5c436-1ab7-437e-8376-d98075b50a22',1,NULL,NULL,0,0,'2015-11-24 11:47:22','2015-11-24 11:37:50',1),('91045cca-ca05-4901-8d49-933cd0c8a7e5',NULL,NULL,'\\upload\\20151215\\da576dc44c7e4e3e8dff92d25aa08294.jpg','\\upload\\20151215\\057ac5f251f24961bb864d6b10f83ed6.flv',NULL,NULL,'e0cdb073-3872-4262-81fe-e4ab2ba5b70f',1,NULL,NULL,NULL,'werewr',5,0,'2015-12-15 11:00:58','2015-12-15 11:00:58',0),('97fb323d-a1ab-4293-b4d0-f7f42f58fca0',NULL,NULL,'\\upload\\20151202\\28abdbbd3cee4e9b9cdc2282aca14216.jpg','\\upload\\20151202\\c1f1d54c845b4d7ab5d4505c6a572625.flv',NULL,NULL,NULL,0,'8b27b6e9-f93f-4c04-a081-b85437755e11',NULL,NULL,'',0,0,'2015-12-02 20:05:57','2015-12-02 20:05:57',1),('99561836-8768-4579-9df5-d3f9c523fc3d',NULL,'','\\upload\\20151221\\6b07ff32211c4a76b25c1bae8e587b99.jpg','\\upload\\20151221\\fb6aab1eaae34840b914d66a5e63ca31.flv',NULL,NULL,NULL,0,'16e69a13-3313-40a9-adde-a7b798db9463',NULL,1,'',0,0,'2015-12-21 13:11:43','2015-12-21 13:11:43',1),('9add4011-76a6-4044-840e-d6ab2d029665','606f0cdb-c7f0-427c-b5cc-280440af56ed','test','\\upload\\20151215\\644e2ca2f49b42a28bbc6dc980f0df6b.jpg','\\upload\\20151215\\bfc847f2aa644726b4b38f2adfeb0839.mp4','wangxiang',NULL,'0',0,NULL,1,2,NULL,3,NULL,'2015-12-15 10:17:22','2015-12-15 10:17:22',1),('a4120ee2-24f5-424a-96de-43ce81962b96',NULL,'Katherine','\\upload\\20160314\\faa4a4c10c7341638db9c5c85cd21606.jpg','\\upload\\20160314\\dd997ca49de846ba97197bbc74ad5694.flv','哎哎哎',NULL,NULL,1,NULL,1,2,NULL,NULL,NULL,'2016-03-02 09:57:38','2016-03-02 09:57:38',1),('a500b8c7-3d5e-4823-adb7-4f75499f7655',NULL,'','\\upload\\20151221\\5f3d760c812c432bb3196c35de6b65a4.jpg','\\upload\\20151221\\36ceace5f80d4a1b8c4807dd0c7f1a27.flv',NULL,NULL,NULL,0,'16e69a13-3313-40a9-adde-a7b798db9463',NULL,3,'',1,0,'2015-12-21 13:14:28','2015-12-21 13:14:28',0),('a6eeb5c1-eb83-44ff-bab3-b0cfd1850d7e','606f0cdb-c7f0-427c-b5cc-280440af56ed','123123','/upload/20151215/aa72740582d649a8a4522d2fab9c12a5.jpg','/upload/20151215/794e9477cc764d6e99d099337e113137.flv','123123213',NULL,'e0cdb073-3872-4262-81fe-e4ab2ba5b70f',1,NULL,1,NULL,NULL,2,NULL,'2015-12-15 10:58:07','2015-12-15 10:58:07',0),('af3eef86-6a53-48b9-a578-b733e804c37d',NULL,NULL,'/upload/20151215/f59f7262d500456db2d6dc1e7ddf6be1.jpg','/upload/20151215/9e0eebda38ef4816bb56cc4844cefd4b.flv',NULL,NULL,'e0cdb073-3872-4262-81fe-e4ab2ba5b70f',1,NULL,NULL,NULL,'123131',5,0,'2015-12-15 10:34:28','2015-12-15 10:34:28',0),('b360f9b5-d92f-4b7c-879d-136de1fc70fd',NULL,'20151201','\\upload\\20151203\\cb2705dd6f9243afac3e03293d04f436.jpg','\\upload\\20151130\\410eab2af91e4b15b46bb4ef17a2bf5a.flv',NULL,NULL,'b2116559-dff2-4190-a817-fd5737a50d0a',0,'17b5c436-1ab7-437e-8376-d98075b50a22',NULL,NULL,'按时阿萨德撒旦阿萨德按时阿萨德撒旦阿萨德按时阿萨德撒旦阿萨德按时阿萨德撒旦阿萨德按时阿萨德撒旦阿萨德按时阿萨德撒旦阿萨德按时阿萨德撒旦阿萨德',9,0,'2015-12-10 15:17:09','2015-11-30 16:58:43',1),('c3ac0831-7a34-493c-9ab4-5ee61e175182',NULL,'cecece','\\upload\\20151221\\44376518a111414d9f536e79b334178d.jpg','\\upload\\20151221\\a45ea9e38d4a451eab416e576197c7a7.flv',NULL,NULL,NULL,0,'16e69a13-3313-40a9-adde-a7b798db9463',NULL,3,'reget',0,0,'2015-12-21 13:12:44','2015-12-21 13:12:44',1),('d4c17541-4ce3-4e32-8483-2ab622402bcd',NULL,'ewteryteryet','\\upload\\20151221\\08f2213d9d0947159e3fd6e927a4dc79.jpg','\\upload\\20151221\\ef33db7a39484c46af4fcf5857317f91.flv',NULL,NULL,NULL,0,'16e69a13-3313-40a9-adde-a7b798db9463',NULL,1,'',5,0,'2015-12-21 16:16:50','2015-12-21 16:16:50',1),('db59a7b4-31d5-4d6c-933b-c4b740d3f13b',NULL,'asfs','\\upload\\20151222\\ffbc53b447e24688a888248ca0aa46fe.jpg','\\upload\\20151222\\ddd7e741ba294c0e84009f5e5747abbb.flv',NULL,NULL,NULL,0,'eb4be3bc-7325-46f6-bfe2-8b8780eac6db',NULL,1,'asd',0,0,'2015-12-22 16:45:20','2015-12-22 16:45:20',0),('e9f03565-e02d-4310-b60f-fea3940ffefa',NULL,'加胡椒粉和','\\upload\\20151221\\ca6ff1faed0b4289a9804b6abcf8a60a.jpg','\\upload\\20151221\\b2bcf5ce996848f18f96a31ce86b4b16.flv',NULL,NULL,NULL,0,'16e69a13-3313-40a9-adde-a7b798db9463',NULL,1,'个',5,0,'2015-12-21 13:34:07','2015-12-21 13:34:07',1),('ee9bea69-37d0-4f0c-a9bd-17b645c1766c','f682db9e-4ea6-471b-aef5-ecd5fe2fe90d','测试视频3','\\upload\\20151125\\1cd13ff24f214e7dbf3dfa569bcc74a2.jpg','\\upload\\20151125\\8d45dc5a73354c36a541336a391ff71a.flv','测试员3',NULL,'b2116559-dff2-4190-a817-fd5737a50d0a',1,'17b5c436-1ab7-437e-8376-d98075b50a22',1,NULL,NULL,0,0,'2015-11-25 09:54:08','2015-11-25 09:39:49',1),('f1cfbf0e-1a28-4b02-9920-4aa75bf70649','606f0cdb-c7f0-427c-b5cc-280440af56ed','11111','\\upload\\20151215\\303b935884504667b11bde8e8eb9da4f.jpg','\\upload\\20151215\\4ef2d8e1892c4170a96d749786f53266.flv','',NULL,'214332zdsgzxgvdsagtadsgdsa',1,'214332zdsgzxgvdsagtadsgdsa',0,2,'我在这里我在这里我在这里我在这里',13,0,'2015-12-15 11:09:54','2015-12-15 11:09:54',1);

/*Table structure for table `sst_vote` */

DROP TABLE IF EXISTS `sst_vote`;

CREATE TABLE `sst_vote` (
  `id` varchar(36) NOT NULL COMMENT '主键id',
  `title` varchar(32) DEFAULT NULL COMMENT '投票主题',
  `option_num` int(1) DEFAULT NULL COMMENT '允许投票项数',
  `end_time` datetime DEFAULT NULL COMMENT '截止时间',
  `is_anonymous` int(1) DEFAULT NULL COMMENT '是否匿名',
  `publish_id` varchar(36) DEFAULT NULL COMMENT '发起人id',
  `publish_name` varchar(20) DEFAULT NULL COMMENT '发起人',
  `amount` int(3) NOT NULL DEFAULT '0' COMMENT '总投票次数',
  `create_time` datetime DEFAULT NULL COMMENT '创建时间',
  `last_update_time` datetime DEFAULT NULL COMMENT '最后修改时间',
  `stat` int(1) NOT NULL DEFAULT '1' COMMENT '数据状态',
  PRIMARY KEY (`id`)
) ENGINE=InnoDB DEFAULT CHARSET=utf8 COMMENT='投票';

/*Data for the table `sst_vote` */

insert  into `sst_vote`(`id`,`title`,`option_num`,`end_time`,`is_anonymous`,`publish_id`,`publish_name`,`amount`,`create_time`,`last_update_time`,`stat`) values ('1d318797-ee46-4602-bf1c-1c797571e7dd','哈哈哈',12,NULL,1,'e256e2ad-edc1-4aeb-bf94-014cf506a4a5','沐风',0,'2016-03-25 17:14:21',NULL,1),('2a90f17f-9792-44ef-850f-117c638db078','广告歌',2,NULL,1,'e256e2ad-edc1-4aeb-bf94-014cf506a4a5','沐风',0,'2016-03-28 17:03:33',NULL,1),('636ecda7-b44b-44fe-ba6e-b304730f39aa','测试投票2',3,'2016-03-27 13:00:00',1,'a3efc072-0142-4fff-b951-3adc659a70c9','zgy',3,'2016-03-25 09:19:51','2016-03-25 17:23:03',1),('6d3fa877-05b3-4a6e-9d4c-2c4a235151a2','测试投票1',1,'2016-03-25 09:00:00',1,'a3efc072-0142-4fff-b951-3adc659a70c9','zgy',0,'2016-03-25 09:13:18',NULL,1),('bb44214a-9997-4461-868a-aca8162ffa18','哈哈哈',12,NULL,1,'e256e2ad-edc1-4aeb-bf94-014cf506a4a5','沐风',0,'2016-03-25 17:14:21',NULL,1),('c06e4361-9260-474c-931a-9c407cf9ce72','广告歌',2,NULL,1,'e256e2ad-edc1-4aeb-bf94-014cf506a4a5','沐风',0,'2016-03-28 17:03:33',NULL,1),('d5361726-1564-4a4a-a99a-50414b2c91cb','',1,'2016-03-25 13:00:00',1,'40b41478-1094-49da-b21a-9ab7c7cbb42f','王翔',0,'2016-03-25 13:18:39',NULL,1),('e2bbb0bd-edd3-48f5-9f15-5475215d1493','龙门阵我',1,'2016-04-15 18:00:00',0,'a3efc072-0142-4fff-b951-3adc659a70c9','zgy',0,'2016-03-29 18:08:46',NULL,1);

/*Table structure for table `sst_vote_option` */

DROP TABLE IF EXISTS `sst_vote_option`;

CREATE TABLE `sst_vote_option` (
  `id` varchar(36) NOT NULL COMMENT '主键id',
  `vote_id` varchar(36) DEFAULT NULL COMMENT '投票id',
  `text` varchar(50) DEFAULT NULL COMMENT '选项描述',
  `pic` varchar(150) DEFAULT NULL COMMENT '选项图片',
  `num` int(3) NOT NULL DEFAULT '0' COMMENT '投票次数',
  `create_time` datetime DEFAULT NULL COMMENT '创建时间',
  `last_update_time` datetime DEFAULT NULL COMMENT '最后更新时间',
  `stat` int(1) unsigned zerofill NOT NULL DEFAULT '1' COMMENT '数据状态',
  PRIMARY KEY (`id`)
) ENGINE=InnoDB DEFAULT CHARSET=utf8 COMMENT='投票选项表';

/*Data for the table `sst_vote_option` */

insert  into `sst_vote_option`(`id`,`vote_id`,`text`,`pic`,`num`,`create_time`,`last_update_time`,`stat`) values ('03fceba2-8567-4c50-81ee-4c29c3ffcf1f','6d3fa877-05b3-4a6e-9d4c-2c4a235151a2','选项2','\\upload\\20160325\\4a856ae772b3829dd5f43f34d96b0f74.jpg',0,'2016-03-25 09:13:18',NULL,1),('1171261c-cca4-4cbf-b816-aa55ff6237a1','6d3fa877-05b3-4a6e-9d4c-2c4a235151a2','选项1','\\upload\\20160325\\dc5346bf4fde87ee83d5dc000a2dd920.jpg',0,'2016-03-25 09:13:18',NULL,1),('11a40495-b3b5-4c75-abfd-cd41c116f4f3','bb44214a-9997-4461-868a-aca8162ffa18','虾虾','\\upload\\20160325\\a5513195a598bf87eb81715e26bdef75.jpg',0,'2016-03-25 17:14:21',NULL,1),('18623d33-553f-4196-9f90-7c046a2c4c6a','636ecda7-b44b-44fe-ba6e-b304730f39aa','选项2','\\upload\\20160325\\d690aadd6594739b6dce5ea8123ab90f.jpg',0,'2016-03-25 09:19:51',NULL,1),('193211e7-d3c9-4881-90d1-b674d644e943','636ecda7-b44b-44fe-ba6e-b304730f39aa','选项1','\\upload\\20160325\\b8ac6d21dd1482f52d45f40013afe71f.jpg',0,'2016-03-25 09:19:51',NULL,1),('294b0152-4c07-47ee-9cd4-a7a948635992','636ecda7-b44b-44fe-ba6e-b304730f39aa','666额6666','\\upload\\20160325\\c383175cbfdcd9687ebbd301c502eefe.jpg',0,'2016-03-25 09:19:51',NULL,1),('2fbd4a7c-e194-4436-ab26-78b31e030fbc','d5361726-1564-4a4a-a99a-50414b2c91cb','',NULL,0,'2016-03-25 13:18:39',NULL,1),('3795fef3-77d6-426f-816b-e1c61ad10487','e2bbb0bd-edd3-48f5-9f15-5475215d1493','呢饿考虑一下',NULL,0,'2016-03-29 18:08:46',NULL,1),('4b509d93-2646-4ec9-a67f-db11e8ebde95','2a90f17f-9792-44ef-850f-117c638db078','哈哈就','\\upload\\20160328\\0c7e61e7e0957336238e1339658bc78a.jpg',0,'2016-03-28 17:03:32',NULL,1),('53556b1b-50d2-4805-880b-8159080912e9','6d3fa877-05b3-4a6e-9d4c-2c4a235151a2','选项3','\\upload\\20160325\\822ed03d2fa9fbdc53314fce66309314.jpg',0,'2016-03-25 09:13:18',NULL,1),('5ab60571-630c-4e10-850e-9a9c3f301148','d5361726-1564-4a4a-a99a-50414b2c91cb',NULL,NULL,0,'2016-03-25 13:18:39',NULL,1),('63ac633a-856b-4302-a6d7-f8038d30feb2','e2bbb0bd-edd3-48f5-9f15-5475215d1493','监控魔王勇者',NULL,0,'2016-03-29 18:08:46',NULL,1),('ac24be8d-e41f-439e-b717-4a9b9de313b1','c06e4361-9260-474c-931a-9c407cf9ce72','哈哈就','\\upload\\20160328\\0c7e61e7e0957336238e1339658bc78a.jpg',0,'2016-03-28 17:03:32',NULL,1),('baf70f11-0681-402d-958a-d3fedb784d87','d5361726-1564-4a4a-a99a-50414b2c91cb',NULL,NULL,0,'2016-03-25 13:18:39',NULL,1),('deb111b0-bf1f-4121-a263-854f3f98310a','1d318797-ee46-4602-bf1c-1c797571e7dd','虾虾','\\upload\\20160325\\a5513195a598bf87eb81715e26bdef75.jpg',0,'2016-03-25 17:14:21',NULL,1),('e70d2443-d160-42fe-bb5b-a4725583ac05','e2bbb0bd-edd3-48f5-9f15-5475215d1493','紧咯莫','\\upload\\20160329\\ff0755649c2b38fbb1d40ebdaae0bde6.jpg',0,'2016-03-29 18:08:46',NULL,1),('e8a56ac9-1757-4027-a165-e1ba207bd9f5','636ecda7-b44b-44fe-ba6e-b304730f39aa','选项3','\\upload\\20160325\\db49d44eca6d7f8c38bfa130858a0742.jpg',0,'2016-03-25 09:19:51',NULL,1),('e9272803-0116-4a92-bb77-ecdc780db722','636ecda7-b44b-44fe-ba6e-b304730f39aa','选项55','\\upload\\20160325\\f880d5ccaafde270544dc02e592ff28d.jpg',0,'2016-03-25 09:19:51',NULL,1);

/*Table structure for table `sst_vote_user_option` */

DROP TABLE IF EXISTS `sst_vote_user_option`;

CREATE TABLE `sst_vote_user_option` (
  `id` varchar(36) NOT NULL COMMENT '主键id',
  `vote_id` varchar(36) DEFAULT NULL COMMENT '投票id',
  `user_id` varchar(36) DEFAULT NULL COMMENT '用户id',
  `option_id` varchar(36) DEFAULT NULL COMMENT '选项id',
  `create_time` datetime DEFAULT CURRENT_TIMESTAMP COMMENT '创建时间',
  `last_update_time` datetime DEFAULT NULL COMMENT '最后更新时间',
  `stat` int(1) NOT NULL DEFAULT '1' COMMENT '数据状态',
  PRIMARY KEY (`id`)
) ENGINE=InnoDB DEFAULT CHARSET=utf8 COMMENT='投票用户结果表';

/*Data for the table `sst_vote_user_option` */

insert  into `sst_vote_user_option`(`id`,`vote_id`,`user_id`,`option_id`,`create_time`,`last_update_time`,`stat`) values ('1d1a022c-0893-4057-9690-5bea63991c1a','636ecda7-b44b-44fe-ba6e-b304730f39aa','40b41478-1094-49da-b21a-9ab7c7cbb42f','e8a56ac9-1757-4027-a165-e1ba207bd9f5','2016-03-25 17:23:03',NULL,1),('6aef32ec-87f9-46d9-ab52-f3b349d984d7','636ecda7-b44b-44fe-ba6e-b304730f39aa','40b41478-1094-49da-b21a-9ab7c7cbb42f','e9272803-0116-4a92-bb77-ecdc780db722','2016-03-25 17:23:03',NULL,1),('902377f9-e654-49e7-bb15-0cfd05f2eb75','636ecda7-b44b-44fe-ba6e-b304730f39aa','40b41478-1094-49da-b21a-9ab7c7cbb42f','193211e7-d3c9-4881-90d1-b674d644e943','2016-03-25 17:23:03',NULL,1);

/*Table structure for table `sst_vote_user_temp` */

DROP TABLE IF EXISTS `sst_vote_user_temp`;

CREATE TABLE `sst_vote_user_temp` (
  `id` varchar(36) NOT NULL COMMENT '主键id',
  `vote_id` varchar(36) DEFAULT NULL COMMENT '投票id',
  `user_id` varchar(36) DEFAULT NULL COMMENT '用户id',
  `selected` int(1) DEFAULT '0' COMMENT '是否已投',
  `create_time` datetime DEFAULT CURRENT_TIMESTAMP COMMENT '创建时间',
  `last_update_time` datetime DEFAULT NULL COMMENT '最后更新时间',
  `stat` int(1) NOT NULL DEFAULT '1' COMMENT '数据状态',
  PRIMARY KEY (`id`)
) ENGINE=InnoDB DEFAULT CHARSET=utf8 COMMENT='投票用户关联表';

/*Data for the table `sst_vote_user_temp` */

insert  into `sst_vote_user_temp`(`id`,`vote_id`,`user_id`,`selected`,`create_time`,`last_update_time`,`stat`) values ('1e80a2ea-f261-4f2e-97b8-39733a6c4675','636ecda7-b44b-44fe-ba6e-b304730f39aa','40b41478-1094-49da-b21a-9ab7c7cbb42f',1,'2016-03-25 09:19:51',NULL,1),('28b9cc9d-1082-4fcf-921a-547231f2feaa','e2bbb0bd-edd3-48f5-9f15-5475215d1493','a3efc072-0142-4fff-b951-3adc659a70c9',0,'2016-03-29 18:08:46',NULL,1),('314263a1-13ee-4863-a47d-c12b914dd2d4','d5361726-1564-4a4a-a99a-50414b2c91cb','e256e2ad-edc1-4aeb-bf94-014cf506a4a5',0,'2016-03-25 13:18:39',NULL,1),('39955f4d-22b9-4950-a232-928aed46215c','c06e4361-9260-474c-931a-9c407cf9ce72','e256e2ad-edc1-4aeb-bf94-014cf506a4a5',0,'2016-03-28 17:03:32',NULL,1),('68d103ce-d8a3-4171-9e2f-2948ff8b7c9a','636ecda7-b44b-44fe-ba6e-b304730f39aa','a3efc072-0142-4fff-b951-3adc659a70c9',0,'2016-03-25 09:19:51',NULL,1),('6cd98152-7027-429a-86f5-1889a274304e','1d318797-ee46-4602-bf1c-1c797571e7dd','e256e2ad-edc1-4aeb-bf94-014cf506a4a5',0,'2016-03-25 17:14:21',NULL,1),('7db97b4d-aaee-4c94-bbb9-43280abf4cce','6d3fa877-05b3-4a6e-9d4c-2c4a235151a2','a3efc072-0142-4fff-b951-3adc659a70c9',0,'2016-03-25 09:13:18',NULL,1),('81daa0e8-52c3-4b67-bafa-9751ae1c3156','c06e4361-9260-474c-931a-9c407cf9ce72','40b41478-1094-49da-b21a-9ab7c7cbb42f',0,'2016-03-28 17:03:32',NULL,1),('824a1fe3-f98a-482f-b792-6a094615e2a5','bb44214a-9997-4461-868a-aca8162ffa18','e256e2ad-edc1-4aeb-bf94-014cf506a4a5',0,'2016-03-25 17:14:21',NULL,1),('86205830-ca12-4de9-bfc4-824f5f760bd4','2a90f17f-9792-44ef-850f-117c638db078','e256e2ad-edc1-4aeb-bf94-014cf506a4a5',0,'2016-03-28 17:03:32',NULL,1),('928e0dea-7d68-485f-b3d7-bc8c9a5673d5','bb44214a-9997-4461-868a-aca8162ffa18','40b41478-1094-49da-b21a-9ab7c7cbb42f',0,'2016-03-25 17:14:21',NULL,1),('9ac37e4b-a845-4ae5-b9c3-206864c81df3','2a90f17f-9792-44ef-850f-117c638db078','40b41478-1094-49da-b21a-9ab7c7cbb42f',0,'2016-03-28 17:03:32',NULL,1),('9d3fe5f4-af3f-4197-a302-0c807acbb345','1d318797-ee46-4602-bf1c-1c797571e7dd','40b41478-1094-49da-b21a-9ab7c7cbb42f',0,'2016-03-25 17:14:21',NULL,1),('a146a9f9-8e3f-4ec0-877c-3af228f2f4a4','d5361726-1564-4a4a-a99a-50414b2c91cb','40b41478-1094-49da-b21a-9ab7c7cbb42f',0,'2016-03-25 13:18:39',NULL,1),('df43bf2d-3d5f-49a5-bea1-214ea58596b5','6d3fa877-05b3-4a6e-9d4c-2c4a235151a2','e256e2ad-edc1-4aeb-bf94-014cf506a4a5',0,'2016-03-25 09:13:18',NULL,1),('e6a61f48-fa95-441d-bfd9-7dc569c86648','e2bbb0bd-edd3-48f5-9f15-5475215d1493','40b41478-1094-49da-b21a-9ab7c7cbb42f',0,'2016-03-29 18:08:46',NULL,1),('f6505993-036b-4ebb-ad61-f5634ee60514','e2bbb0bd-edd3-48f5-9f15-5475215d1493','e256e2ad-edc1-4aeb-bf94-014cf506a4a5',0,'2016-03-29 18:08:46',NULL,1),('fc5ae3cf-4975-4ddb-a2d0-c586bb29a801','6d3fa877-05b3-4a6e-9d4c-2c4a235151a2','40b41478-1094-49da-b21a-9ab7c7cbb42f',0,'2016-03-25 09:13:18',NULL,1);

/*Table structure for table `sys_data_sync` */

DROP TABLE IF EXISTS `sys_data_sync`;

CREATE TABLE `sys_data_sync` (
  `id` int(11) unsigned NOT NULL AUTO_INCREMENT,
  `table_name` varchar(50) NOT NULL,
  `key_name` varchar(50) NOT NULL,
  `key_value` varchar(50) NOT NULL,
  `opt_type` varchar(30) NOT NULL,
  `err_info` varchar(2000) DEFAULT NULL,
  PRIMARY KEY (`id`)
) ENGINE=InnoDB AUTO_INCREMENT=6632616 DEFAULT CHARSET=utf8;

/*Data for the table `sys_data_sync` */

insert  into `sys_data_sync`(`id`,`table_name`,`key_name`,`key_value`,`opt_type`,`err_info`) values (1898066,'juju_orders','id','531ad4d5-8f0d-4283-a168-ba7f9df5adfe','New','无法找到对应表中数据'),(1898067,'juju_orders','id','2fda5b1b-62ec-4347-a182-847d5b390407','New','无法找到对应表中数据'),(3395516,'juju_orders','id','b454f1ed-1095-45f9-a422-3eb194fcc183','New','无法找到对应表中数据'),(3395517,'juju_orders','id','4794c1ff-eaa8-4dc1-a8ef-50384007ae6a','New','无法找到对应表中数据'),(3395518,'juju_orders','id','bf72a52f-68a8-472d-a062-8588255939e1','New','无法找到对应表中数据'),(3395519,'juju_orders','id','1760dccc-798f-46c7-b459-b7c7d728da7d','New','无法找到对应表中数据'),(3395520,'juju_orders','id','1a7670a5-5f31-4ad4-aeb7-0feb3f72b6b0','New','无法找到对应表中数据'),(3395521,'juju_orders','id','682cec6c-8af9-4a2f-b89b-aec671bb22f1','New','无法找到对应表中数据'),(3395522,'juju_orders','id','8d17680f-c770-47ca-a48e-486f86fd52f5','New','无法找到对应表中数据'),(3395523,'juju_orders','id','360ecb57-38e5-4066-b758-d66836cee1c7','New','无法找到对应表中数据'),(3395524,'juju_orders','id','e3c1ddbe-50f0-4ef5-9bf1-04857a1d6f7b','New','无法找到对应表中数据'),(3395525,'juju_orders','id','c18d25fd-3707-4f09-bb56-57532ad7bc7c','New','无法找到对应表中数据'),(3395526,'juju_orders','id','8b344fe6-869a-46e3-9383-5b524c061959','New','无法找到对应表中数据'),(3395527,'juju_orders','id','0bb02250-14e1-4b72-ad44-a991fba1e6df','New','无法找到对应表中数据'),(3395528,'juju_orders','id','a0690302-e2c0-4ba2-ad61-d68ae86f4a50','New','无法找到对应表中数据'),(3395590,'juju_orders','id','844e04fb-b7da-4822-8e56-0944be4a3318','New','无法找到对应表中数据'),(3395591,'juju_orders','id','696de845-b16a-4330-a02d-e10c68b2088b','New','无法找到对应表中数据'),(3395592,'juju_orders','id','cbf785ae-37fe-4a76-9788-fda54295da01','New','无法找到对应表中数据'),(3395593,'juju_orders','id','5ac992d1-6aa4-4023-97f3-81a105246f91','New','无法找到对应表中数据'),(3395594,'juju_orders','id','91d016dd-589d-41e3-b6f5-2a990ce2b271','New','无法找到对应表中数据'),(3395595,'juju_orders','id','c442119f-9fad-4290-8be8-9e870fd25981','New','无法找到对应表中数据'),(3395596,'juju_orders','id','7ced210c-990a-4341-a177-b15dc4e64741','New','无法找到对应表中数据'),(3395597,'juju_orders','id','8eac984c-9c01-4ebd-bf12-3df1c29be2f6','New','无法找到对应表中数据'),(3395598,'juju_orders','id','1647f22d-ff80-4820-a17d-b289164c4157','New','无法找到对应表中数据'),(3395599,'juju_orders','id','afedf695-e4fe-49e8-937e-5e71f7360fe4','New','无法找到对应表中数据'),(3395600,'juju_orders','id','6aaa95c2-164a-4369-a5ed-715cbf8ab0c1','New','无法找到对应表中数据'),(3395601,'juju_orders','id','095ac51b-06de-4616-b358-84b343eebfe0','New','无法找到对应表中数据'),(3395602,'juju_orders','id','07dc4788-f028-4dff-a53e-529289d98e26','New','无法找到对应表中数据'),(3395603,'juju_orders','id','34ea1620-9a22-4c7c-932d-e8cd0520975b','New','无法找到对应表中数据'),(3395604,'juju_orders','id','248bae7f-04ed-4a03-b1be-006e89acbf6f','New','无法找到对应表中数据'),(3395605,'juju_orders','id','3a40e026-b9f0-4401-9c76-f6b818621d94','New','无法找到对应表中数据'),(3395606,'juju_orders','id','8fee3433-87da-4fde-a607-f0ff7450d5a1','New','无法找到对应表中数据'),(3395607,'juju_orders','id','235d4986-a27b-41d6-a0ed-f04c50dc33a1','New','无法找到对应表中数据'),(3395608,'juju_orders','id','9a234865-5da6-4e0d-8156-914a87f0e350','New','无法找到对应表中数据'),(3395698,'juju_orders','id','4e7ba102-2906-45a6-bcc9-6cce86027c03','New','无法找到对应表中数据'),(3395703,'juju_orders','id','71df4678-39c2-417c-92bf-0913d90b10b9','New','无法找到对应表中数据'),(3395708,'juju_orders','id','67b8bd2d-1473-41fe-b176-7cf8c0c57dc3','New','无法找到对应表中数据'),(3395713,'juju_orders','id','190aed61-4b89-4402-a7cb-9e9635b8ce15','New','无法找到对应表中数据'),(3395714,'juju_orders','id','3524ff8e-83b4-4fff-8ccf-fe761256d103','New','无法找到对应表中数据'),(3395715,'juju_orders','id','6ed41e0a-8aa3-4805-b29b-1821678c87b0','New','无法找到对应表中数据'),(3395720,'juju_orders','id','f1b83321-7c1b-4451-9ba4-9119aeec8bb7','New','无法找到对应表中数据'),(3395725,'juju_orders','id','37693358-85c2-4d27-906f-f4b4f9b66fa7','New','无法找到对应表中数据'),(3395749,'juju_orders','id','3c800bdc-12e3-4d7b-9233-6f9003b6f152','New','无法找到对应表中数据'),(3395752,'juju_orders','id','88fddd51-2015-4c96-82e2-fa1531335c1a','New','无法找到对应表中数据'),(3395755,'juju_orders','id','81c1b94c-d422-4764-a740-b413cdeabd36','New','无法找到对应表中数据'),(3395758,'juju_orders','id','2285f645-0844-4c2f-8069-d5ec22f591e2','New','无法找到对应表中数据'),(3395761,'juju_orders','id','34483c21-b93b-4657-a972-246b2416024e','New','无法找到对应表中数据'),(3395764,'juju_orders','id','253a6bce-66a7-4997-b452-270dc3d1836f','New','无法找到对应表中数据'),(3395767,'juju_orders','id','a3e04e88-2a4b-48bb-b6dc-f79135b2b228','New','无法找到对应表中数据'),(3395770,'juju_orders','id','f6f7de1a-b836-4e4c-b619-1a8f285c0184','New','无法找到对应表中数据'),(3395772,'juju_orders','id','ac41f305-0e00-46bf-bbc2-41c9780307fd','New','无法找到对应表中数据'),(3395775,'juju_orders','id','e17adb97-a441-46a5-a9ec-64073e054277','New','无法找到对应表中数据'),(3395776,'juju_orders_items','id','479cb002-2237-4c27-b7ba-1a66a4c107d0','New','无法找到对应表中数据'),(3395777,'juju_orders_items','id','f1ec5bcd-5c32-44fc-87b7-20ff7d85f4b7','New','无法找到对应表中数据'),(3395778,'juju_orders','id','b2e5599e-608c-4e9f-a65b-5c2b6d8d5bd2','New','无法找到对应表中数据'),(3395779,'juju_orders_items','id','ecd87702-867a-4d15-ba49-94d67e86c2a5','New','无法找到对应表中数据'),(3395780,'juju_orders_items','id','1cfb36d3-e00f-4588-afae-b422680aa525','New','无法找到对应表中数据'),(3395781,'juju_orders','id','f34b12e5-9afe-41f9-aeba-489b23954a7a','New','无法找到对应表中数据'),(3395782,'juju_orders_items','id','ad2dda39-21c7-41af-b401-690e3959672f','New','无法找到对应表中数据'),(3395783,'juju_orders_items','id','68242cdd-9480-4fd6-85c8-2ef20f6d6c81','New','无法找到对应表中数据'),(3395784,'juju_orders','id','4e05eab4-8c2d-4449-993a-3dbe10b9b7e6','New','无法找到对应表中数据'),(3395785,'juju_orders_items','id','74f43bcd-1568-404e-86d5-30c2ea6b767c','New','无法找到对应表中数据'),(3395786,'juju_orders_items','id','b17ea4fd-3095-40c5-aa82-d6228b73b561','New','无法找到对应表中数据'),(3395787,'juju_orders','id','6c2d194b-f37f-4a7d-9014-6ab6b07e1d69','New','无法找到对应表中数据'),(3395788,'juju_orders_items','id','0f7fbd71-156f-45c7-862c-5475ea7467e5','New','无法找到对应表中数据'),(3395789,'juju_orders_items','id','5840b1de-8de2-424c-84a0-1dd238f4a320','New','无法找到对应表中数据'),(3395790,'juju_orders','id','6403941b-f78f-48d5-b523-c113df38f006','New','无法找到对应表中数据'),(3395791,'juju_orders_items','id','07430e0e-a29c-4338-ae7c-0d13fe2e9475','New','无法找到对应表中数据'),(3395792,'juju_orders_items','id','fb7d6ba4-c7c5-40b8-9499-7ddad5da447b','New','无法找到对应表中数据'),(3395820,'juju_orders_items','id','00000200-d691-11e4-8b5e-005056c00008','Update','无法找到对应表中数据'),(3395821,'juju_orders_items','id','00000204-d691-11e4-857d-005056c00008','Update','无法找到对应表中数据'),(3395822,'juju_orders_items','id','00001e84-d690-11e4-b82d-005056c00008','Update','无法找到对应表中数据'),(3395823,'juju_orders_items','id','00001e88-d690-11e4-8e83-005056c00008','Update','无法找到对应表中数据'),(3395824,'juju_orders_items','id','00002440-d20b-11e4-a49f-005056c00008','Update','无法找到对应表中数据'),(3395825,'juju_orders_items','id','00002447-d20b-11e4-9bec-005056c00008','Update','无法找到对应表中数据'),(3395826,'juju_orders_items','id','0000244b-d20b-11e4-8b76-005056c00008','Update','无法找到对应表中数据'),(3395827,'juju_orders_items','id','000040c0-d20a-11e4-bc26-005056c00008','Update','无法找到对应表中数据'),(3395828,'juju_orders_items','id','000040c4-d20a-11e4-891f-005056c00008','Update','无法找到对应表中数据'),(3395829,'juju_orders_items','id','00005022-d691-11e4-afcf-005056c00008','Update','无法找到对应表中数据'),(3395830,'juju_orders_items','id','00006c9e-d690-11e4-9be9-005056c00008','Update','无法找到对应表中数据'),(3395831,'juju_orders_items','id','00006ca2-d690-11e4-9e7d-005056c00008','Update','无法找到对应表中数据'),(3395832,'juju_orders_items','id','00006caa-d690-11e4-bcb8-005056c00008','Update','无法找到对应表中数据'),(3395833,'juju_orders_items','id','00007263-d20b-11e4-89c5-005056c00008','Update','无法找到对应表中数据'),(3395834,'juju_orders_items','id','00007267-d20b-11e4-81f4-005056c00008','Update','无法找到对应表中数据'),(3395835,'juju_orders_items','id','0000726b-d20b-11e4-931d-005056c00008','Update','无法找到对应表中数据'),(3395836,'juju_orders','id','afffe77b-ff76-4f56-8d76-ebcd610ae078','New','无法找到对应表中数据'),(3395837,'juju_orders_items','id','f9257718-5c65-4d30-ab89-bf4510f9d952','New','无法找到对应表中数据'),(3395838,'juju_orders_items','id','ec65055d-8427-4a9f-a0e2-ba94f13dd4c6','New','无法找到对应表中数据'),(3395839,'juju_orders','id','43dd5a67-e47b-4fad-a3b0-4429f6105eb3','New','无法找到对应表中数据'),(3395840,'juju_orders_items','id','a2aad973-ac78-4e95-89f6-bd334edb3b1b','New','无法找到对应表中数据'),(3395841,'juju_orders_items','id','44b6b0ce-a5ca-4472-8fd6-b2146ca4e796','New','无法找到对应表中数据'),(3395842,'juju_orders','id','919082b3-3246-4579-aac1-021d317f343f','New','无法找到对应表中数据'),(3395843,'juju_orders_items','id','2ae4f0f2-893c-493a-831a-4948874023ad','New','无法找到对应表中数据'),(3395844,'juju_orders_items','id','d1fcbfea-2a2c-4537-868c-65ff8d9604d2','New','无法找到对应表中数据'),(3395845,'juju_orders','id','351f8aa2-9370-44db-9cb6-59a15b1ace64','New','无法找到对应表中数据'),(3395846,'juju_orders_items','id','1a88c003-3d7c-4925-9e95-aa08386c5343','New','无法找到对应表中数据'),(3395847,'juju_orders_items','id','5f62b914-95e3-445b-ace8-f5c94c711534','New','无法找到对应表中数据'),(3395848,'juju_orders_items','id','00000200-d691-11e4-8b5e-005056c00008','Update','无法找到对应表中数据'),(3395849,'juju_orders_items','id','00000204-d691-11e4-857d-005056c00008','Update','无法找到对应表中数据'),(3395850,'juju_orders_items','id','00001e84-d690-11e4-b82d-005056c00008','Update','无法找到对应表中数据'),(3395851,'juju_orders_items','id','00001e88-d690-11e4-8e83-005056c00008','Update','无法找到对应表中数据'),(3395852,'juju_orders_items','id','00002440-d20b-11e4-a49f-005056c00008','Update','无法找到对应表中数据'),(3395853,'juju_orders_items','id','00002447-d20b-11e4-9bec-005056c00008','Update','无法找到对应表中数据'),(3395854,'juju_orders_items','id','0000244b-d20b-11e4-8b76-005056c00008','Update','无法找到对应表中数据'),(3395855,'juju_orders_items','id','000040c0-d20a-11e4-bc26-005056c00008','Update','无法找到对应表中数据'),(3395856,'juju_orders_items','id','000040c4-d20a-11e4-891f-005056c00008','Update','无法找到对应表中数据'),(3395857,'juju_orders_items','id','00005022-d691-11e4-afcf-005056c00008','Update','无法找到对应表中数据'),(3395858,'juju_orders_items','id','00006c9e-d690-11e4-9be9-005056c00008','Update','无法找到对应表中数据'),(3395859,'juju_orders_items','id','00006ca2-d690-11e4-9e7d-005056c00008','Update','无法找到对应表中数据'),(3395860,'juju_orders_items','id','00006caa-d690-11e4-bcb8-005056c00008','Update','无法找到对应表中数据'),(3395861,'juju_orders_items','id','00007263-d20b-11e4-89c5-005056c00008','Update','无法找到对应表中数据'),(3395862,'juju_orders_items','id','00007267-d20b-11e4-81f4-005056c00008','Update','无法找到对应表中数据'),(3395863,'juju_orders_items','id','0000726b-d20b-11e4-931d-005056c00008','Update','无法找到对应表中数据'),(3395864,'juju_orders_items','id','00000204-d691-11e4-857d-005056c00008','Update','无法找到对应表中数据'),(3395865,'juju_orders_items','id','00001e84-d690-11e4-b82d-005056c00008','Update','无法找到对应表中数据'),(3395866,'juju_orders_items','id','00001e88-d690-11e4-8e83-005056c00008','Update','无法找到对应表中数据'),(3395867,'juju_orders_items','id','00002440-d20b-11e4-a49f-005056c00008','Update','无法找到对应表中数据'),(3395868,'juju_orders_items','id','00002447-d20b-11e4-9bec-005056c00008','Update','无法找到对应表中数据'),(3395869,'juju_orders_items','id','0000244b-d20b-11e4-8b76-005056c00008','Update','无法找到对应表中数据'),(3395870,'juju_orders_items','id','000040c0-d20a-11e4-bc26-005056c00008','Update','无法找到对应表中数据'),(3395871,'juju_orders_items','id','000040c4-d20a-11e4-891f-005056c00008','Update','无法找到对应表中数据'),(3395872,'juju_orders_items','id','00005022-d691-11e4-afcf-005056c00008','Update','无法找到对应表中数据'),(3395873,'juju_orders_items','id','00006c9e-d690-11e4-9be9-005056c00008','Update','无法找到对应表中数据'),(3395874,'juju_orders_items','id','00006ca2-d690-11e4-9e7d-005056c00008','Update','无法找到对应表中数据'),(3395875,'juju_orders_items','id','00006caa-d690-11e4-bcb8-005056c00008','Update','无法找到对应表中数据'),(3395876,'juju_orders_items','id','00007263-d20b-11e4-89c5-005056c00008','Update','无法找到对应表中数据'),(3395877,'juju_orders_items','id','00007267-d20b-11e4-81f4-005056c00008','Update','无法找到对应表中数据'),(3395878,'juju_orders_items','id','0000726b-d20b-11e4-931d-005056c00008','Update','无法找到对应表中数据'),(3395879,'juju_orders','id','8fa8e8bb-cff7-40ee-92d7-52ddd01f8593','New','无法找到对应表中数据'),(3395880,'juju_orders_items','id','c605ecc4-2f4f-48f0-bb4d-634d7dca0707','New','无法找到对应表中数据'),(3395881,'juju_orders_items','id','c8243682-d29a-4030-bc14-980f1c9d4fcf','New','无法找到对应表中数据'),(3395882,'juju_orders','id','c70f2034-180d-46ac-a5e1-e0c6b408fe04','New','无法找到对应表中数据'),(3395883,'juju_orders_items','id','576c0702-0e2e-4d40-b5b1-cc1ca593026e','New','无法找到对应表中数据'),(3395884,'juju_orders_items','id','19f99206-a824-43a5-9c42-2751d5367c9f','New','无法找到对应表中数据'),(3395885,'juju_orders_items','id','020c47f0-d20b-11e4-82de-005056c00008','Update','无法找到对应表中数据'),(3395886,'juju_orders_items','id','020c47f4-d20b-11e4-b282-005056c00008','Update','无法找到对应表中数据'),(3395887,'juju_orders_items','id','020c47fb-d20b-11e4-972a-005056c00008','Update','无法找到对应表中数据'),(3395888,'juju_orders_items','id','020c4cc0-d691-11e4-b715-005056c00008','Update','无法找到对应表中数据'),(3395889,'juju_orders_items','id','020c4cc4-d691-11e4-bf71-005056c00008','Update','无法找到对应表中数据'),(3395890,'juju_orders_items','id','020c8b8f-d20a-11e4-94e4-005056c00008','Update','无法找到对应表中数据'),(3395891,'juju_orders_items','id','020c9ae1-d691-11e4-8020-005056c00008','Update','无法找到对应表中数据'),(3395892,'juju_orders_items','id','020c9ae5-d691-11e4-893b-005056c00008','Update','无法找到对应表中数据'),(3395893,'juju_orders_items','id','020cb769-d690-11e4-ba34-005056c00008','Update','无法找到对应表中数据'),(3395894,'juju_orders_items','id','020cb771-d690-11e4-9e86-005056c00008','Update','无法找到对应表中数据'),(3395895,'juju_orders_items','id','020cbd1e-d20b-11e4-8bce-005056c00008','Update','无法找到对应表中数据'),(3395896,'juju_orders_items','id','020cbd22-d20b-11e4-bf4f-005056c00008','Update','无法找到对应表中数据'),(3395897,'juju_orders_items','id','020cbd26-d20b-11e4-af65-005056c00008','Update','无法找到对应表中数据'),(3395898,'juju_orders_items','id','020cc1f4-d691-11e4-9172-005056c00008','Update','无法找到对应表中数据'),(3395899,'juju_orders_items','id','020cd99e-d20a-11e4-a7a2-005056c00008','Update','无法找到对应表中数据'),(3395900,'juju_orders_items','id','020cd9a8-d20a-11e4-9b2d-005056c00008','Update','无法找到对应表中数据'),(3395901,'juju_orders_items','id','020d0580-d690-11e4-a108-005056c00008','Update','无法找到对应表中数据'),(3395902,'juju_orders_items','id','020d0584-d690-11e4-8b70-005056c00008','Update','无法找到对应表中数据'),(3395903,'juju_orders_items','id','020d0588-d690-11e4-b03b-005056c00008','Update','无法找到对应表中数据'),(3395904,'juju_orders_items','id','020d0b4e-d20b-11e4-9289-005056c00008','Update','无法找到对应表中数据'),(3395905,'juju_orders_items','id','020d100f-d691-11e4-9b60-005056c00008','Update','无法找到对应表中数据'),(3395906,'juju_orders_items','id','020d1013-d691-11e4-aaf8-005056c00008','Update','无法找到对应表中数据'),(3395907,'juju_orders_items','id','020d3721-d691-11e4-9074-005056c00008','Update','无法找到对应表中数据'),(3395908,'juju_orders_items','id','020d4ed2-d20a-11e4-89d1-005056c00008','Update','无法找到对应表中数据'),(3395909,'juju_orders_items','id','020d4ed6-d20a-11e4-b292-005056c00008','Update','无法找到对应表中数据'),(3395910,'juju_orders_items','id','020d5e34-d691-11e4-82bd-005056c00008','Update','无法找到对应表中数据'),(3395911,'juju_orders_items','id','020d7aae-d690-11e4-a4dc-005056c00008','Update','无法找到对应表中数据'),(3395912,'juju_orders_items','id','020c8b8b-d20a-11e4-bbe1-005056c00008','Update','无法找到对应表中数据'),(3395913,'juju_orders_items','id','020c9ae1-d691-11e4-8020-005056c00008','Update','无法找到对应表中数据'),(3395914,'juju_orders_items','id','020c9ae5-d691-11e4-893b-005056c00008','Update','无法找到对应表中数据'),(3395915,'juju_orders_items','id','020cb769-d690-11e4-ba34-005056c00008','Update','无法找到对应表中数据'),(3395916,'juju_orders_items','id','020cb771-d690-11e4-9e86-005056c00008','Update','无法找到对应表中数据'),(3395917,'juju_orders_items','id','020cbd1e-d20b-11e4-8bce-005056c00008','Update','无法找到对应表中数据'),(3395918,'juju_orders_items','id','020cbd22-d20b-11e4-bf4f-005056c00008','Update','无法找到对应表中数据'),(3395919,'juju_orders_items','id','020cbd26-d20b-11e4-af65-005056c00008','Update','无法找到对应表中数据'),(3395920,'juju_orders_items','id','020cc1f4-d691-11e4-9172-005056c00008','Update','无法找到对应表中数据'),(3395921,'juju_orders_items','id','020cd99e-d20a-11e4-a7a2-005056c00008','Update','无法找到对应表中数据'),(3395922,'juju_orders_items','id','020cd9a8-d20a-11e4-9b2d-005056c00008','Update','无法找到对应表中数据'),(3395923,'juju_orders_items','id','020d0580-d690-11e4-a108-005056c00008','Update','无法找到对应表中数据'),(3395924,'juju_orders_items','id','020d0584-d690-11e4-8b70-005056c00008','Update','无法找到对应表中数据'),(3395925,'juju_orders_items','id','020d0588-d690-11e4-b03b-005056c00008','Update','无法找到对应表中数据'),(3395926,'juju_orders_items','id','020d0b46-d20b-11e4-b9e8-005056c00008','Update','无法找到对应表中数据'),(3395927,'juju_orders_items','id','020d0b4a-d20b-11e4-ba85-005056c00008','Update','无法找到对应表中数据'),(3395928,'juju_orders_items','id','020d0b4e-d20b-11e4-9289-005056c00008','Update','无法找到对应表中数据'),(3395929,'juju_orders_items','id','020d100f-d691-11e4-9b60-005056c00008','Update','无法找到对应表中数据'),(3395930,'juju_orders_items','id','020d1013-d691-11e4-aaf8-005056c00008','Update','无法找到对应表中数据'),(3395931,'juju_orders_items','id','020d3721-d691-11e4-9074-005056c00008','Update','无法找到对应表中数据'),(3395932,'juju_orders_items','id','020d4ed2-d20a-11e4-89d1-005056c00008','Update','无法找到对应表中数据'),(3395933,'juju_orders_items','id','020d4ed6-d20a-11e4-b292-005056c00008','Update','无法找到对应表中数据'),(3395934,'juju_orders','id','ec5f9527-064f-40aa-809f-b84eee403b0a','New','无法找到对应表中数据'),(3395935,'juju_orders_items','id','55a4dfda-434b-4dd0-8182-49856b8ce1f6','New','无法找到对应表中数据'),(3395936,'juju_orders_items','id','8bcd3fe8-4160-405e-a65f-33f0c6efa2f3','New','无法找到对应表中数据'),(3395937,'juju_orders','id','a64e84d5-e832-4f32-bd9b-8fd2d9ce31c3','New','无法找到对应表中数据'),(3395938,'juju_orders_items','id','02d6c80c-9ef1-49d1-83c0-d6ab7a8cac27','New','无法找到对应表中数据'),(3395939,'juju_orders_items','id','2793ed48-88ce-4387-9338-693b2738bf1d','New','无法找到对应表中数据'),(3395940,'juju_orders','id','c5c52894-e037-4c84-8f2b-bd60d779f38b','New','无法找到对应表中数据'),(3395941,'juju_orders_items','id','b86ad0a4-41aa-4b0e-a36b-86e73bc1d90f','New','无法找到对应表中数据'),(3395942,'juju_orders_items','id','9b2bfcf6-2d8d-4173-a8b6-c36b1de94e95','New','无法找到对应表中数据'),(3395943,'juju_orders','id','97741552-eda0-45fa-a548-965e0237d272','New','无法找到对应表中数据'),(3395944,'juju_orders_items','id','bc6d8163-c61d-43b5-b8bf-e6d312879c9e','New','无法找到对应表中数据'),(3395945,'juju_orders_items','id','bec74800-f6ca-43d1-9d37-efd2d70fd1b6','New','无法找到对应表中数据'),(3395946,'juju_orders','id','ea714292-58fd-4363-8433-c03030ac4ed5','New','无法找到对应表中数据'),(3395947,'juju_orders_items','id','f7becc4d-43de-452f-b830-850324a39fef','New','无法找到对应表中数据'),(3395948,'juju_orders_items','id','2f1f6f45-e88d-4a4d-8ef4-f2e8a0fb09e8','New','无法找到对应表中数据'),(3395949,'juju_orders','id','d5eef001-bdad-4734-9e65-bdd0ef56c779','New','无法找到对应表中数据'),(3395950,'juju_orders','id','01a301a0-abaa-4280-a7d3-2ee3de74e6c8','New','无法找到对应表中数据'),(3395951,'juju_orders_items','id','687aa3c0-5643-416f-ba29-daba09c2dda9','New','无法找到对应表中数据'),(3395952,'juju_orders_items','id','8f73f8f1-3331-46ce-9b0a-30eff38e8b17','New','无法找到对应表中数据'),(3395953,'juju_orders','id','00002444-d20b-11e4-ab3d-005056c00008','Update','无法找到对应表中数据'),(3395954,'juju_orders','id','0000244f-d20b-11e4-9a24-005056c00008','Update','无法找到对应表中数据'),(3395955,'juju_orders','id','000040cb-d20a-11e4-950d-005056c00008','Update','无法找到对应表中数据'),(3395956,'juju_orders','id','00009e42-d691-11e4-b2c7-005056c00008','Update','无法找到对应表中数据'),(3395957,'juju_orders','id','0000e1df-d690-11e4-af81-005056c00008','Update','无法找到对应表中数据'),(3395958,'juju_orders','id','0000e7a2-d20b-11e4-8bac-005056c00008','Update','无法找到对应表中数据'),(3395959,'juju_orders','id','00010419-d20a-11e4-86d6-005056c00008','Update','无法找到对应表中数据'),(3395960,'juju_orders','id','00011377-d691-11e4-9372-005056c00008','Update','无法找到对应表中数据'),(3395961,'juju_orders','id','000135b8-d20b-11e4-b0dc-005056c00008','Update','无法找到对应表中数据'),(3395962,'juju_orders','id','00013a82-d691-11e4-b22a-005056c00008','Update','无法找到对应表中数据'),(3395963,'juju_orders','id','00017944-d20a-11e4-b0a9-005056c00008','Update','无法找到对应表中数据'),(3395964,'juju_orders','id','0001a531-d690-11e4-bc16-005056c00008','Update','无法找到对应表中数据'),(3395965,'juju_orders','id','0001aade-d20b-11e4-8f57-005056c00008','Update','无法找到对应表中数据'),(3395966,'juju_orders_items','id','687aa3c0-5643-416f-ba29-daba09c2dda9','Update','无法找到对应表中数据'),(3395967,'juju_orders_items','id','8f73f8f1-3331-46ce-9b0a-30eff38e8b17','Update','无法找到对应表中数据'),(3395968,'juju_orders_items','id','00000200-d691-11e4-8b5e-005056c00008','Update','无法找到对应表中数据'),(3395969,'juju_orders_items','id','00000204-d691-11e4-857d-005056c00008','Update','无法找到对应表中数据'),(3395970,'juju_orders_items','id','00001e84-d690-11e4-b82d-005056c00008','Update','无法找到对应表中数据'),(3395971,'juju_orders_items','id','00001e88-d690-11e4-8e83-005056c00008','Update','无法找到对应表中数据'),(3395972,'juju_orders_items','id','00002440-d20b-11e4-a49f-005056c00008','Update','无法找到对应表中数据'),(3395973,'juju_orders_items','id','00002447-d20b-11e4-9bec-005056c00008','Update','无法找到对应表中数据'),(3395974,'juju_orders_items','id','0000244b-d20b-11e4-8b76-005056c00008','Update','无法找到对应表中数据'),(3395975,'juju_orders_items','id','000040c0-d20a-11e4-bc26-005056c00008','Update','无法找到对应表中数据'),(3395976,'juju_orders_items','id','000040c4-d20a-11e4-891f-005056c00008','Update','无法找到对应表中数据'),(3395977,'juju_orders_items','id','00005022-d691-11e4-afcf-005056c00008','Update','无法找到对应表中数据'),(3395978,'juju_orders_items','id','00006c9e-d690-11e4-9be9-005056c00008','Update','无法找到对应表中数据'),(3395979,'juju_orders_items','id','00006ca2-d690-11e4-9e7d-005056c00008','Update','无法找到对应表中数据'),(3395980,'juju_orders_items','id','00006caa-d690-11e4-bcb8-005056c00008','Update','无法找到对应表中数据'),(3395981,'juju_orders_items','id','00007263-d20b-11e4-89c5-005056c00008','Update','无法找到对应表中数据'),(3395982,'juju_orders_items','id','00007267-d20b-11e4-81f4-005056c00008','Update','无法找到对应表中数据'),(3395983,'juju_orders_items','id','0000726b-d20b-11e4-931d-005056c00008','Update','无法找到对应表中数据'),(5152586,'juju_orders','id','d6a075b4-eea2-446d-9b0a-e6258fe03553','New','无法找到对应表中数据'),(5152587,'juju_orders_items','id','dd4c5d50-0cec-49f8-a498-6f2937df90b9','New','无法找到对应表中数据'),(5152588,'juju_orders_items','id','fccc2f26-9015-43ee-9df1-28578d2daaed','New','无法找到对应表中数据'),(5152589,'juju_orders','id','79b3deb5-c1a4-4fee-aa14-1dc0c6787fcf','New','无法找到对应表中数据'),(5152590,'juju_orders_items','id','e4ac7754-0278-4348-a2de-1d2b964c72ea','New','无法找到对应表中数据'),(5152591,'juju_orders_items','id','bd65cabf-3f9e-44df-8c65-ae9527ad43fa','New','无法找到对应表中数据'),(5152592,'juju_orders','id','75b722a1-5423-461d-9ef1-fb242d9319b0','New','无法找到对应表中数据'),(5152593,'juju_orders_items','id','abad2b4f-12b9-4b75-aa73-278fdf26c59e','New','无法找到对应表中数据'),(5152594,'juju_orders_items','id','c0cd2377-1a4c-4504-8105-eb2224e40560','New','无法找到对应表中数据'),(5152595,'juju_orders','id','1d183f93-ff9f-457a-b68b-e86d50d3b9ec','New','无法找到对应表中数据'),(5152596,'juju_orders_items','id','8fea2785-0ee1-4266-8821-7f00336ab3bf','New','无法找到对应表中数据'),(5152597,'juju_orders_items','id','6e2f237f-d0d1-4928-9681-e42511f0be4d','New','无法找到对应表中数据'),(5152598,'juju_orders','id','8aad96aa-17d9-4a62-8212-99eeee0d1381','New','无法找到对应表中数据'),(5152599,'juju_orders_items','id','1da79fc1-2d51-418e-b84b-43883c5020f6','New','无法找到对应表中数据'),(5152600,'juju_orders_items','id','82c4d5cd-e6d6-4958-bad6-79ea6786e880','New','无法找到对应表中数据'),(5152601,'juju_orders_items','id','cb64c7b4-f78f-4329-bacb-2ee1b59605ad','New','无法找到对应表中数据'),(5152602,'juju_orders_items','id','34418fcc-676a-4626-a377-34f677a25419','New','无法找到对应表中数据'),(5152603,'juju_orders_items','id','7434e0ac-7dc6-4fc1-a974-f05edfa7562c','New','无法找到对应表中数据'),(5152667,'juju_orders','id','9526a6d7-730b-47a5-bed6-7471de37dfe9','New','无法找到对应表中数据'),(5152668,'juju_orders_items','id','4a222fa3-820e-4d1b-a072-bb663d6abd15','New','无法找到对应表中数据'),(5152669,'juju_orders_items','id','0000726b-d20b-11e4-931d-005056c00008','Update','无法找到对应表中数据'),(5152670,'juju_orders_items','id','0000726b-d20b-11e4-931d-005056c00008','Update','无法找到对应表中数据'),(5152671,'juju_orders_items','id','00007267-d20b-11e4-81f4-005056c00008','Update','无法找到对应表中数据'),(5152672,'juju_orders','id','ae30e255-27b0-4fbc-a972-93294b4583cf','New','无法找到对应表中数据'),(5152673,'juju_orders','id','2712a7f0-0f99-4664-8507-22ae4ceb9946','New','无法找到对应表中数据'),(5152674,'juju_orders_items','id','0b6551a9-4cee-4223-85e7-b139e8d1e84c','New','无法找到对应表中数据'),(5152675,'juju_orders_items','id','0833b156-a4dd-4eea-b9b8-059a11b0c814','New','无法找到对应表中数据'),(5152676,'juju_orders','id','46926198-ed23-4179-8a16-ecd3aab45929','New','无法找到对应表中数据'),(5152677,'juju_orders_items','id','c48412be-1ff0-43a5-8e0f-57e2814047ee','New','无法找到对应表中数据'),(5152678,'juju_orders_items','id','6e6cf444-3c23-4697-b82f-3ab5a3e2ac02','New','无法找到对应表中数据'),(5152679,'juju_orders','id','924f8f34-4d80-4f69-9ba2-70d13a7bce6a','New','无法找到对应表中数据'),(5152680,'juju_orders_items','id','289120a6-83f2-4430-a4d2-4479addfafa7','New','无法找到对应表中数据'),(5152681,'juju_orders_items','id','5e13f1d2-9462-4867-9bf3-86f9048208f2','New','无法找到对应表中数据'),(5152682,'juju_orders_items','id','045bf148-2f1b-4c98-969a-5c2e602a5da5','New','无法找到对应表中数据'),(5152683,'juju_orders','id','0c8b76c7-183c-4086-b0d0-ed694b5fb0ca','New','无法找到对应表中数据'),(5152684,'juju_orders_items','id','57e9f3ea-6e58-4843-a2b6-c87867405d02','New','无法找到对应表中数据'),(5152685,'juju_orders_items','id','0de7b56e-6796-4dfe-b992-0f2705297468','New','无法找到对应表中数据'),(5152686,'juju_orders_items','id','30884d7d-88d6-4d3e-bf43-4d6ff7bdc962','New','无法找到对应表中数据'),(5152687,'juju_orders_items','id','6acba6f7-93eb-48b2-bf4b-4db2f5156ea8','New','无法找到对应表中数据'),(5152688,'juju_orders','id','565475ae-fde4-4142-9761-ca0304b858da','New','无法找到对应表中数据'),(5152689,'juju_orders_items','id','009a70d6-a640-4f35-9e2f-202b93e96f0f','New','无法找到对应表中数据'),(5152690,'juju_orders','id','35793db3-3f81-455b-a61a-81c126fd70b0','New','无法找到对应表中数据'),(5152691,'juju_orders_items','id','823df325-6b54-43df-8b85-fe05c751b2f2','New','无法找到对应表中数据'),(5152692,'juju_orders_items','id','7f98ae64-abad-463a-97bb-ebd4b8544258','New','无法找到对应表中数据'),(5152693,'juju_orders','id','1de80806-230c-4cc8-9d7e-0c3054ef1705','New','无法找到对应表中数据'),(5152694,'juju_orders_items','id','f1feb508-5987-4078-bacd-2b65ee264020','New','无法找到对应表中数据'),(5152695,'juju_orders','id','dd1c7627-579c-4c05-9699-8aa34773dbf0','New','无法找到对应表中数据'),(5152696,'juju_orders_items','id','2be1f078-7736-4594-a24a-74777c713646','New','无法找到对应表中数据'),(5152697,'juju_orders','id','f96fcf5a-6a3c-4b06-b1a9-29859dc1ea7b','New','无法找到对应表中数据'),(5152698,'juju_orders_items','id','cc544d49-dee9-4209-b91e-8a0ea9dedbd6','New','无法找到对应表中数据'),(5152699,'juju_orders','id','f1f4ebb0-bb15-4081-bf13-6af00d3e053e','New','无法找到对应表中数据'),(5152700,'juju_orders_items','id','5d64e122-151a-4c90-a769-e75a59ea92f8','New','无法找到对应表中数据'),(5152701,'juju_orders','id','9463d2c6-86de-4f2d-beda-e7014eaff90f','New','无法找到对应表中数据'),(5152702,'juju_orders_items','id','929a688c-424e-4488-93ba-a524aab30266','New','无法找到对应表中数据'),(5152703,'juju_orders','id','2f8c6140-f36f-40a6-8d36-12948b6cb52e','New','无法找到对应表中数据'),(5152704,'juju_orders_items','id','9dfc8d3f-6434-4fa7-90d2-4f5211970830','New','无法找到对应表中数据'),(5152705,'juju_orders','id','b93b2263-5d70-4830-8510-fd201388d263','New','无法找到对应表中数据'),(5152706,'juju_orders_items','id','b44e9137-9e80-443a-82e7-b2158b94e9af','New','无法找到对应表中数据'),(5152707,'juju_orders','id','9e0d9b6b-c724-4b4a-b76d-a9fba0c44507','New','无法找到对应表中数据'),(5152708,'juju_orders_items','id','bb64f0ec-522a-46ed-9a1d-ceda055a44d4','New','无法找到对应表中数据'),(5152709,'juju_orders','id','fda774c8-0163-4790-a63c-6c06b3d6e22d','New','无法找到对应表中数据'),(5152710,'juju_orders_items','id','10fe6c11-d5b3-4f7e-ae1e-9e8f032303b8','New','无法找到对应表中数据'),(5152711,'juju_orders','id','0cafda1c-7d57-4161-821f-0894eb1756a3','New','无法找到对应表中数据'),(5152712,'juju_orders_items','id','976a2ca5-ef3d-42ad-8668-80b65e57e9cc','New','无法找到对应表中数据'),(5152713,'juju_orders_items','id','01b520e6-18e0-4785-8b97-ec713beb7b52','New','无法找到对应表中数据'),(5152714,'juju_orders','id','00a28470-8efd-45f9-9994-6db459d75f7a','New','无法找到对应表中数据'),(5152715,'juju_orders_items','id','f6ee8ae7-7af9-4e56-874a-cdcccb675716','New','无法找到对应表中数据'),(5152716,'juju_orders_items','id','ebb2d37d-82b2-4624-b479-8d48d3f7dc35','New','无法找到对应表中数据'),(5152717,'juju_orders','id','ae2c4f73-0e18-4529-83b5-8d66868a2bca','New','无法找到对应表中数据'),(5152718,'juju_orders_items','id','bf5debd6-a6cd-43d9-ae8d-312aaace40c6','New','无法找到对应表中数据'),(5152719,'juju_orders','id','8c51f800-9ae9-4bc2-a107-291f8576bf16','New','无法找到对应表中数据'),(5152720,'juju_orders_items','id','a8835420-80f0-456c-8b93-72dfb5b7459a','New','无法找到对应表中数据'),(5152721,'juju_orders','id','087539f9-9470-4eee-a68b-52bf91a0ebf6','New','无法找到对应表中数据'),(5152722,'juju_orders_items','id','06a8fc40-534f-4127-9eb8-0033909f18ae','New','无法找到对应表中数据'),(5152723,'juju_orders','id','5b810cf2-85fb-4b1c-9751-bc8fbc8bc6a7','New','无法找到对应表中数据'),(5152724,'juju_orders_items','id','bdb95a0e-5b10-47fc-a10d-72e34ee25eaf','New','无法找到对应表中数据'),(5152725,'juju_orders','id','3721710c-87aa-4035-9eec-15a842d046ed','New','无法找到对应表中数据'),(5152726,'juju_orders_items','id','8d0fe46f-5257-4573-9e47-1bf3d1b06d82','New','无法找到对应表中数据'),(5152727,'juju_orders_items','id','cd702074-7eb7-4e77-a89a-d7300dc2de26','New','无法找到对应表中数据'),(5152728,'juju_orders','id','16b72b99-5fe2-4b24-8563-6650700805d2','New','无法找到对应表中数据'),(5152729,'juju_orders_items','id','5d4a13ed-bd01-4a39-a99f-fb8de9b6c803','New','无法找到对应表中数据'),(5152730,'juju_orders','id','37143aea-a621-4b0e-ace0-2ea8bc614a9c','New','无法找到对应表中数据'),(5152731,'juju_orders_items','id','2e7f9480-9292-450a-b8da-e3b9ba7e1d71','New','无法找到对应表中数据'),(5152732,'juju_orders','id','610d511e-3b80-421c-9980-2b6e42e01e7e','New','无法找到对应表中数据'),(5152733,'juju_orders_items','id','7b5aceb0-8338-4a95-971e-5b0727b0954f','New','无法找到对应表中数据'),(5152734,'juju_orders','id','30c5b07b-6882-4cf5-90a2-3eb702cb32cc','New','无法找到对应表中数据'),(5152735,'juju_orders_items','id','147cf3de-56b4-4f49-b81b-12e73291ff0c','New','无法找到对应表中数据'),(5152736,'juju_orders_items','id','93a46ee2-95c0-4568-83ba-b615bc97ab59','New','无法找到对应表中数据'),(5152737,'juju_orders_items','id','e7eb85a6-792a-4349-84ad-9760eb79993b','New','无法找到对应表中数据'),(5152738,'juju_orders','id','cd5aec04-dfe2-47b5-91b2-285507eb31d9','New','无法找到对应表中数据'),(5152739,'juju_orders_items','id','e3082cf1-0485-4946-b8eb-29f74663d05a','New','无法找到对应表中数据'),(5152740,'juju_orders','id','8d7439d4-7bd3-40c3-844e-a83235986d11','New','无法找到对应表中数据'),(5152741,'juju_orders_items','id','96cdaca8-96c2-4e37-9f23-e3d9ff0f0872','New','无法找到对应表中数据'),(5152742,'juju_orders','id','3a40e86f-dcfa-464f-b644-a4d744e27d9a','New','无法找到对应表中数据'),(5152743,'juju_orders_items','id','b2c9005c-87c6-437f-8e3c-38cb413a722f','New','无法找到对应表中数据'),(5152744,'juju_orders','id','651f056b-df45-4bd4-983a-845f5a69ec6f','New','无法找到对应表中数据'),(5152745,'juju_orders_items','id','33f06c10-eea1-4a1d-b431-bd6d7803bd2b','New','无法找到对应表中数据'),(5152746,'juju_orders','id','726b31ea-eb1c-4da4-8534-5bc79bd5a9ed','New','无法找到对应表中数据'),(5152747,'juju_orders_items','id','f6a6694b-6adf-4c80-868a-fde131bd7771','New','无法找到对应表中数据'),(5152748,'juju_orders','id','3ed35453-c5d5-42c3-8de1-3fd98895ecff','New','无法找到对应表中数据'),(5152749,'juju_orders_items','id','8b98a090-f3ab-453d-b62e-c9448da052ab','New','无法找到对应表中数据'),(5152750,'juju_orders','id','bb291c18-e8a7-4a83-a418-361d8c4eee39','New','无法找到对应表中数据'),(5152751,'juju_orders_items','id','3cf7ffc0-9727-4cf5-9ab8-d04dba8c2d82','New','无法找到对应表中数据'),(5152752,'juju_orders','id','40d67467-8347-48b8-b551-6cf3db77568b','New','无法找到对应表中数据'),(5152753,'juju_orders_items','id','023650a2-db3e-4408-8e43-c07d11cf8df9','New','无法找到对应表中数据'),(5152754,'juju_orders','id','507853d8-f80f-45a6-a4a0-14a85cd01722','New','无法找到对应表中数据'),(5152755,'juju_orders_items','id','d96c7d9a-a30a-467b-b7e9-fa2dfc4b2644','New','无法找到对应表中数据'),(5152756,'juju_orders','id','960c9893-a3d5-4951-9adc-bc1899f7668a','New','无法找到对应表中数据'),(5152757,'juju_orders_items','id','077c0b44-12ea-496f-ab53-49e4d6b85be5','New','无法找到对应表中数据'),(5152758,'juju_orders','id','7b70849f-af20-4d36-8b17-fecc21b47934','New','无法找到对应表中数据'),(5152759,'juju_orders_items','id','4aca1fff-e6c1-45eb-99d4-a0d11dbc4dcb','New','无法找到对应表中数据'),(5532157,'juju_orders','id','ade3d8c3-f939-44a2-b6ab-55e10c95ab03','New','无法找到对应表中数据'),(5532158,'juju_orders_items','id','84a4dfa3-ac83-4a06-bea5-24c697f58edc','New','无法找到对应表中数据'),(5532159,'juju_orders','id','afd82a5f-eb66-4744-b728-649711cb22cb','New','无法找到对应表中数据'),(5532160,'juju_orders_items','id','c20565d1-8638-4cb3-9174-4bd2c1f075b2','New','无法找到对应表中数据'),(5532161,'juju_orders','id','d7b1659d-3218-49f0-b03c-6090380f50f2','New','无法找到对应表中数据'),(5532162,'juju_orders_items','id','ae06cfba-4bc6-4471-9a20-25852a9d1a38','New','无法找到对应表中数据'),(5532163,'juju_orders','id','0b2f24ed-f126-458a-b2cd-4afa2716b46b','New','无法找到对应表中数据'),(5532164,'juju_orders_items','id','c506b5c7-475c-4e52-9bc8-1f81c5bebf5f','New','无法找到对应表中数据'),(5532165,'juju_orders','id','8d830244-dedc-45c9-8ded-53fcc9760a4f','New','无法找到对应表中数据'),(5532166,'juju_orders_items','id','72e99924-0f30-49ca-8299-bacb6330b371','New','无法找到对应表中数据'),(5532167,'juju_orders','id','c1325853-1219-4c4c-9ac6-97ce8c2299b6','New','无法找到对应表中数据'),(5532168,'juju_orders_items','id','b2162ad5-89e6-46ec-830e-428dd07fd423','New','无法找到对应表中数据'),(5532169,'juju_orders','id','022afc76-4776-4047-8921-8b2c524b8df5','New','无法找到对应表中数据'),(5532170,'juju_orders_items','id','12a608e5-3d42-4742-a95f-b38d7fe9b6e8','New','无法找到对应表中数据'),(5532171,'juju_orders','id','65cb6bf8-77f9-4854-b65f-1ad39cf28e4e','New','无法找到对应表中数据'),(5532172,'juju_orders_items','id','f90bc29d-750a-419d-ac7b-a455393034c7','New','无法找到对应表中数据'),(5532173,'juju_orders','id','f1088881-ae14-4996-bb43-913b7c02c3ff','New','无法找到对应表中数据'),(5532174,'juju_orders_items','id','df452a11-ec24-4443-8c36-6d5b95ef8198','New','无法找到对应表中数据'),(5532175,'juju_orders','id','58c1e835-1ed1-4383-9a12-052c405cfe3d','New','无法找到对应表中数据'),(5532176,'juju_orders_items','id','5d1d8913-0497-48a2-811e-ae38103ff509','New','无法找到对应表中数据'),(5532177,'juju_orders','id','132bf352-cac4-4d50-a543-6994c4198ab7','New','无法找到对应表中数据'),(5532178,'juju_orders_items','id','a9e8d889-16b1-47e2-ab3b-7ecf3b4fa766','New','无法找到对应表中数据'),(5532179,'juju_orders','id','3caa5fe3-5eac-45e9-b2d1-2caed038bfe4','New','无法找到对应表中数据'),(5532180,'juju_orders_items','id','3d64eb92-c8dc-48bf-956d-23820ce84076','New','无法找到对应表中数据'),(5532181,'juju_orders','id','611df791-7cea-4b31-821e-bbbe8476caa1','New','无法找到对应表中数据'),(5532182,'juju_orders_items','id','a8499b67-ba53-4d2f-8f38-23ba92e63519','New','无法找到对应表中数据'),(5532183,'juju_orders','id','0a0c9084-94b3-4683-8500-bb1e7da74155','New','无法找到对应表中数据'),(5532184,'juju_orders_items','id','be3d11ea-1118-480a-87e2-87aafdfb71f8','New','无法找到对应表中数据'),(5532185,'juju_orders','id','4f4fd81b-c60b-4689-9728-7c9e8f4ce530','New','无法找到对应表中数据'),(5532186,'juju_orders_items','id','95c61f56-21c9-469c-83ec-15cec19b0dd1','New','无法找到对应表中数据'),(5532187,'juju_orders','id','df5fd754-de0f-49f1-8699-83352ae2eb1c','New','无法找到对应表中数据'),(5532188,'juju_orders_items','id','42592ed2-1410-4859-8a18-2affaac2cb35','New','无法找到对应表中数据'),(5532189,'juju_orders','id','7c7dce38-f210-4010-97fd-87c2bbb60619','New','无法找到对应表中数据'),(5532190,'juju_orders_items','id','ad5054f2-12d5-42df-9904-b917e0fa00ad','New','无法找到对应表中数据'),(5532191,'juju_orders','id','f58092b0-442f-444f-83a5-f8818895e4f8','New','无法找到对应表中数据'),(5532192,'juju_orders_items','id','e5479db9-757a-44eb-9205-f94010585422','New','无法找到对应表中数据'),(5532193,'juju_orders','id','feffbc6a-541a-4605-8217-7df514977099','New','无法找到对应表中数据'),(5532194,'juju_orders_items','id','073c31c6-f7d4-469c-8a76-2c48c91645c0','New','无法找到对应表中数据'),(5532195,'juju_orders','id','63c59e31-1d23-47cf-94b4-780afe10a04b','New','无法找到对应表中数据'),(5532196,'juju_orders_items','id','35bd6ad7-80aa-46ea-b74a-646ffdb51147','New','无法找到对应表中数据'),(5532197,'juju_orders','id','e9bef174-767f-4569-8b97-3ed6bef73a6f','New','无法找到对应表中数据'),(5532198,'juju_orders_items','id','902f20a7-e14d-41a3-8960-49eaa7d38ffd','New','无法找到对应表中数据'),(5532199,'juju_orders','id','7e9c1f60-8be4-4fbb-a464-688bca8b65b6','New','无法找到对应表中数据'),(5532200,'juju_orders_items','id','0c9e4cae-7d80-4ba2-bb12-7452a03d954c','New','无法找到对应表中数据'),(5532201,'juju_orders','id','4bc74673-43b6-45c0-894f-d9f0f47ddef0','New','无法找到对应表中数据'),(5532202,'juju_orders_items','id','d9d46b35-5f91-4447-817b-9a0b7336c672','New','无法找到对应表中数据'),(5532203,'juju_orders','id','11a4b31b-4b22-40ee-ba9b-1074a22f7941','New','无法找到对应表中数据'),(5532204,'juju_orders_items','id','442d7c93-e965-4f79-a98e-1c0467ba9d2d','New','无法找到对应表中数据'),(5532205,'juju_orders','id','e2dfc622-7953-4df9-9675-549541f902b6','New','无法找到对应表中数据'),(5532206,'juju_orders_items','id','a3eaaf13-e71c-46f8-9bdd-1e0adcbb5504','New','无法找到对应表中数据'),(5532207,'juju_orders_items','id','35228a45-1147-415d-81f4-d2063c581048','New','无法找到对应表中数据'),(5532208,'juju_orders','id','1713c6dd-c17d-4138-ad92-2c0254977785','New','无法找到对应表中数据'),(5532209,'juju_orders_items','id','f9f7a530-b58d-4ac9-821d-2ba0594a2850','New','无法找到对应表中数据'),(5532210,'juju_orders','id','d75dae67-24a6-41ef-a827-3a470c31ddbe','New','无法找到对应表中数据'),(5532211,'juju_orders_items','id','1c78e09b-397b-4ac0-a875-8dedb45fc2cf','New','无法找到对应表中数据'),(5532212,'juju_orders','id','5ee920e4-405d-43a8-87fb-9782e6a51e0b','New','无法找到对应表中数据'),(5532213,'juju_orders_items','id','a6e71639-c38c-4237-be58-3a7231959c2f','New','无法找到对应表中数据'),(5532214,'juju_orders','id','87897c51-5aa5-4dca-9201-eab1f1b13caa','New','无法找到对应表中数据'),(5532215,'juju_orders_items','id','21a8c2e9-9092-4bbf-98b6-86bc1a4cfbb1','New','无法找到对应表中数据'),(5532216,'juju_orders','id','14549737-f2b7-4593-9cfc-302efa8d9d11','New','无法找到对应表中数据'),(5532217,'juju_orders_items','id','11103c8f-ac5d-434f-beee-bbb7940fda65','New','无法找到对应表中数据'),(5532218,'juju_orders','id','10be221f-8c80-4474-9244-5a4176f11c0a','New','无法找到对应表中数据'),(5532219,'juju_orders_items','id','fd89be55-69f8-4576-933e-54d58863cc9c','New','无法找到对应表中数据'),(5532220,'juju_orders','id','b4176764-f1e2-4218-af84-bc6d07f1bddd','New','无法找到对应表中数据'),(5532221,'juju_orders_items','id','22c9a305-0321-4b6b-856f-021acd229ebf','New','无法找到对应表中数据'),(5532222,'juju_orders','id','3800420a-305b-4acc-9740-85f29e3cfd33','New','无法找到对应表中数据'),(5532223,'juju_orders_items','id','6bacc022-c6b0-437c-80e6-5c39b1f364ec','New','无法找到对应表中数据'),(5532224,'juju_orders','id','98310b37-43f5-45cd-a7f3-2eba7f8e90d7','New','无法找到对应表中数据'),(5532225,'juju_orders_items','id','4075d0a1-3792-4877-b6e9-fa74fcbfdf02','New','无法找到对应表中数据'),(5532226,'juju_orders','id','0630e040-b560-4812-91b3-4d3ca68cbb28','New','无法找到对应表中数据'),(5532227,'juju_orders_items','id','6fea90c1-f638-4d74-99b3-aa2d8e29bbc6','New','无法找到对应表中数据'),(5532228,'juju_orders','id','84f4ea1d-25a2-4004-89fb-07fd60fe0b4b','New','无法找到对应表中数据'),(5532229,'juju_orders_items','id','179aeb37-583e-42b0-8320-a73c87812992','New','无法找到对应表中数据'),(5532230,'juju_orders','id','0797d243-21ea-4e61-8583-77d1baaf7b1f','New','无法找到对应表中数据'),(5532231,'juju_orders_items','id','49737f55-807e-47e1-9b4f-b0f10215882b','New','无法找到对应表中数据'),(5532232,'juju_orders','id','70a2279a-c62c-4cfc-ab84-ddd8ac3ed85a','New','无法找到对应表中数据'),(5532233,'juju_orders_items','id','29015f4f-bd8d-4c42-ae54-d742cf5873ad','New','无法找到对应表中数据'),(5532234,'juju_orders','id','bc4b45f7-bb82-483d-9938-ca10ff4b5a82','New','无法找到对应表中数据'),(5532235,'juju_orders_items','id','8acc336f-c544-4c79-89f6-589786c59d2c','New','无法找到对应表中数据'),(5532236,'juju_orders','id','de14a4e0-6fe3-4379-9d16-7a88585d9e9a','New','无法找到对应表中数据'),(5532237,'juju_orders_items','id','382d6013-0d67-454c-984c-522c4840c59d','New','无法找到对应表中数据'),(5532238,'juju_orders','id','df822f0a-a130-41f9-a232-f0bc6e589fb0','New','无法找到对应表中数据'),(5532239,'juju_orders_items','id','aba37526-81cd-4d99-bfe9-e040f293001f','New','无法找到对应表中数据'),(5532240,'juju_orders','id','395005e7-0c66-4a8f-b0c1-8860779fdabe','New','无法找到对应表中数据'),(5532241,'juju_orders_items','id','6f07d9dc-1c95-476c-a6b6-ea0d17082996','New','无法找到对应表中数据'),(5532242,'juju_orders','id','5c2f8bc9-59ca-45b3-a74e-70274adf99ab','New','无法找到对应表中数据'),(5532243,'juju_orders_items','id','b7f6ecda-cf62-4d2f-8bc3-45b8432f7a1f','New','无法找到对应表中数据'),(5532244,'juju_orders','id','69c1e0d7-5616-42e5-b046-c9f7589989c1','New','无法找到对应表中数据'),(5532245,'juju_orders_items','id','fa00ed87-8706-4e39-8c98-0969e63f9027','New','无法找到对应表中数据'),(5532246,'juju_orders','id','d97f6954-ce4b-4b3c-b57c-9df3db07029b','New','无法找到对应表中数据'),(5532247,'juju_orders_items','id','8bc727e4-683f-4d32-9c57-bea645a61ba9','New','无法找到对应表中数据'),(5532248,'juju_orders','id','928cf3da-19b3-4e66-8705-5f4688d7469d','New','无法找到对应表中数据'),(5532249,'juju_orders_items','id','56a9797e-1970-4e8d-8e07-c360b820afe5','New','无法找到对应表中数据'),(5532250,'juju_orders','id','ca75ffb3-65fa-4090-b484-308d83ac077e','New','无法找到对应表中数据'),(5532251,'juju_orders_items','id','d71056e0-86b3-46ae-8c20-d83343fb8b6b','New','无法找到对应表中数据'),(5532252,'juju_orders','id','04dff235-8db3-4965-984a-67003754ce16','New','无法找到对应表中数据'),(5532253,'juju_orders_items','id','df2a6083-a27d-46e7-b069-7053891851e7','New','无法找到对应表中数据'),(5532254,'juju_orders','id','dd820726-8d84-4082-afde-b5fcb9c7606c','New','无法找到对应表中数据'),(5532255,'juju_orders_items','id','614eb4a6-3a5c-4009-8689-d4f5fe5c50f1','New','无法找到对应表中数据'),(5532256,'juju_orders','id','143172b4-134d-48d3-be5e-ff0b48f6e774','New','无法找到对应表中数据'),(5532257,'juju_orders_items','id','400ce70f-1f37-4698-b4c6-8b7aa727bbda','New','无法找到对应表中数据'),(5532258,'juju_orders','id','31be47fe-906c-4325-9af7-51e1ec00e18b','New','无法找到对应表中数据'),(5532259,'juju_orders_items','id','7202cbbd-547c-43f8-806a-e087e5a0c205','New','无法找到对应表中数据'),(5532260,'juju_orders','id','ada89132-a682-4725-9939-179ec699fb44','New','无法找到对应表中数据'),(5532261,'juju_orders_items','id','ca4a147c-1aa7-41ff-a6e6-2328bf36d2cd','New','无法找到对应表中数据'),(5532262,'juju_orders','id','8047137d-76d9-4d8f-ade0-cb2d9a12813f','New','无法找到对应表中数据'),(5532263,'juju_orders_items','id','eee44a44-423d-4d67-ab59-0c21b172811b','New','无法找到对应表中数据'),(5532264,'juju_orders','id','b3f2a045-4f39-480b-bf3e-215ab3b9eb7a','New','无法找到对应表中数据'),(5532265,'juju_orders_items','id','51f969dd-c46a-4110-8b1c-1b5adabf34a4','New','无法找到对应表中数据'),(5532266,'juju_orders','id','f2d98437-4950-4d55-ac98-b2c203fcec43','New','无法找到对应表中数据'),(5532267,'juju_orders_items','id','8879a571-fffa-4e95-95c7-39a4cdbf5d67','New','无法找到对应表中数据'),(5532268,'juju_orders','id','0f9e1dc2-5d8f-4eda-9de1-b70248ec9c3b','New','无法找到对应表中数据'),(5532269,'juju_orders_items','id','2af3932e-10c7-4b64-943d-93d9f87def3b','New','无法找到对应表中数据'),(5532270,'juju_orders','id','112f6cfe-c051-4ccd-a818-829862710437','New','无法找到对应表中数据'),(5532271,'juju_orders_items','id','99376d52-82dc-4bfe-9e8f-4376b2de3f22','New','无法找到对应表中数据'),(5532272,'juju_orders','id','ade3d8c3-f939-44a2-b6ab-55e10c95ab03','Update','无法找到对应表中数据'),(5532273,'juju_orders','id','83a709bc-1cb4-4fd5-8e56-bea52a37a350','New','无法找到对应表中数据'),(5532274,'juju_orders_items','id','00d56da3-b433-4955-9243-d240f6acf2ba','New','无法找到对应表中数据'),(5532275,'juju_orders','id','d006eaee-6104-436e-ab93-92eb5e23a49b','New','无法找到对应表中数据'),(5532276,'juju_orders_items','id','7ec916fd-8a3a-4ce5-b23a-859bfea27c65','New','无法找到对应表中数据'),(5532277,'juju_orders','id','5d8376d5-6bed-4c34-ba98-616689d3d3bd','New','无法找到对应表中数据'),(5532278,'juju_orders_items','id','a10c7453-abaf-4026-8741-f8ed50f11133','New','无法找到对应表中数据'),(5532279,'juju_orders','id','d6ac8d8c-7351-42fb-945d-f6cfd848ff7d','New','无法找到对应表中数据'),(5532280,'juju_orders_items','id','50a25566-3d08-4b65-bde5-a0f288611e0d','New','无法找到对应表中数据'),(5532281,'juju_orders','id','ade3d8c3-f939-44a2-b6ab-55e10c95ab03','Update','无法找到对应表中数据'),(5532282,'juju_orders','id','ade3d8c3-f939-44a2-b6ab-55e10c95ab03','Update','无法找到对应表中数据'),(5532283,'juju_orders','id','ade3d8c3-f939-44a2-b6ab-55e10c95ab03','Update','无法找到对应表中数据'),(5532284,'juju_orders','id','ade3d8c3-f939-44a2-b6ab-55e10c95ab03','Update','无法找到对应表中数据'),(5532285,'juju_orders','id','ade3d8c3-f939-44a2-b6ab-55e10c95ab03','Update','无法找到对应表中数据'),(5532286,'juju_orders','id','cf170e47-b6e1-487b-91fe-cec02e5387ad','New','无法找到对应表中数据'),(5532287,'juju_orders_items','id','ad37bdcd-f8d9-4f26-9e07-b1ad37a7a859','New','无法找到对应表中数据'),(5532288,'juju_orders','id','eed5d513-ee85-44a4-9f5a-b01439e1a5e2','New','无法找到对应表中数据'),(5532289,'juju_orders_items','id','68ad0f51-400a-4265-8ebf-9e39e16bdc36','New','无法找到对应表中数据'),(5532290,'juju_orders','id','f1974a51-ac3e-4746-8767-dcb0b3ded3bd','New','无法找到对应表中数据'),(5532291,'juju_orders_items','id','f7dade92-b594-469e-9a35-7bd9ff56d635','New','无法找到对应表中数据'),(5532292,'juju_orders','id','39c06ddc-c195-4e90-83be-80a53286696d','New','无法找到对应表中数据'),(5532293,'juju_orders_items','id','201d83b0-e329-43ce-87f6-e2ef3d8aeb58','New','无法找到对应表中数据'),(5532294,'juju_orders','id','2439bc3e-c0e8-4072-94e1-8a6ae2219ed9','New','无法找到对应表中数据'),(5532295,'juju_orders_items','id','b3d7f7c1-aa99-476c-a3c8-0c9caff5cd81','New','无法找到对应表中数据'),(5532296,'juju_orders','id','28fe90d5-8b7a-41c0-853d-6fd095a8e479','New','无法找到对应表中数据'),(5532297,'juju_orders_items','id','f45f295e-d49e-4ab2-ad4a-0940dfe5027c','New','无法找到对应表中数据'),(5532298,'juju_orders','id','a5d372c6-e359-471d-ac5f-cb1811098316','New','无法找到对应表中数据'),(5532299,'juju_orders_items','id','21b41d85-cc10-4385-8bc0-ceefd7530748','New','无法找到对应表中数据'),(5532300,'juju_orders','id','d03f6a06-11bb-4ba7-b26c-66d804b4f6ef','New','无法找到对应表中数据'),(5532301,'juju_orders_items','id','3b66f334-66fd-4e0d-b912-5b954c07857f','New','无法找到对应表中数据'),(5532302,'juju_orders','id','cf5d4a1b-2e67-47f3-8fcf-0f33e82d5dd5','New','无法找到对应表中数据'),(5532303,'juju_orders_items','id','b0eeb553-246e-49cd-8ef4-b5f05a819a3b','New','无法找到对应表中数据'),(5532304,'juju_orders','id','22456346-3c73-4d20-bc5c-54c8bbea3398','New','无法找到对应表中数据'),(5532305,'juju_orders_items','id','93b60dd3-5fc7-427e-b450-9eae72d1d6c7','New','无法找到对应表中数据'),(5532306,'juju_orders','id','a7b49b45-aad8-4c46-91b9-ed7b3efe0cd3','New','无法找到对应表中数据'),(5532307,'juju_orders_items','id','4fbec6f8-3ff5-4cba-81b8-7d71fc2f1925','New','无法找到对应表中数据'),(5532308,'juju_orders','id','9a0d5429-dad7-4aa4-b6ff-45fc81329147','New','无法找到对应表中数据'),(5532309,'juju_orders_items','id','23c1d0d5-8e9d-4c7d-88be-49a6f63f488a','New','无法找到对应表中数据'),(5532310,'juju_orders','id','43c8ee1b-db08-488e-bae5-1ff6f082ace0','New','无法找到对应表中数据'),(5532311,'juju_orders_items','id','344a0e96-c370-4c88-8734-532e2e97113e','New','无法找到对应表中数据'),(5532312,'juju_orders','id','e70163e1-f6a2-4a60-bc22-e694f825834e','New','无法找到对应表中数据'),(5532313,'juju_orders_items','id','5139d4f4-c2c6-477f-8de5-1d4739cbe67d','New','无法找到对应表中数据'),(5532314,'juju_orders','id','f1677272-47f0-4102-acd9-4dbc041c4ba1','New','无法找到对应表中数据'),(5532315,'juju_orders_items','id','0c62e84a-8aed-4f58-834a-8fd253fb81d1','New','无法找到对应表中数据'),(5532316,'juju_orders','id','80e799b7-e000-4440-97cb-adbb19054855','New','无法找到对应表中数据'),(5532317,'juju_orders_items','id','27bbd917-a35b-48c7-980a-2fabf723ee25','New','无法找到对应表中数据'),(5532318,'juju_orders','id','dc3bb9a3-a293-4470-8c31-165431ca41df','New','无法找到对应表中数据'),(5532319,'juju_orders_items','id','9b820ee7-48b7-41c6-a9a0-4a8af4e4fe5b','New','无法找到对应表中数据'),(5532320,'juju_orders_items','id','5139d4f4-c2c6-477f-8de5-1d4739cbe67d','Update','无法找到对应表中数据'),(5532321,'juju_orders','id','ade3d8c3-f939-44a2-b6ab-55e10c95ab03','Update','无法找到对应表中数据'),(5532322,'juju_orders','id','ade3d8c3-f939-44a2-b6ab-55e10c95ab03','Update','无法找到对应表中数据'),(5532323,'juju_orders','id','d763d575-4068-441e-8dd8-593d344a56ea','New','无法找到对应表中数据'),(5532324,'juju_orders_items','id','e2322739-6bf8-4a61-b11d-82033d5f68d1','New','无法找到对应表中数据'),(5532325,'juju_orders','id','5e54dace-4dec-4355-8f7d-1d5681d4c44c','New','无法找到对应表中数据'),(5532326,'juju_orders_items','id','581d6c4d-add2-4baa-a890-fd8039c2edd5','New','无法找到对应表中数据'),(5532327,'juju_orders_items','id','dd1fc9aa-75d5-432d-800f-da179176f521','New','无法找到对应表中数据'),(5532328,'juju_orders_items','id','581d6c4d-add2-4baa-a890-fd8039c2edd5','Update','无法找到对应表中数据'),(5532329,'juju_orders_items','id','581d6c4d-add2-4baa-a890-fd8039c2edd5','Update','无法找到对应表中数据'),(5532330,'juju_orders','id','5e54dace-4dec-4355-8f7d-1d5681d4c44c','Update','无法找到对应表中数据'),(5532331,'juju_orders','id','5e54dace-4dec-4355-8f7d-1d5681d4c44c','Update','无法找到对应表中数据'),(5532332,'juju_orders','id','5e54dace-4dec-4355-8f7d-1d5681d4c44c','Update','无法找到对应表中数据'),(5532333,'juju_orders','id','5e54dace-4dec-4355-8f7d-1d5681d4c44c','Update','无法找到对应表中数据'),(5532334,'juju_orders','id','5e54dace-4dec-4355-8f7d-1d5681d4c44c','Update','无法找到对应表中数据'),(5532335,'juju_orders','id','cf76080c-d7c2-418b-8824-04a0eff27d57','New','无法找到对应表中数据'),(5532336,'juju_orders_items','id','f564ca49-cb83-4127-9e2d-065665b4654b','New','无法找到对应表中数据'),(5532337,'juju_orders','id','acd05a40-9f32-4e30-808e-e6d3ea00edf4','New','无法找到对应表中数据'),(5532338,'juju_orders_items','id','8a5efb0c-1cfd-4f0c-b0db-b26da884297a','New','无法找到对应表中数据'),(5532339,'juju_orders','id','fa54a0b8-8e70-4af0-85d3-7b3cf4937c26','New','无法找到对应表中数据'),(5532340,'juju_orders_items','id','1b0e198c-66db-4b23-8a46-f5eb0a340ed5','New','无法找到对应表中数据'),(5532341,'juju_orders','id','8ce47269-0223-49f6-b32b-7cdeb3f32864','New','无法找到对应表中数据'),(5532342,'juju_orders_items','id','58c8491c-bf42-4eb9-ada4-a11f7f8c000a','New','无法找到对应表中数据'),(5532343,'juju_orders','id','74a0b7dc-52f4-4aeb-9f99-57bdd75c09ef','New','无法找到对应表中数据'),(5532344,'juju_orders_items','id','5aa1700e-3399-432e-a5df-e608c075d845','New','无法找到对应表中数据'),(5532345,'juju_orders_items','id','020bc83e-d20a-11e4-93f9-005056c00008','Update','无法找到对应表中数据'),(5532346,'juju_orders_items','id','8a5efb0c-1cfd-4f0c-b0db-b26da884297a','Update','无法找到对应表中数据'),(5532347,'juju_orders_items','id','f564ca49-cb83-4127-9e2d-065665b4654b','Update','无法找到对应表中数据'),(5532348,'juju_orders_items','id','1b0e198c-66db-4b23-8a46-f5eb0a340ed5','Update','无法找到对应表中数据'),(5532349,'juju_orders_items','id','581d6c4d-add2-4baa-a890-fd8039c2edd5','Update','无法找到对应表中数据'),(5532350,'juju_orders_items','id','5aa1700e-3399-432e-a5df-e608c075d845','Update','无法找到对应表中数据'),(5532351,'juju_orders','id','df931a07-094b-4e89-9598-90b4dc8c584e','New','无法找到对应表中数据'),(5532352,'juju_orders_items','id','63929029-c037-47f1-9e74-4f4c3c84833f','New','无法找到对应表中数据'),(5532353,'juju_orders','id','557e8484-bc41-408b-80a5-2546b576efcb','New','无法找到对应表中数据'),(5532354,'juju_orders_items','id','b09a3113-5b9b-4486-a4ee-38be0d3b33a9','New','无法找到对应表中数据'),(5532355,'juju_orders_items','id','9319a7ae-8779-4af0-a18e-8d5753e30d5e','New','无法找到对应表中数据'),(5532356,'juju_orders_items','id','9319a7ae-8779-4af0-a18e-8d5753e30d5e','Update','无法找到对应表中数据'),(5532357,'juju_orders_items','id','9319a7ae-8779-4af0-a18e-8d5753e30d5e','Update','无法找到对应表中数据'),(5532358,'juju_orders_items','id','9319a7ae-8779-4af0-a18e-8d5753e30d5e','Update','无法找到对应表中数据'),(5532359,'juju_orders_items','id','9319a7ae-8779-4af0-a18e-8d5753e30d5e','Update','无法找到对应表中数据'),(5532360,'juju_orders_items','id','b09a3113-5b9b-4486-a4ee-38be0d3b33a9','Update','无法找到对应表中数据'),(5532361,'juju_orders_items','id','63929029-c037-47f1-9e74-4f4c3c84833f','Update','无法找到对应表中数据'),(5532362,'juju_orders_items','id','dd1fc9aa-75d5-432d-800f-da179176f521','Update','无法找到对应表中数据'),(5532363,'juju_orders','id','1b44d37a-94ad-4422-8671-c543d25f8f83','New','无法找到对应表中数据'),(5532364,'juju_orders_items','id','471136c5-395d-4a10-959f-e2f78254c9f2','New','无法找到对应表中数据'),(5532365,'juju_orders_items','id','9b820ee7-48b7-41c6-a9a0-4a8af4e4fe5b','Update','无法找到对应表中数据'),(5532366,'juju_orders','id','af634307-71d1-4116-be0c-2e03c30e6201','New','无法找到对应表中数据'),(5532367,'juju_orders_items','id','83667eba-d6f2-4338-9c92-fabe8882a5e4','New','无法找到对应表中数据'),(5532368,'juju_orders','id','d92f89f5-7420-413d-abb6-3553b2907869','New','无法找到对应表中数据'),(5532369,'juju_orders_items','id','43aa62d0-54fd-494c-ad9c-af6fecdaad1f','New','无法找到对应表中数据'),(5532370,'juju_orders_items','id','43aa62d0-54fd-494c-ad9c-af6fecdaad1f','Update','无法找到对应表中数据'),(5532371,'juju_orders','id','60696e68-8534-4317-a2c4-29e399422b3f','New','无法找到对应表中数据'),(5532372,'juju_orders_items','id','892df64a-9567-4d39-ad86-69ab8f3eda18','New','无法找到对应表中数据'),(5532373,'juju_orders_items','id','892df64a-9567-4d39-ad86-69ab8f3eda18','Update','无法找到对应表中数据'),(5532374,'juju_orders','id','922c4f3b-bb1b-417f-be3b-2841e783da40','New','无法找到对应表中数据'),(5532375,'juju_orders_items','id','d4f4fad5-1022-4a4f-b734-c7700666c1e4','New','无法找到对应表中数据'),(5532376,'juju_orders','id','b1823173-cc5c-4f53-a82b-6e8ca8641e3b','New','无法找到对应表中数据'),(5532377,'juju_orders_items','id','65f5d74d-502d-4017-8ccc-44e70e4c5f94','New','无法找到对应表中数据'),(5532378,'juju_orders_items','id','65f5d74d-502d-4017-8ccc-44e70e4c5f94','Update','无法找到对应表中数据'),(5532379,'juju_orders','id','98c32169-6e69-4604-a09b-8d482ade11c3','New','无法找到对应表中数据'),(5532380,'juju_orders_items','id','394c4087-bd75-4bb3-b49b-90b55f20e426','New','无法找到对应表中数据'),(5532381,'juju_orders','id','5be499b7-6b7b-4620-a4dc-83540e91b6e9','New','无法找到对应表中数据'),(5532382,'juju_orders_items','id','d5f61210-f9a6-4593-b857-d7bbeeb2d77b','New','无法找到对应表中数据'),(5532383,'juju_orders','id','14e38d5a-2846-49de-862c-3837c6b1273e','New','无法找到对应表中数据'),(5532384,'juju_orders_items','id','ae266e16-129d-4cb0-ac42-2ed34cfa30c5','New','无法找到对应表中数据'),(5532385,'juju_orders_items','id','d5f61210-f9a6-4593-b857-d7bbeeb2d77b','Update','无法找到对应表中数据'),(5532386,'juju_orders','id','5ebc7703-137d-4e35-8d5a-d63b9bdd92ca','New','无法找到对应表中数据'),(5532387,'juju_orders_items','id','4302fdf2-6613-4c29-97c2-36e6b485e02b','New','无法找到对应表中数据'),(5532398,'juju_orders','id','e7c43d7a-2f49-4429-ad88-32d2df00d4ff','New','无法找到对应表中数据'),(5532399,'juju_orders_items','id','8039850f-df99-48dd-8f53-03c9621c5182','New','无法找到对应表中数据'),(5532400,'juju_orders','id','7ed8205d-78d4-4738-ad8b-100960270f24','New','无法找到对应表中数据'),(5532401,'juju_orders_items','id','004c35a0-1562-4829-a9e1-28f1c26ca505','New','无法找到对应表中数据'),(5532402,'juju_orders_items','id','5139d4f4-c2c6-477f-8de5-1d4739cbe67d','Update','无法找到对应表中数据'),(5532403,'juju_orders_items','id','23c1d0d5-8e9d-4c7d-88be-49a6f63f488a','Update','无法找到对应表中数据'),(5532404,'juju_orders','id','dbee05d7-eb47-4456-83c9-0f56ceb498e4','New','无法找到对应表中数据'),(5532405,'juju_orders_items','id','731e43c8-a1df-4c12-9113-1ce46476cd26','New','无法找到对应表中数据'),(5532406,'juju_orders','id','81b66f1c-2e21-4b75-8ed8-df408e1d8a76','New','无法找到对应表中数据'),(5532407,'juju_orders_items','id','54357d59-603a-4adb-b31b-9e02bd000538','New','无法找到对应表中数据'),(5532408,'juju_orders','id','e0a714e2-df20-4ecc-8a14-09f4e23c084c','New','无法找到对应表中数据'),(5532409,'juju_orders_items','id','74ee326b-c14c-4433-8ffb-8946853c58b1','New','无法找到对应表中数据'),(5532410,'juju_orders','id','50d54cd1-801e-4d90-b60e-5d02ceebae27','New','无法找到对应表中数据'),(5532411,'juju_orders_items','id','738bd171-708f-4f7f-8967-eec28f304e1e','New','无法找到对应表中数据'),(5532412,'juju_orders_items','id','738bd171-708f-4f7f-8967-eec28f304e1e','Update','无法找到对应表中数据'),(5532413,'juju_orders','id','85fc0861-e123-4213-a4c3-4a45c2ff214b','New','无法找到对应表中数据'),(5532414,'juju_orders_items','id','2495a3c1-78c6-40c7-b84c-046e37695766','New','无法找到对应表中数据'),(5532415,'juju_orders_items','id','2495a3c1-78c6-40c7-b84c-046e37695766','Update','无法找到对应表中数据'),(5532416,'juju_orders','id','550386d5-b8b8-47a4-a73f-5e01e35362d3','New','无法找到对应表中数据'),(5532417,'juju_orders_items','id','29c03c53-05a4-4f23-a27d-c87eddb1069e','New','无法找到对应表中数据'),(5532418,'juju_orders_items','id','29c03c53-05a4-4f23-a27d-c87eddb1069e','Update','无法找到对应表中数据'),(5532419,'juju_orders_items','id','58c8491c-bf42-4eb9-ada4-a11f7f8c000a','Update','无法找到对应表中数据'),(5532420,'juju_orders_items','id','394c4087-bd75-4bb3-b49b-90b55f20e426','Update','无法找到对应表中数据'),(5532421,'juju_orders','id','d6c45931-2724-4ac5-8a9f-c7094bd00199','New','无法找到对应表中数据'),(5532422,'juju_orders_items','id','eeb2e14c-ca20-4991-abf1-d951b54655d2','New','无法找到对应表中数据'),(5532423,'juju_orders_items','id','eeb2e14c-ca20-4991-abf1-d951b54655d2','Update','无法找到对应表中数据'),(5532424,'juju_orders_items','id','b035a2cb-1633-4173-957e-4c1ffe2ed9a4','New','无法找到对应表中数据'),(5532425,'juju_orders_items','id','b035a2cb-1633-4173-957e-4c1ffe2ed9a4','Update','无法找到对应表中数据'),(5532530,'juju_orders','id','dc181a97-c4a0-47a0-9a15-fe28b132dcdf','New','无法找到对应表中数据'),(5532531,'juju_orders_items','id','df827a03-4900-4262-9f69-f086976eae0b','New','无法找到对应表中数据'),(5532532,'juju_orders_items','id','df827a03-4900-4262-9f69-f086976eae0b','Update','无法找到对应表中数据'),(5532533,'juju_orders_items','id','aad59d48-47dd-4743-ae76-874169154bff','New','无法找到对应表中数据'),(5532534,'juju_orders_items','id','aad59d48-47dd-4743-ae76-874169154bff','Update','无法找到对应表中数据'),(5532535,'juju_orders','id','dc181a97-c4a0-47a0-9a15-fe28b132dcdf','Delete','None of the configured nodes are available: []'),(5532536,'juju_orders_items','id','aad59d48-47dd-4743-ae76-874169154bff','Delete','None of the configured nodes are available: []'),(5532537,'juju_orders_items','id','df827a03-4900-4262-9f69-f086976eae0b','Delete','None of the configured nodes are available: []'),(5532538,'juju_orders','id','05aa9465-ced9-4542-89a1-ace15849fb17','New','无法找到对应表中数据'),(5532539,'juju_orders_items','id','23abf3e7-e8c7-428a-ad89-1e12377b6d6b','New','无法找到对应表中数据'),(5532540,'juju_orders_items','id','23abf3e7-e8c7-428a-ad89-1e12377b6d6b','Update','无法找到对应表中数据'),(5532541,'juju_orders','id','84b72290-5b5a-4c4d-996b-5b64c6680e71','New','无法找到对应表中数据'),(5532542,'juju_orders_items','id','47d511f5-b8d7-4c8f-a3a3-539eae4f84ef','New','无法找到对应表中数据'),(5532543,'juju_orders_items','id','47d511f5-b8d7-4c8f-a3a3-539eae4f84ef','Update','无法找到对应表中数据'),(5532544,'juju_orders_items','id','87947c2c-ea8f-4a0c-ac48-6b75b9a9a45c','New','无法找到对应表中数据'),(5532545,'juju_orders_items','id','87947c2c-ea8f-4a0c-ac48-6b75b9a9a45c','Update','无法找到对应表中数据'),(5532546,'juju_orders','id','e1241ff4-3332-4fa1-a214-61878183bf35','New','无法找到对应表中数据'),(5532547,'juju_orders_items','id','759308dd-cfa4-46da-8628-9514d5524080','New','无法找到对应表中数据'),(5532548,'juju_orders','id','cd3c8e54-61ec-4f93-83de-9bf1079971e8','New','无法找到对应表中数据'),(5532549,'juju_orders_items','id','b83c0041-16e2-4841-b2ea-ad7722967aa4','New','无法找到对应表中数据'),(5532550,'juju_orders_items','id','b83c0041-16e2-4841-b2ea-ad7722967aa4','Update','无法找到对应表中数据'),(5532551,'juju_orders_items','id','759308dd-cfa4-46da-8628-9514d5524080','Update','无法找到对应表中数据'),(5532552,'juju_orders','id','a3c539f2-6f4d-401b-b096-928c3a5c5573','New','无法找到对应表中数据'),(5532553,'juju_orders_items','id','82ed7357-ac2d-43a9-98d1-9682c8a31a18','New','无法找到对应表中数据'),(5532554,'juju_orders_items','id','4302fdf2-6613-4c29-97c2-36e6b485e02b','Update','无法找到对应表中数据'),(5532555,'juju_orders','id','4ba59af9-dc02-4c82-a422-c6f4e2f192f1','New','无法找到对应表中数据'),(5532556,'juju_orders_items','id','abc489f8-0f7a-4744-bfff-c0b1465fabb3','New','无法找到对应表中数据'),(5532557,'juju_orders_items','id','82ed7357-ac2d-43a9-98d1-9682c8a31a18','Update','无法找到对应表中数据'),(5532558,'juju_orders','id','02319f25-ef1f-462b-94c9-1ac7b2dc93bd','New','无法找到对应表中数据'),(5532559,'juju_orders_items','id','1b547c0a-9727-4bf9-8562-012f74a74d21','New','无法找到对应表中数据'),(5532560,'juju_orders_items','id','1b547c0a-9727-4bf9-8562-012f74a74d21','Update','无法找到对应表中数据'),(5532561,'juju_orders_items','id','4b89c930-ef7b-4c01-bbc4-e0f39c1ab2b6','New','无法找到对应表中数据'),(5532562,'juju_orders_items','id','4b89c930-ef7b-4c01-bbc4-e0f39c1ab2b6','Update','无法找到对应表中数据'),(5532563,'juju_orders','id','fca0e5b9-e030-479f-b757-e61f60f5e9c5','New','无法找到对应表中数据'),(5532564,'juju_orders','id','78a0e010-d79e-4cb3-8dd9-59e343726b53','New','无法找到对应表中数据'),(5532565,'juju_orders','id','72241c97-1f18-4562-990a-62bea7f80d02','New','无法找到对应表中数据'),(5532566,'juju_orders','id','0c3bf5d5-be06-4a31-8c2d-b707d1d3f5c5','New','无法找到对应表中数据'),(5532567,'juju_orders','id','d95ed5bb-122f-4c3b-8abf-72759e26a994','New','无法找到对应表中数据'),(5532568,'juju_orders','id','f2112709-f360-4099-aebe-1db9273c3d48','New','无法找到对应表中数据'),(5532569,'juju_orders','id','5ca8299b-a567-4c07-bff7-5147866bab83','New','无法找到对应表中数据'),(5532570,'juju_orders','id','ac74f20d-82ef-4910-8970-514172a5ab05','New','无法找到对应表中数据'),(5532571,'juju_orders','id','81813563-d8d9-4bc9-b56b-2011110d3c74','New','无法找到对应表中数据'),(5532572,'juju_orders','id','0d526264-b714-45a1-ad01-d008faef4146','New','无法找到对应表中数据'),(5532573,'juju_orders','id','cc6066e0-e7e3-48ee-8a76-725e54c34791','New','无法找到对应表中数据'),(5532574,'juju_orders','id','b3852724-2bcb-4ac1-bb28-c882d8d927f4','New','无法找到对应表中数据'),(5532575,'juju_orders','id','49353ca9-e2e1-4095-aac6-a6fac73754fd','New','无法找到对应表中数据'),(5532576,'juju_orders_items','id','86847479-53b3-4c0a-b8cf-1924a6ac0ba2','New','无法找到对应表中数据'),(5532577,'juju_orders_items','id','34d84e0f-8bc5-4710-8bae-7c9972faae49','New','无法找到对应表中数据'),(5532578,'juju_orders','id','aa92e6a0-2b7d-4624-9313-1477adcaeab8','New','无法找到对应表中数据'),(5532579,'juju_orders_items','id','83281f30-f3ed-48fd-81db-a6f3b49f7863','New','无法找到对应表中数据'),(5532580,'juju_orders_items','id','83281f30-f3ed-48fd-81db-a6f3b49f7863','Update','无法找到对应表中数据'),(5532581,'juju_orders','id','5472aad8-8535-4f0f-9971-0d36cff08364','New','无法找到对应表中数据'),(5532582,'juju_orders_items','id','aea35f21-0cd4-41fe-8a7f-81bc5fae1931','New','无法找到对应表中数据'),(5532583,'juju_orders_items','id','aea35f21-0cd4-41fe-8a7f-81bc5fae1931','Update','无法找到对应表中数据'),(5532584,'juju_orders','id','f7e87e40-cd5c-431d-9fb9-06e4a21218a9','New','无法找到对应表中数据'),(5532585,'juju_orders_items','id','0817737a-7921-4075-8d40-babc62457a55','New','无法找到对应表中数据'),(5532586,'juju_orders','id','d853a867-ef96-4be4-bbcc-4715f6ab4b60','New','无法找到对应表中数据'),(5532587,'juju_orders_items','id','9e4ceec5-de1b-4e14-bfa5-c538831ffb9e','New','无法找到对应表中数据'),(5532588,'juju_orders','id','6a5d70a0-0ff3-4921-961b-e74ba099f5e2','New','无法找到对应表中数据'),(5532589,'juju_orders','id','729fa7e3-91a8-4b94-b67a-d0c846e4cd06','New','无法找到对应表中数据'),(5532590,'juju_orders','id','de9f4752-1a71-4fa4-894b-3301d0215cb9','New','无法找到对应表中数据'),(5532591,'juju_orders','id','410ffe1d-4b6c-4de0-8d0e-6f02f8385269','New','无法找到对应表中数据'),(5532592,'juju_orders','id','ad2bd228-d3fb-435b-a883-6b14a8a18def','New','无法找到对应表中数据'),(5532593,'juju_orders','id','4a4acf9c-6e86-4040-b2f2-e81803ccc92c','New','无法找到对应表中数据'),(5532594,'juju_orders','id','10c3a23a-3679-4cde-b202-f392ef4ee845','New','无法找到对应表中数据'),(5532595,'juju_orders','id','78599728-2a2a-4e1c-8620-e53b78eb8cfb','New','无法找到对应表中数据'),(5532596,'juju_orders','id','440c651d-54ca-4a02-aa12-588580809de4','New','无法找到对应表中数据'),(5532597,'juju_orders','id','e8c731cc-3aaa-4cdb-a646-ae8ab6f44021','New','无法找到对应表中数据'),(5532598,'juju_orders','id','54916b47-86dc-41b0-8f48-377848c08118','New','无法找到对应表中数据'),(5532599,'juju_orders','id','1bff9e45-b70a-4c01-92ba-2b43b16633e6','New','无法找到对应表中数据'),(5532600,'juju_orders','id','f91507c3-0521-4dd3-9190-0b7d270a384e','New','无法找到对应表中数据'),(5532601,'juju_orders','id','669e4694-f7ba-4f0a-99c9-8cab18aa2bb1','New','无法找到对应表中数据'),(5532602,'juju_orders_items','id','889f0265-2361-4edf-a300-3f6f5a5cae51','New','无法找到对应表中数据'),(5532603,'juju_orders_items','id','889f0265-2361-4edf-a300-3f6f5a5cae51','Update','无法找到对应表中数据'),(5532604,'juju_orders','id','f849531d-9fdf-4129-a716-101c20204db6','New','无法找到对应表中数据'),(5532605,'juju_orders_items','id','680fd014-fd09-4ce9-ab60-6e27d1fd9d99','New','无法找到对应表中数据'),(5532606,'juju_orders_items','id','680fd014-fd09-4ce9-ab60-6e27d1fd9d99','Update','无法找到对应表中数据'),(5532607,'juju_orders','id','acba705a-f42c-4277-915a-f8b6cf2ff90f','New','无法找到对应表中数据'),(5532608,'juju_orders_items','id','eeb2ab42-7f78-4229-8dca-4abe9709a093','New','无法找到对应表中数据'),(5532609,'juju_orders','id','02319f25-ef1f-462b-94c9-1ac7b2dc93bd','Delete','None of the configured nodes are available: []'),(5532610,'juju_orders','id','05aa9465-ced9-4542-89a1-ace15849fb17','Delete','None of the configured nodes are available: []'),(5532611,'juju_orders','id','669e4694-f7ba-4f0a-99c9-8cab18aa2bb1','Delete','None of the configured nodes are available: []'),(5532612,'juju_orders','id','aa92e6a0-2b7d-4624-9313-1477adcaeab8','Delete','None of the configured nodes are available: []'),(5532613,'juju_orders_items','id','1b547c0a-9727-4bf9-8562-012f74a74d21','Delete','None of the configured nodes are available: []'),(5532614,'juju_orders_items','id','23abf3e7-e8c7-428a-ad89-1e12377b6d6b','Delete','None of the configured nodes are available: []'),(5532615,'juju_orders_items','id','4b89c930-ef7b-4c01-bbc4-e0f39c1ab2b6','Delete','None of the configured nodes are available: []'),(5532616,'juju_orders_items','id','83281f30-f3ed-48fd-81db-a6f3b49f7863','Delete','None of the configured nodes are available: []'),(5532617,'juju_orders_items','id','889f0265-2361-4edf-a300-3f6f5a5cae51','Delete','None of the configured nodes are available: []'),(5532618,'juju_orders','id','2675c424-e15b-47a7-8acb-bbabf7e7eb2e','New','无法找到对应表中数据'),(5532619,'juju_orders_items','id','2f103ba3-6bbd-4d9e-97ca-bd9e2f5cb019','New','无法找到对应表中数据'),(5532620,'juju_orders_items','id','2f103ba3-6bbd-4d9e-97ca-bd9e2f5cb019','Update','无法找到对应表中数据'),(5532621,'juju_orders','id','2675c424-e15b-47a7-8acb-bbabf7e7eb2e','Update','无法找到对应表中数据'),(5532622,'juju_orders','id','2675c424-e15b-47a7-8acb-bbabf7e7eb2e','Update','无法找到对应表中数据'),(5532623,'juju_orders','id','2675c424-e15b-47a7-8acb-bbabf7e7eb2e','Update','无法找到对应表中数据'),(5532624,'juju_orders','id','2675c424-e15b-47a7-8acb-bbabf7e7eb2e','Update','无法找到对应表中数据'),(5532625,'juju_orders','id','2675c424-e15b-47a7-8acb-bbabf7e7eb2e','Update','无法找到对应表中数据'),(5532626,'juju_orders_items','id','2f103ba3-6bbd-4d9e-97ca-bd9e2f5cb019','Update','无法找到对应表中数据'),(5532627,'juju_orders','id','2675c424-e15b-47a7-8acb-bbabf7e7eb2e','Update','无法找到对应表中数据'),(5532628,'juju_orders_items','id','2f103ba3-6bbd-4d9e-97ca-bd9e2f5cb019','Update','无法找到对应表中数据'),(5532629,'juju_orders','id','2675c424-e15b-47a7-8acb-bbabf7e7eb2e','Update','无法找到对应表中数据'),(5532630,'juju_orders_items','id','2f103ba3-6bbd-4d9e-97ca-bd9e2f5cb019','Update','无法找到对应表中数据'),(5532631,'juju_orders','id','2675c424-e15b-47a7-8acb-bbabf7e7eb2e','Update','无法找到对应表中数据'),(5532632,'juju_orders_items','id','2f103ba3-6bbd-4d9e-97ca-bd9e2f5cb019','Update','无法找到对应表中数据'),(5532633,'juju_orders','id','2675c424-e15b-47a7-8acb-bbabf7e7eb2e','Update','无法找到对应表中数据'),(5532634,'juju_orders_items','id','2f103ba3-6bbd-4d9e-97ca-bd9e2f5cb019','Update','无法找到对应表中数据'),(5532635,'juju_orders','id','2675c424-e15b-47a7-8acb-bbabf7e7eb2e','Update','无法找到对应表中数据'),(5532636,'juju_orders_items','id','2f103ba3-6bbd-4d9e-97ca-bd9e2f5cb019','Update','无法找到对应表中数据'),(5532637,'juju_orders','id','2675c424-e15b-47a7-8acb-bbabf7e7eb2e','Update','无法找到对应表中数据'),(5532638,'juju_orders','id','2675c424-e15b-47a7-8acb-bbabf7e7eb2e','Update','无法找到对应表中数据'),(5532639,'juju_orders_items','id','2f103ba3-6bbd-4d9e-97ca-bd9e2f5cb019','Update','无法找到对应表中数据'),(5532640,'juju_orders','id','2675c424-e15b-47a7-8acb-bbabf7e7eb2e','Update','无法找到对应表中数据'),(5532641,'juju_orders_items','id','2f103ba3-6bbd-4d9e-97ca-bd9e2f5cb019','Update','无法找到对应表中数据'),(5532642,'juju_orders','id','2675c424-e15b-47a7-8acb-bbabf7e7eb2e','Update','无法找到对应表中数据'),(5532643,'juju_orders_items','id','2f103ba3-6bbd-4d9e-97ca-bd9e2f5cb019','Update','无法找到对应表中数据'),(5532644,'juju_orders','id','2675c424-e15b-47a7-8acb-bbabf7e7eb2e','Update','无法找到对应表中数据'),(5532645,'juju_orders_items','id','2f103ba3-6bbd-4d9e-97ca-bd9e2f5cb019','Update','无法找到对应表中数据'),(5532646,'juju_orders','id','2675c424-e15b-47a7-8acb-bbabf7e7eb2e','Update','无法找到对应表中数据'),(5532647,'juju_orders_items','id','2f103ba3-6bbd-4d9e-97ca-bd9e2f5cb019','Update','无法找到对应表中数据'),(5532648,'juju_orders','id','2675c424-e15b-47a7-8acb-bbabf7e7eb2e','Update','无法找到对应表中数据'),(5532649,'juju_orders','id','2675c424-e15b-47a7-8acb-bbabf7e7eb2e','Update','无法找到对应表中数据'),(5532650,'juju_orders','id','2675c424-e15b-47a7-8acb-bbabf7e7eb2e','Update','无法找到对应表中数据'),(5532651,'juju_orders','id','2675c424-e15b-47a7-8acb-bbabf7e7eb2e','Update','无法找到对应表中数据'),(5532652,'juju_orders_items','id','2f103ba3-6bbd-4d9e-97ca-bd9e2f5cb019','Update','无法找到对应表中数据'),(5532653,'juju_orders_items','id','2f103ba3-6bbd-4d9e-97ca-bd9e2f5cb019','Update','无法找到对应表中数据'),(5532654,'juju_orders_items','id','2f103ba3-6bbd-4d9e-97ca-bd9e2f5cb019','Update','无法找到对应表中数据'),(5532655,'juju_orders','id','2675c424-e15b-47a7-8acb-bbabf7e7eb2e','Update','无法找到对应表中数据'),(5532656,'juju_orders_items','id','2f103ba3-6bbd-4d9e-97ca-bd9e2f5cb019','Update','无法找到对应表中数据'),(5532657,'juju_orders_items','id','2f103ba3-6bbd-4d9e-97ca-bd9e2f5cb019','Update','无法找到对应表中数据'),(5532658,'juju_orders','id','2675c424-e15b-47a7-8acb-bbabf7e7eb2e','Update','无法找到对应表中数据'),(5532659,'juju_orders_items','id','2f103ba3-6bbd-4d9e-97ca-bd9e2f5cb019','Update','无法找到对应表中数据'),(5532660,'juju_orders','id','f5594b35-b7f3-476f-b8f6-795e87d59eba','New','无法找到对应表中数据'),(5532661,'juju_orders_items','id','7fe592f4-b92d-4d44-a686-e6b9a5bfa51d','New','无法找到对应表中数据'),(5532662,'juju_orders','id','faca78d2-58ef-4b54-b4b2-6a2b8929e9a9','New','无法找到对应表中数据'),(5532663,'juju_orders_items','id','3fb26008-f119-42ee-9afc-f3c01add71a0','New','无法找到对应表中数据'),(5532664,'juju_orders','id','4376b1fa-f408-4a2a-8a7d-a4733c1c8bd6','New','无法找到对应表中数据'),(5532665,'juju_orders_items','id','d214dd0c-e0b0-467c-bf47-cd4d6c1ea557','New','无法找到对应表中数据'),(5532666,'juju_orders_items','id','d214dd0c-e0b0-467c-bf47-cd4d6c1ea557','Update','无法找到对应表中数据'),(5532667,'juju_orders_items','id','ba5acf77-7320-4771-9412-6b8b4e1ac5ef','New','无法找到对应表中数据'),(5532668,'juju_orders_items','id','ba5acf77-7320-4771-9412-6b8b4e1ac5ef','Update','无法找到对应表中数据'),(5532669,'juju_orders','id','40eed1fc-8a64-4b9b-b019-46fb71eb75ef','New','无法找到对应表中数据'),(5532670,'juju_orders_items','id','8158ec0d-8900-46c5-b732-fba35e4a9f48','New','无法找到对应表中数据'),(5532671,'juju_orders_items','id','8158ec0d-8900-46c5-b732-fba35e4a9f48','Update','无法找到对应表中数据'),(5532672,'juju_orders','id','3cacc65c-5116-4549-b0a1-e1301fd2f54d','New','无法找到对应表中数据'),(5532673,'juju_orders','id','2675c424-e15b-47a7-8acb-bbabf7e7eb2e','Update','无法找到对应表中数据'),(5532674,'juju_orders_items','id','2f103ba3-6bbd-4d9e-97ca-bd9e2f5cb019','Update','无法找到对应表中数据'),(5532675,'juju_orders','id','82a2b2fa-b2fb-40a4-8ca9-5db94fdee011','New','无法找到对应表中数据'),(5532676,'juju_orders_items','id','7ce2dade-b018-48e3-8a0b-0951d60856fd','New','无法找到对应表中数据'),(5532677,'juju_orders','id','03a43d12-bac6-4dd4-a5dd-6ac6b7edb6d1','New','无法找到对应表中数据'),(5532678,'juju_orders','id','1ba2d23d-ba27-4dee-8347-d4c1c007d1a9','New','无法找到对应表中数据'),(5532679,'juju_orders','id','a11280f0-bf7d-449b-9b84-d80f9118d6f8','New','无法找到对应表中数据'),(5532680,'juju_orders','id','15338468-e088-4cf4-9559-0db38ecfbec3','New','无法找到对应表中数据'),(5532681,'juju_orders','id','a00eec29-0922-4d0d-817b-42fe0c4420aa','New','无法找到对应表中数据'),(5532682,'juju_orders','id','3ba93b81-3e17-4f3b-b19f-eb361c4018ac','New','无法找到对应表中数据'),(5532683,'juju_orders','id','f9b89304-ec09-41bd-aad3-54fbd489ca94','New','无法找到对应表中数据'),(5532684,'juju_orders_items','id','2c121807-178d-4e44-9aa1-457b88d6bd76','New','无法找到对应表中数据'),(5532685,'juju_orders','id','1ef9832b-5602-430f-8db5-88e4ce453512','New','无法找到对应表中数据'),(5532686,'juju_orders_items','id','4ef6dc75-0b55-4099-94f0-a51e5c06004c','New','无法找到对应表中数据'),(5532687,'juju_orders','id','2c14aee1-df6b-4f15-8288-567a9e8e44c4','New','无法找到对应表中数据'),(5532688,'juju_orders_items','id','b860c4c9-fdce-4202-ae65-1e88c411420c','New','无法找到对应表中数据'),(5532689,'juju_orders','id','cd01c7c7-b8c4-47b3-ae9a-bd321f3857ae','New','无法找到对应表中数据'),(5532690,'juju_orders_items','id','5e222927-d57e-4de9-bb47-06f10e066938','New','无法找到对应表中数据'),(5532691,'juju_orders','id','99e6d3fd-7e46-4ba6-8c13-d8998cbe58e3','New','无法找到对应表中数据'),(5532692,'juju_orders_items','id','2e396abc-68e6-4976-9823-cbbc089b2cf0','New','无法找到对应表中数据'),(5532693,'juju_orders','id','c57bb308-3d8a-4968-bd7b-8f22cc844bfe','New','无法找到对应表中数据'),(5532694,'juju_orders_items','id','7c72f502-622b-446e-a9a4-a0355827b53c','New','无法找到对应表中数据'),(5532695,'juju_orders','id','067e24b1-1e57-4a0a-8830-101b34b26bf1','New','无法找到对应表中数据'),(5532696,'juju_orders_items','id','bb6e6beb-a7d3-4291-b13e-677f1210456f','New','无法找到对应表中数据'),(5532697,'juju_orders_items','id','20dcbb97-12c7-4b42-b27b-e92372a45646','New','无法找到对应表中数据'),(5532698,'juju_orders','id','4155878a-208a-4027-bfac-bff07bf5bcfd','New','无法找到对应表中数据'),(5532699,'juju_orders_items','id','d4736238-73af-4c80-b336-dd97033728c0','New','无法找到对应表中数据'),(5532700,'juju_orders','id','c8c929da-dc8e-4aa2-b335-bd886521fc2f','New','无法找到对应表中数据'),(5532701,'juju_orders_items','id','e947fd81-c154-4138-bb56-bbf0388db77a','New','无法找到对应表中数据'),(5532702,'juju_orders','id','682ac5cf-37f3-462d-b899-6bd32b0af8e3','New','无法找到对应表中数据'),(5532703,'juju_orders_items','id','da45da12-9555-4315-b130-a2023a7c8585','New','无法找到对应表中数据'),(5532704,'juju_orders_items','id','da45da12-9555-4315-b130-a2023a7c8585','Update','无法找到对应表中数据'),(5532705,'juju_orders','id','3d13956c-9bb7-4487-a730-24a02df41def','New','无法找到对应表中数据'),(5532706,'juju_orders_items','id','ff46aa9f-fd86-4492-91df-dba8966649cd','New','无法找到对应表中数据'),(5532707,'juju_orders_items','id','ff46aa9f-fd86-4492-91df-dba8966649cd','Update','无法找到对应表中数据'),(5532708,'juju_orders','id','c9756f33-187c-4d77-94cb-1df87f274dc5','New','无法找到对应表中数据'),(5532709,'juju_orders_items','id','2cc270b3-969b-4cdf-87bb-39bf3d642e90','New','无法找到对应表中数据'),(5532710,'juju_orders','id','d6151971-ea2b-4ad7-a650-0f595181cde3','New','无法找到对应表中数据'),(5532711,'juju_orders_items','id','6e82ffde-ef39-4b6b-8a97-febc59bd4fb0','New','无法找到对应表中数据'),(5532712,'juju_orders','id','db82a21a-e4ea-49cb-8467-100e739c9d7b','New','无法找到对应表中数据'),(5532713,'juju_orders_items','id','e67051fd-6283-49d5-8806-588f50e6f318','New','无法找到对应表中数据'),(5532714,'juju_orders_items','id','e67051fd-6283-49d5-8806-588f50e6f318','Update','无法找到对应表中数据'),(5532715,'juju_orders','id','9020245e-0c7d-454d-9d9e-ba63a7313a44','New','无法找到对应表中数据'),(5532716,'juju_orders_items','id','223432b6-09f3-4bd9-9fee-bbfa33a29096','New','无法找到对应表中数据'),(5532717,'juju_orders','id','607b94ca-6b82-4b4c-ab2d-148f724bb3ea','New','无法找到对应表中数据'),(5532718,'juju_orders_items','id','21718525-b176-4657-9fb0-68c04beb5a3d','New','无法找到对应表中数据'),(5532719,'juju_orders','id','b210be7d-e3b8-4db5-9f45-4c6c8ba71dcc','New','无法找到对应表中数据'),(5532720,'juju_orders_items','id','ac29a5e9-c8d4-4355-83a5-82835bbc1e65','New','无法找到对应表中数据'),(5532721,'juju_orders','id','ff74ea48-e235-4d0b-85c9-dca28415ea79','New','无法找到对应表中数据'),(5532722,'juju_orders_items','id','efefb4b5-4393-4963-82bb-c23b7fc5a7e3','New','无法找到对应表中数据'),(5532723,'juju_orders','id','52fbdbd8-702d-4454-bc4c-8c37cfc6e1be','New','无法找到对应表中数据'),(5532724,'juju_orders_items','id','91863d9b-af80-4b3a-af34-f9df00252d7b','New','无法找到对应表中数据'),(5532725,'juju_orders','id','83dd0acd-8139-4cce-9767-f890447fc6a8','New','无法找到对应表中数据'),(5532726,'juju_orders_items','id','7e7f3412-5067-4be0-97bb-b7cb04d221eb','New','无法找到对应表中数据'),(5532727,'juju_orders','id','680aca31-e8b7-4b74-806b-6f2662312545','New','无法找到对应表中数据'),(5532728,'juju_orders_items','id','b0e70702-87b0-4dc0-9fd4-870c01f4e314','New','无法找到对应表中数据'),(5532729,'juju_orders','id','2e6ec432-7eb3-4815-9b06-8818480a4025','New','无法找到对应表中数据'),(5532730,'juju_orders_items','id','5288cf36-775f-4a5c-95a7-7b800a82656c','New','无法找到对应表中数据'),(5532731,'juju_orders_items','id','5288cf36-775f-4a5c-95a7-7b800a82656c','Update','无法找到对应表中数据'),(5532732,'juju_orders','id','f41b9de4-802c-4630-9dfe-ae46defb09ed','New','无法找到对应表中数据'),(5532733,'juju_orders_items','id','dcb84649-8e9e-4f9d-89ff-840975cf0117','New','无法找到对应表中数据'),(5532734,'juju_orders','id','35b05e93-f4e4-418e-8761-678bed42de10','New','无法找到对应表中数据'),(5532735,'juju_orders_items','id','030b79ff-1798-4ac4-8843-db037931c358','New','无法找到对应表中数据'),(5532736,'juju_orders_items','id','030b79ff-1798-4ac4-8843-db037931c358','Update','无法找到对应表中数据'),(5532737,'juju_orders','id','b6a266f5-4c6e-401d-8e8b-dc52a3047523','New','无法找到对应表中数据'),(5532738,'juju_orders_items','id','2d363979-f1ee-4395-8fd1-509d51ef7c40','New','无法找到对应表中数据'),(5532739,'juju_orders','id','0be2cacb-aa86-4488-a13e-81e743498bab','New','无法找到对应表中数据'),(5532740,'juju_orders_items','id','72140eac-9b82-4846-bd4a-b5e07cf2dca7','New','无法找到对应表中数据'),(5532741,'juju_orders_items','id','72140eac-9b82-4846-bd4a-b5e07cf2dca7','Update','无法找到对应表中数据'),(5532742,'juju_orders','id','bfc9f5eb-55e7-43cb-a487-e9ec10c91980','New','无法找到对应表中数据'),(5532743,'juju_orders_items','id','715e7752-5ab3-4285-a797-722bdd31c522','New','无法找到对应表中数据'),(5532744,'juju_orders','id','0d6c6b54-d0b6-46db-8164-a9c8530536e4','New','无法找到对应表中数据'),(5532745,'juju_orders_items','id','09a0dda2-0d28-48a2-b5a5-aea3e215a8af','New','无法找到对应表中数据'),(5532746,'juju_orders_items','id','09a0dda2-0d28-48a2-b5a5-aea3e215a8af','Update','无法找到对应表中数据'),(5532747,'juju_orders','id','6d551e8a-ebc8-4789-8654-192ef4d575e6','New','无法找到对应表中数据'),(5532748,'juju_orders_items','id','7bf0ddc7-3ad4-46db-91ca-9312ffb89b98','New','无法找到对应表中数据'),(5532749,'juju_orders','id','c1d33f48-2138-46b5-b5c4-8fa24c3c3cb7','New','无法找到对应表中数据'),(5532750,'juju_orders_items','id','3e113671-c647-4e3a-8320-744f47e6feff','New','无法找到对应表中数据'),(5532751,'juju_orders_items','id','3e113671-c647-4e3a-8320-744f47e6feff','Update','无法找到对应表中数据'),(5532752,'juju_orders','id','0e723940-c20a-4ed9-9ef4-bacd77c4ff81','New','无法找到对应表中数据'),(5532753,'juju_orders_items','id','0a30cffa-01f8-4eba-9f4f-3cc20fdcaa02','New','无法找到对应表中数据'),(5532754,'juju_orders_items','id','0a30cffa-01f8-4eba-9f4f-3cc20fdcaa02','Update','无法找到对应表中数据'),(5532755,'juju_orders','id','afd9de74-37b0-46ca-8c51-ca534d2c57a0','New','无法找到对应表中数据'),(5532756,'juju_orders_items','id','17e8c7f7-be4d-4d73-9d3a-25147f42079e','New','无法找到对应表中数据'),(5532757,'juju_orders_items','id','17e8c7f7-be4d-4d73-9d3a-25147f42079e','Update','无法找到对应表中数据'),(5532758,'juju_orders','id','9d81065a-9916-4675-a486-cc5e1bef187b','New','无法找到对应表中数据'),(5532759,'juju_orders_items','id','0c32a650-87b4-4f04-9f6b-b6915c0ec16f','New','无法找到对应表中数据'),(5532760,'juju_orders','id','e2ea6388-6ad0-44bc-8dc4-bf27563f8f84','New','无法找到对应表中数据'),(5532761,'juju_orders_items','id','13f6ce69-e627-4efd-8425-36547aadf21e','New','无法找到对应表中数据'),(5532762,'juju_orders_items','id','13f6ce69-e627-4efd-8425-36547aadf21e','Update','无法找到对应表中数据'),(5532763,'juju_orders','id','cb5deb3f-87ef-4d78-9774-2aa5585f0557','New','无法找到对应表中数据'),(5532764,'juju_orders_items','id','a79aedf2-a231-4f7a-97ba-334e40056f8d','New','无法找到对应表中数据'),(5532765,'juju_orders','id','48ae27f3-b77c-4b9e-9837-9c5aff313683','New','无法找到对应表中数据'),(5532766,'juju_orders_items','id','55ff68ee-491a-4161-ba38-2cbf8b782361','New','无法找到对应表中数据'),(5532767,'juju_orders_items','id','55ff68ee-491a-4161-ba38-2cbf8b782361','Update','无法找到对应表中数据'),(5532768,'juju_orders','id','5edde6f8-0602-46d1-9137-19149b4d6c2a','New','无法找到对应表中数据'),(5532769,'juju_orders_items','id','a5372cee-922a-43b9-b3da-cf32c4c858b6','New','无法找到对应表中数据'),(5532770,'juju_orders_items','id','a5372cee-922a-43b9-b3da-cf32c4c858b6','Update','无法找到对应表中数据'),(5532771,'juju_orders','id','b5b9fe3f-6481-4e36-a65e-4608649a122c','New','无法找到对应表中数据'),(5532772,'juju_orders_items','id','49e6c403-964c-450b-8967-6dcaaed12a68','New','无法找到对应表中数据'),(5532773,'juju_orders_items','id','49e6c403-964c-450b-8967-6dcaaed12a68','Update','无法找到对应表中数据'),(5532774,'juju_orders','id','52c72c3d-861e-4817-b965-8246e6e331d2','New','无法找到对应表中数据'),(5532775,'juju_orders_items','id','4621710f-e3fb-4b51-b9b4-f885780ad1ad','New','无法找到对应表中数据'),(5532776,'juju_orders','id','45efc026-a1ff-46d4-8b73-e0ec69ab52a4','New','无法找到对应表中数据'),(5532777,'juju_orders_items','id','c6e93b0d-1e32-496e-b465-f5dd16375136','New','无法找到对应表中数据'),(5532778,'juju_orders','id','8cc3458b-c72c-42cd-8bc3-f0a516bc4074','New','无法找到对应表中数据'),(5532779,'juju_orders_items','id','13914a5e-849a-48d2-89d9-e7714ded752b','New','无法找到对应表中数据'),(5532780,'juju_orders_items','id','13914a5e-849a-48d2-89d9-e7714ded752b','Update','无法找到对应表中数据'),(5532781,'juju_orders','id','f5e81199-0bc5-46ed-911e-6ab891436bcb','New','无法找到对应表中数据'),(5532782,'juju_orders_items','id','1d9f0c71-869c-4dee-85a5-b3fcbf6c3b08','New','无法找到对应表中数据'),(5532783,'juju_orders','id','70b9a17c-529f-45a4-a192-d15ea268c156','New','无法找到对应表中数据'),(5532784,'juju_orders_items','id','1dacd66e-c3bb-444e-bed7-b5af3c6583b6','New','无法找到对应表中数据'),(5532785,'juju_orders_items','id','1dacd66e-c3bb-444e-bed7-b5af3c6583b6','Update','无法找到对应表中数据'),(5532786,'juju_orders','id','57d99558-d32b-42e3-aef9-d532b8922210','New','无法找到对应表中数据'),(5532787,'juju_orders_items','id','0999bade-09db-4f68-9571-fcc6a17dc68e','New','无法找到对应表中数据'),(5532788,'juju_orders_items','id','d1883f4e-6d66-40e4-b2d7-6b6f231d5b04','New','无法找到对应表中数据'),(5532789,'juju_orders','id','2675c424-e15b-47a7-8acb-bbabf7e7eb2e','Update','无法找到对应表中数据'),(5532790,'juju_orders_items','id','2f103ba3-6bbd-4d9e-97ca-bd9e2f5cb019','Update','无法找到对应表中数据'),(5532791,'juju_orders','id','aedcc1f3-7b52-45eb-bf4c-e109046827f6','New','无法找到对应表中数据'),(5532792,'juju_orders_items','id','c2ed3597-f5bc-4cda-ab4a-575aca8ea2d4','New','无法找到对应表中数据'),(5532793,'juju_orders_items','id','032a3c73-1c03-4de4-bdf0-322e3c7fe992','New','无法找到对应表中数据'),(5532794,'juju_orders','id','19d69815-4b25-458f-a8f9-fbc523bc5669','New','无法找到对应表中数据'),(5532795,'juju_orders_items','id','8faa2e2c-5e65-4dda-9736-b1e12c8ccfa7','New','无法找到对应表中数据'),(5532796,'juju_orders','id','6173dfa7-ece3-460a-9300-bedde27285a0','New','无法找到对应表中数据'),(5532797,'juju_orders_items','id','b28cc8cc-f585-4fa4-89d4-6a8ba3e03697','New','无法找到对应表中数据'),(5532798,'juju_orders','id','b0198257-b529-4284-abcc-c6642fcced58','New','无法找到对应表中数据'),(5532799,'juju_orders_items','id','e5b6e33e-b99d-4e54-a151-c86ae45f895f','New','无法找到对应表中数据'),(5532800,'juju_orders_items','id','e5b6e33e-b99d-4e54-a151-c86ae45f895f','Update','无法找到对应表中数据'),(5532801,'juju_orders','id','ddb2191b-32d5-45bc-840d-4a62f7812ec2','New','无法找到对应表中数据'),(5532802,'juju_orders_items','id','20284977-b06c-4511-8c84-b34f9a9e2a83','New','无法找到对应表中数据'),(5532803,'juju_orders_items','id','20284977-b06c-4511-8c84-b34f9a9e2a83','Update','无法找到对应表中数据'),(5532804,'juju_orders','id','a1a56676-4a6a-4b58-9c5c-3fa5967ae229','New','无法找到对应表中数据'),(5532805,'juju_orders_items','id','74b8b3cb-5990-4723-a486-4a5838014535','New','无法找到对应表中数据'),(5532806,'juju_orders','id','4f24e0d1-64cf-4c1f-91e7-b0a0bd81cf45','New','无法找到对应表中数据'),(5532807,'juju_orders_items','id','e9ca2aed-4c0e-4d2a-9f83-2f2f5eb8a2ce','New','无法找到对应表中数据'),(5532808,'juju_orders_items','id','e9ca2aed-4c0e-4d2a-9f83-2f2f5eb8a2ce','Update','无法找到对应表中数据'),(5532809,'juju_orders','id','2675c424-e15b-47a7-8acb-bbabf7e7eb2e','Update','无法找到对应表中数据'),(5532810,'juju_orders_items','id','2f103ba3-6bbd-4d9e-97ca-bd9e2f5cb019','Update','无法找到对应表中数据'),(5532811,'juju_orders','id','baae6773-ec3b-438a-8b5b-5efd93abc8d6','New','无法找到对应表中数据'),(5532812,'juju_orders_items','id','bfb7faf0-1b2b-41de-b72b-af9a5ed69e76','New','无法找到对应表中数据'),(5532813,'juju_orders_items','id','bfb7faf0-1b2b-41de-b72b-af9a5ed69e76','Update','无法找到对应表中数据'),(5532814,'juju_orders','id','7f97688a-2238-43d8-a3e3-23a8fd878977','New','无法找到对应表中数据'),(5532815,'juju_orders_items','id','8f08f2be-6bb3-4e9a-bd5f-11852ffc5c1d','New','无法找到对应表中数据'),(5532816,'juju_orders_items','id','8f08f2be-6bb3-4e9a-bd5f-11852ffc5c1d','Update','无法找到对应表中数据'),(5532817,'juju_orders','id','fdb753f8-0a2a-408e-9c49-c2febbfb5c7f','New','无法找到对应表中数据'),(5532818,'juju_orders_items','id','43eae337-0c09-4a45-b283-249df0aeee86','New','无法找到对应表中数据'),(5532819,'juju_orders','id','60ae2e1a-e2f7-4c16-84b0-c64eee5ba681','New','无法找到对应表中数据'),(5532820,'juju_orders_items','id','d2fa53d8-38d9-4306-8565-be769126bcb1','New','无法找到对应表中数据'),(5532821,'juju_orders','id','069f9d2e-e213-4984-afc6-63385998f4f6','New','无法找到对应表中数据'),(5532822,'juju_orders_items','id','08e71246-aebe-4cb4-90df-89fa3441d171','New','无法找到对应表中数据'),(5532823,'juju_orders_items','id','08e71246-aebe-4cb4-90df-89fa3441d171','Update','无法找到对应表中数据'),(5532824,'juju_orders','id','2f044b37-4f5f-4daf-9d44-99e3ffae286d','New','无法找到对应表中数据'),(5532825,'juju_orders_items','id','0e124bfa-9acb-44f5-a0a0-566ed88228ff','New','无法找到对应表中数据'),(5532826,'juju_orders_items','id','0e124bfa-9acb-44f5-a0a0-566ed88228ff','Update','无法找到对应表中数据'),(5532827,'juju_orders','id','0aa6a0a4-3f1d-45f8-9513-ae4bfe78e63d','New','无法找到对应表中数据'),(5532828,'juju_orders_items','id','70da0407-c479-4ac4-a403-288c29278a0b','New','无法找到对应表中数据'),(5532829,'juju_orders_items','id','70da0407-c479-4ac4-a403-288c29278a0b','Update','无法找到对应表中数据'),(5532830,'juju_orders','id','05d0731e-1bb8-4447-82c4-4f2ab01f57f4','New','无法找到对应表中数据'),(5532831,'juju_orders_items','id','77383965-bcac-4706-98c8-22e6639800a0','New','无法找到对应表中数据'),(5532832,'juju_orders_items','id','77383965-bcac-4706-98c8-22e6639800a0','Update','无法找到对应表中数据'),(5532833,'juju_orders','id','8fa3ad22-580d-4fb0-a5ca-7e9bddd4fbd7','New','无法找到对应表中数据'),(5532834,'juju_orders_items','id','805bbfaf-a563-4819-b592-9649248eabfc','New','无法找到对应表中数据'),(5532835,'juju_orders_items','id','805bbfaf-a563-4819-b592-9649248eabfc','Update','无法找到对应表中数据'),(5532836,'juju_orders_items','id','2c121807-178d-4e44-9aa1-457b88d6bd76','Update','无法找到对应表中数据'),(5532837,'juju_orders_items','id','2cc270b3-969b-4cdf-87bb-39bf3d642e90','Update','无法找到对应表中数据'),(5532838,'juju_orders_items','id','6e82ffde-ef39-4b6b-8a97-febc59bd4fb0','Update','无法找到对应表中数据'),(5532839,'juju_orders_items','id','032a3c73-1c03-4de4-bdf0-322e3c7fe992','Update','无法找到对应表中数据'),(5532840,'juju_orders_items','id','43eae337-0c09-4a45-b283-249df0aeee86','Update','无法找到对应表中数据'),(5532841,'juju_orders_items','id','0999bade-09db-4f68-9571-fcc6a17dc68e','Update','无法找到对应表中数据'),(5532936,'juju_orders','id','528532d5-3750-4830-b6eb-57e994c52b8e','New','无法找到对应表中数据'),(5532937,'juju_orders_items','id','e0c77e2a-d363-4011-b65b-c63607df0bf0','New','无法找到对应表中数据'),(5532938,'juju_orders_items','id','e0c77e2a-d363-4011-b65b-c63607df0bf0','Update','无法找到对应表中数据'),(5532939,'juju_orders','id','ba1f59e2-c4ed-4e5c-8d99-a5b767151cf3','New','无法找到对应表中数据'),(5532940,'juju_orders_items','id','cd8aee3e-2a2a-40e1-98c9-758ebe22b680','New','无法找到对应表中数据'),(5532941,'juju_orders_items','id','cd8aee3e-2a2a-40e1-98c9-758ebe22b680','Update','无法找到对应表中数据'),(5532942,'juju_orders_items','id','21e2fbea-81ab-4bc1-a847-abbe7ed42994','New','无法找到对应表中数据'),(5532943,'juju_orders_items','id','21e2fbea-81ab-4bc1-a847-abbe7ed42994','Update','无法找到对应表中数据'),(5532944,'juju_orders_items','id','c158c3e0-85ec-4703-8240-a25dea307adc','New','无法找到对应表中数据'),(5532945,'juju_orders_items','id','c158c3e0-85ec-4703-8240-a25dea307adc','Update','无法找到对应表中数据'),(5532946,'juju_orders_items','id','2f842065-7318-4988-823a-436830160f67','New','无法找到对应表中数据'),(5532947,'juju_orders_items','id','2f842065-7318-4988-823a-436830160f67','Update','无法找到对应表中数据'),(5532948,'juju_orders','id','7ce08f8d-dbba-466d-9cc6-451dd3019992','New','无法找到对应表中数据'),(5532949,'juju_orders_items','id','5b700188-deca-4cf8-a309-d1a6efed40a6','New','无法找到对应表中数据'),(5532950,'juju_orders_items','id','5b700188-deca-4cf8-a309-d1a6efed40a6','Update','无法找到对应表中数据'),(5532951,'juju_orders_items','id','d1b03f1c-11b5-4dfb-8b87-f7d2180f9ab6','New','无法找到对应表中数据'),(5532952,'juju_orders_items','id','d1b03f1c-11b5-4dfb-8b87-f7d2180f9ab6','Update','无法找到对应表中数据'),(5532953,'juju_orders_items','id','a9efef23-12ff-4b3d-9476-c901883494fc','New','无法找到对应表中数据'),(5532954,'juju_orders_items','id','a9efef23-12ff-4b3d-9476-c901883494fc','Update','无法找到对应表中数据'),(5532955,'juju_orders_items','id','dfac48e9-9216-429d-ae7f-89326e0a3480','New','无法找到对应表中数据'),(5532956,'juju_orders_items','id','dfac48e9-9216-429d-ae7f-89326e0a3480','Update','无法找到对应表中数据'),(5532957,'juju_orders','id','cc8fb920-866a-440b-8f1f-da3a54519a1a','New','无法找到对应表中数据'),(5532958,'juju_orders_items','id','7f17ea6c-6ed2-44f0-be95-2ddd632d0384','New','无法找到对应表中数据'),(5532959,'juju_orders_items','id','7f17ea6c-6ed2-44f0-be95-2ddd632d0384','Update','无法找到对应表中数据'),(5532960,'juju_orders','id','e69e594f-aca5-4226-ab11-688f98bfaf32','New','无法找到对应表中数据'),(5532961,'juju_orders_items','id','3960442d-ac75-46e2-8efa-6f6e869a3af4','New','无法找到对应表中数据'),(5532962,'juju_orders_items','id','3960442d-ac75-46e2-8efa-6f6e869a3af4','Update','无法找到对应表中数据'),(5532963,'juju_orders','id','42281b0f-51a9-42c6-92e9-1dd90d1477c4','New','无法找到对应表中数据'),(5532964,'juju_orders_items','id','b1f32ae8-53f6-45ad-90c5-91ce86fb416f','New','无法找到对应表中数据'),(5532965,'juju_orders_items','id','b1f32ae8-53f6-45ad-90c5-91ce86fb416f','Update','无法找到对应表中数据'),(5532966,'juju_orders','id','00b33165-3e98-4b64-9ce8-e36c0692fee3','New','无法找到对应表中数据'),(5532967,'juju_orders_items','id','a3c195d4-2171-4ce2-b340-4f0aa74eccce','New','无法找到对应表中数据'),(5532968,'juju_orders_items','id','a3c195d4-2171-4ce2-b340-4f0aa74eccce','Update','无法找到对应表中数据'),(5532969,'juju_orders_items','id','2a8f29fa-1dd6-445c-a05b-a56a7ef01467','New','无法找到对应表中数据'),(5532970,'juju_orders_items','id','2a8f29fa-1dd6-445c-a05b-a56a7ef01467','Update','无法找到对应表中数据'),(5532971,'juju_orders_items','id','389b0fd2-b726-4be3-87b0-caa26a0049e4','New','无法找到对应表中数据'),(5532972,'juju_orders_items','id','389b0fd2-b726-4be3-87b0-caa26a0049e4','Update','无法找到对应表中数据'),(5532973,'juju_orders','id','ab88c879-382a-4e0e-bd87-7887a113b4fa','New','无法找到对应表中数据'),(5532974,'juju_orders_items','id','b4683dfe-85ed-4cc5-98e6-d30952b4c0e1','New','无法找到对应表中数据'),(5532975,'juju_orders_items','id','b4683dfe-85ed-4cc5-98e6-d30952b4c0e1','Update','无法找到对应表中数据'),(5532976,'juju_orders','id','7d012f29-1e27-41a8-8965-4103ae71c050','New','无法找到对应表中数据'),(5532977,'juju_orders_items','id','715552ae-de6f-49c5-a5b7-91057c6a0393','New','无法找到对应表中数据'),(5532978,'juju_orders_items','id','715552ae-de6f-49c5-a5b7-91057c6a0393','Update','无法找到对应表中数据'),(5532979,'juju_orders','id','79b1c000-5525-406f-98fa-f1d1408e2d69','New','无法找到对应表中数据'),(5532980,'juju_orders_items','id','4e8ec1f1-9555-4b28-8bd0-513eb250925d','New','无法找到对应表中数据'),(5532981,'juju_orders_items','id','4e8ec1f1-9555-4b28-8bd0-513eb250925d','Update','无法找到对应表中数据'),(5532982,'juju_orders','id','f8e3d844-b944-48d6-8c27-4b3b00360900','New','无法找到对应表中数据'),(5532983,'juju_orders_items','id','2224fa2c-ee4f-4ed9-8904-0743e1be902c','New','无法找到对应表中数据'),(5532984,'juju_orders_items','id','2224fa2c-ee4f-4ed9-8904-0743e1be902c','Update','无法找到对应表中数据'),(5532985,'juju_orders','id','2bb0edac-280e-4749-863d-5855ca228d7c','New','无法找到对应表中数据'),(5532986,'juju_orders_items','id','eaed8ed6-92bd-47e6-a0a1-b428348e36fc','New','无法找到对应表中数据'),(5532987,'juju_orders_items','id','eaed8ed6-92bd-47e6-a0a1-b428348e36fc','Update','无法找到对应表中数据'),(5532988,'juju_orders','id','5e7d54a9-830e-46f9-bb27-72d356e799e7','New','无法找到对应表中数据'),(5532989,'juju_orders_items','id','5aab6a6a-7df0-4dcb-bf6f-1088668e1edc','New','无法找到对应表中数据'),(5532990,'juju_orders_items','id','5aab6a6a-7df0-4dcb-bf6f-1088668e1edc','Update','无法找到对应表中数据'),(5532991,'juju_orders','id','9f4a63fb-12c1-4996-9b45-5eb24dda3f25','New','无法找到对应表中数据'),(5532992,'juju_orders_items','id','cd708acd-3cad-46c0-a689-c334c323b49a','New','无法找到对应表中数据'),(5532993,'juju_orders_items','id','cd708acd-3cad-46c0-a689-c334c323b49a','Update','无法找到对应表中数据'),(5532994,'juju_orders','id','7613400e-8f5c-48e2-9c1a-f4ccc31b68dc','New','无法找到对应表中数据'),(5532995,'juju_orders_items','id','ad09e756-3938-42b7-82f3-5eaf71a14e29','New','无法找到对应表中数据'),(5532996,'juju_orders_items','id','ad09e756-3938-42b7-82f3-5eaf71a14e29','Update','无法找到对应表中数据'),(5532997,'juju_orders','id','7613400e-8f5c-48e2-9c1a-f4ccc31b68dc','Update','无法找到对应表中数据'),(5532998,'juju_orders_items','id','ad09e756-3938-42b7-82f3-5eaf71a14e29','Update','无法找到对应表中数据'),(5532999,'juju_orders','id','18be94d2-ad60-4617-ad3e-85e2ad818c77','New','无法找到对应表中数据'),(5533000,'juju_orders_items','id','940fb3de-46a2-4b26-bd75-994b1362c4bf','New','无法找到对应表中数据'),(5533001,'juju_orders_items','id','940fb3de-46a2-4b26-bd75-994b1362c4bf','Update','无法找到对应表中数据'),(5533002,'juju_orders','id','4e3ea99a-f289-4129-a5a0-b3637b0a166d','New','无法找到对应表中数据'),(5533003,'juju_orders_items','id','a951ebbb-b993-4815-96a8-9384adc3b9ea','New','无法找到对应表中数据'),(5533004,'juju_orders_items','id','a951ebbb-b993-4815-96a8-9384adc3b9ea','Update','无法找到对应表中数据'),(5533005,'juju_orders','id','4e3ea99a-f289-4129-a5a0-b3637b0a166d','Update','无法找到对应表中数据'),(5533006,'juju_orders_items','id','a951ebbb-b993-4815-96a8-9384adc3b9ea','Update','无法找到对应表中数据'),(5533007,'juju_orders','id','18be94d2-ad60-4617-ad3e-85e2ad818c77','Update','无法找到对应表中数据'),(5533008,'juju_orders_items','id','940fb3de-46a2-4b26-bd75-994b1362c4bf','Update','无法找到对应表中数据'),(5533009,'juju_orders','id','eda181ec-a021-4e5c-bd89-12cafca67ed9','New','无法找到对应表中数据'),(5533010,'juju_orders_items','id','a8b3f3fc-c2fe-42b7-a240-9d72e03bc225','New','无法找到对应表中数据'),(5533011,'juju_orders_items','id','a8b3f3fc-c2fe-42b7-a240-9d72e03bc225','Update','无法找到对应表中数据'),(5533012,'juju_orders','id','026338f1-3053-431e-a698-367f0a9c4f83','New','无法找到对应表中数据'),(5533013,'juju_orders_items','id','8853a5b8-ce07-47ae-92bb-4d5697aea3a9','New','无法找到对应表中数据'),(5533014,'juju_orders_items','id','8853a5b8-ce07-47ae-92bb-4d5697aea3a9','Update','无法找到对应表中数据'),(5533015,'juju_orders','id','026338f1-3053-431e-a698-367f0a9c4f83','Update','无法找到对应表中数据'),(5533016,'juju_orders_items','id','8853a5b8-ce07-47ae-92bb-4d5697aea3a9','Update','无法找到对应表中数据'),(5533017,'juju_orders','id','33435c60-20bc-4dfb-8efc-ea435d2a77c6','New','无法找到对应表中数据'),(5533018,'juju_orders_items','id','d3eb0bcc-8220-41c9-9c55-b5699af1bcec','New','无法找到对应表中数据'),(5533019,'juju_orders_items','id','d3eb0bcc-8220-41c9-9c55-b5699af1bcec','Update','无法找到对应表中数据'),(5533020,'juju_orders','id','33435c60-20bc-4dfb-8efc-ea435d2a77c6','Update','无法找到对应表中数据'),(5533021,'juju_orders_items','id','d3eb0bcc-8220-41c9-9c55-b5699af1bcec','Update','无法找到对应表中数据'),(5533022,'juju_orders','id','9f45a04c-47de-44a3-b452-53e0a566d596','New','无法找到对应表中数据'),(5533023,'juju_orders','id','a851c9aa-f4d4-429e-acd3-8b0040fa61f6','New','无法找到对应表中数据'),(5533024,'juju_orders','id','6f6c5139-9f58-499d-9579-e34a1dba0da2','New','无法找到对应表中数据'),(5533025,'juju_orders_items','id','415fdad0-dc5e-48b8-aab1-fb1c85c01505','New','无法找到对应表中数据'),(5533026,'juju_orders_items','id','415fdad0-dc5e-48b8-aab1-fb1c85c01505','Update','无法找到对应表中数据'),(5533027,'juju_orders','id','6f6c5139-9f58-499d-9579-e34a1dba0da2','Update','无法找到对应表中数据'),(5533028,'juju_orders_items','id','415fdad0-dc5e-48b8-aab1-fb1c85c01505','Update','无法找到对应表中数据'),(5533378,'juju_orders','id','b55adb26-3291-4116-a908-1e13945d43bd','New','无法找到对应表中数据'),(5533379,'juju_orders_items','id','691ac3bb-7a87-4318-b047-f00705e6e8ae','New','无法找到对应表中数据'),(5533380,'juju_orders_items','id','691ac3bb-7a87-4318-b047-f00705e6e8ae','Update','无法找到对应表中数据'),(5533381,'juju_orders','id','b731bcca-76ac-4f5c-ad6b-599b110f3d08','New','无法找到对应表中数据'),(5533382,'juju_orders_items','id','4fbca662-c26f-4687-b20c-ccdc99f3fb98','New','无法找到对应表中数据'),(5533383,'juju_orders_items','id','4fbca662-c26f-4687-b20c-ccdc99f3fb98','Update','无法找到对应表中数据'),(5533384,'juju_orders','id','b731bcca-76ac-4f5c-ad6b-599b110f3d08','Update','无法找到对应表中数据'),(5533385,'juju_orders_items','id','4fbca662-c26f-4687-b20c-ccdc99f3fb98','Update','无法找到对应表中数据'),(5533386,'juju_orders','id','4a3e37b9-f9d8-4fc7-aefe-f8f42c2d1bfc','New','无法找到对应表中数据'),(5533387,'juju_orders_items','id','eae22b9e-d2bb-4afa-b4e9-e72d5b89c3a1','New','无法找到对应表中数据'),(5533388,'juju_orders_items','id','eae22b9e-d2bb-4afa-b4e9-e72d5b89c3a1','Update','无法找到对应表中数据'),(5533389,'juju_orders_items','id','bb64f0ec-522a-46ed-9a1d-ceda055a44d4','Update','无法找到对应表中数据'),(5533390,'juju_orders_items','id','10fe6c11-d5b3-4f7e-ae1e-9e8f032303b8','Update','无法找到对应表中数据'),(5533391,'juju_orders','id','ae2c4f73-0e18-4529-83b5-8d66868a2bca','Update','无法找到对应表中数据'),(5533392,'juju_orders','id','45dd12f0-8aeb-4185-a093-a07571dc630e','New','无法找到对应表中数据'),(5533393,'juju_orders_items','id','e1f5b67b-85e5-4ae0-962e-ebccb30e16eb','New','无法找到对应表中数据'),(5533394,'juju_orders_items','id','e1f5b67b-85e5-4ae0-962e-ebccb30e16eb','Update','无法找到对应表中数据'),(5533395,'juju_orders','id','894bc279-4230-4e7e-86bd-d4e3cabaf636','New','无法找到对应表中数据'),(5533396,'juju_orders_items','id','4796bae9-2cea-467e-a799-7617a4b6bca5','New','无法找到对应表中数据'),(5533397,'juju_orders_items','id','4796bae9-2cea-467e-a799-7617a4b6bca5','Update','无法找到对应表中数据'),(5533398,'juju_orders','id','894bc279-4230-4e7e-86bd-d4e3cabaf636','Update','无法找到对应表中数据'),(5533399,'juju_orders_items','id','4796bae9-2cea-467e-a799-7617a4b6bca5','Update','无法找到对应表中数据'),(5533400,'juju_orders','id','1285853a-dc3f-4994-a088-7ea1cb95dd64','New','无法找到对应表中数据'),(5533401,'juju_orders_items','id','15a1385b-77ca-4a71-8317-df218e126b0e','New','无法找到对应表中数据'),(5533402,'juju_orders','id','c3fd3d96-b3ab-4972-a194-1a921647df68','New','无法找到对应表中数据'),(5533403,'juju_orders_items','id','87cc564a-c149-45d2-9bd1-1cc83ca6ed62','New','无法找到对应表中数据'),(5533404,'juju_orders_items','id','87cc564a-c149-45d2-9bd1-1cc83ca6ed62','Update','无法找到对应表中数据'),(5533405,'juju_orders','id','c3fd3d96-b3ab-4972-a194-1a921647df68','Update','无法找到对应表中数据'),(5533406,'juju_orders_items','id','87cc564a-c149-45d2-9bd1-1cc83ca6ed62','Update','无法找到对应表中数据'),(5533407,'juju_orders','id','45dd12f0-8aeb-4185-a093-a07571dc630e','Update','无法找到对应表中数据'),(5533408,'juju_orders','id','2584be26-22f1-4643-8df5-5b4844556007','New','无法找到对应表中数据'),(5533409,'juju_orders_items','id','270fb3fc-2fee-47ef-998e-a1caf8fbc758','New','无法找到对应表中数据'),(5533410,'juju_orders_items','id','270fb3fc-2fee-47ef-998e-a1caf8fbc758','Update','无法找到对应表中数据'),(5533411,'juju_orders','id','2584be26-22f1-4643-8df5-5b4844556007','Update','无法找到对应表中数据'),(5533412,'juju_orders_items','id','270fb3fc-2fee-47ef-998e-a1caf8fbc758','Update','无法找到对应表中数据'),(5533413,'juju_orders','id','ea3ae682-e031-4d5b-8c53-6bdd39fc486f','New','无法找到对应表中数据'),(5533414,'juju_orders_items','id','31f73b6a-98df-4d7e-9fac-57dcf1d1b0fe','New','无法找到对应表中数据'),(5533415,'juju_orders_items','id','31f73b6a-98df-4d7e-9fac-57dcf1d1b0fe','Update','无法找到对应表中数据'),(5533416,'juju_orders','id','ea3ae682-e031-4d5b-8c53-6bdd39fc486f','Update','无法找到对应表中数据'),(5533417,'juju_orders_items','id','31f73b6a-98df-4d7e-9fac-57dcf1d1b0fe','Update','无法找到对应表中数据'),(5533418,'juju_orders','id','5fe798fa-4c39-4bbc-b2ec-71e87c72d854','New','无法找到对应表中数据'),(5533419,'juju_orders_items','id','dc4b311b-7bcc-4106-8f3e-a82f270ac176','New','无法找到对应表中数据'),(5533420,'juju_orders_items','id','dc4b311b-7bcc-4106-8f3e-a82f270ac176','Update','无法找到对应表中数据'),(5533421,'juju_orders','id','5fe798fa-4c39-4bbc-b2ec-71e87c72d854','Update','无法找到对应表中数据'),(5533422,'juju_orders_items','id','dc4b311b-7bcc-4106-8f3e-a82f270ac176','Update','无法找到对应表中数据'),(5533423,'juju_orders_items','id','6acba6f7-93eb-48b2-bf4b-4db2f5156ea8','Update','无法找到对应表中数据'),(5533424,'juju_orders_items','id','30884d7d-88d6-4d3e-bf43-4d6ff7bdc962','Update','无法找到对应表中数据'),(5533425,'juju_orders_items','id','0de7b56e-6796-4dfe-b992-0f2705297468','Update','无法找到对应表中数据'),(5533426,'juju_orders','id','322e8734-3931-4c56-b1df-13935d126fb6','New','无法找到对应表中数据'),(5533427,'juju_orders_items','id','0a45a3da-6553-4f7a-bd7a-9148217f1db9','New','无法找到对应表中数据'),(5533428,'juju_orders_items','id','0a45a3da-6553-4f7a-bd7a-9148217f1db9','Update','无法找到对应表中数据'),(5533429,'juju_orders','id','6879ec81-8315-4e1d-83d4-a4021a5c7561','New','无法找到对应表中数据'),(5533430,'juju_orders_items','id','cbe816ee-368d-4076-95b3-cd35680c1f7a','New','无法找到对应表中数据'),(5533431,'juju_orders_items','id','cbe816ee-368d-4076-95b3-cd35680c1f7a','Update','无法找到对应表中数据'),(5533432,'juju_orders','id','662030a4-f316-4705-bf4a-fb9e1b30eddd','New','无法找到对应表中数据'),(5533433,'juju_orders_items','id','caaa6a85-263d-492b-b310-7f0bc87467ed','New','无法找到对应表中数据'),(5533434,'juju_orders_items','id','57e9f3ea-6e58-4843-a2b6-c87867405d02','Update','无法找到对应表中数据'),(5533435,'juju_orders_items','id','289120a6-83f2-4430-a4d2-4479addfafa7','Update','无法找到对应表中数据'),(5533436,'juju_orders_items','id','0b6551a9-4cee-4223-85e7-b139e8d1e84c','Update','无法找到对应表中数据'),(5533437,'juju_orders_items','id','caaa6a85-263d-492b-b310-7f0bc87467ed','Update','无法找到对应表中数据'),(5533438,'juju_orders_items','id','5e13f1d2-9462-4867-9bf3-86f9048208f2','Update','无法找到对应表中数据'),(5533439,'juju_orders','id','4a7bda93-e844-4c46-9d63-3524ec980170','New','无法找到对应表中数据'),(5533440,'juju_orders','id','cacf335c-c651-4fa4-a031-b7fb42e5f2d7','New','无法找到对应表中数据'),(5533441,'juju_orders','id','45e6e21a-1737-45d5-9d49-c9239484e2dc','New','无法找到对应表中数据'),(5533442,'juju_orders_items','id','ee7a3ebe-0861-4420-8705-24c757e56bea','New','无法找到对应表中数据'),(5533443,'juju_orders_items','id','ee7a3ebe-0861-4420-8705-24c757e56bea','Update','无法找到对应表中数据'),(5533444,'juju_orders','id','76c05ffd-8a48-41f1-b7a1-6901ba7650fa','New','无法找到对应表中数据'),(5533445,'juju_orders_items','id','ee7a3ebe-0861-4420-8705-24c757e56bea','Update','无法找到对应表中数据'),(5533446,'juju_orders_items','id','26895bed-9bee-42ef-9da6-a47ab71eb939','New','无法找到对应表中数据'),(5533447,'juju_orders_items','id','26895bed-9bee-42ef-9da6-a47ab71eb939','Update','无法找到对应表中数据'),(5533448,'juju_orders_items','id','c3ad9f43-85cf-4dfe-924a-7eeb2c172cf2','New','无法找到对应表中数据'),(5533449,'juju_orders_items','id','c3ad9f43-85cf-4dfe-924a-7eeb2c172cf2','Update','无法找到对应表中数据'),(5533450,'juju_orders_items','id','6007866b-e6c4-4d97-b41f-33820df53b38','New','无法找到对应表中数据'),(5533451,'juju_orders_items','id','6007866b-e6c4-4d97-b41f-33820df53b38','Update','无法找到对应表中数据'),(5533452,'juju_orders_items','id','9bde65bc-9c00-4ce1-9634-f8e00f074c14','New','无法找到对应表中数据'),(5533453,'juju_orders_items','id','9bde65bc-9c00-4ce1-9634-f8e00f074c14','Update','无法找到对应表中数据'),(5533454,'juju_orders','id','45e6e21a-1737-45d5-9d49-c9239484e2dc','Update','无法找到对应表中数据'),(5533455,'juju_orders','id','4a7bda93-e844-4c46-9d63-3524ec980170','Update','无法找到对应表中数据'),(5533456,'juju_orders','id','76c05ffd-8a48-41f1-b7a1-6901ba7650fa','Update','无法找到对应表中数据'),(5533457,'juju_orders','id','cacf335c-c651-4fa4-a031-b7fb42e5f2d7','Update','无法找到对应表中数据'),(5533458,'juju_orders','id','fc592ada-7966-4292-8fde-511b7fe0cd70','New','无法找到对应表中数据'),(5533459,'juju_orders_items','id','b7956113-a5e3-4ac3-a939-18fbf77ee436','New','无法找到对应表中数据'),(5533460,'juju_orders_items','id','b7956113-a5e3-4ac3-a939-18fbf77ee436','Update','无法找到对应表中数据'),(5533461,'juju_orders','id','10f3a785-74e3-4d96-9950-8b6b8d1d4ce4','New','无法找到对应表中数据'),(5533462,'juju_orders_items','id','a819baa0-8ccb-40d3-b8f1-0e5af5487c58','New','无法找到对应表中数据'),(5533463,'juju_orders_items','id','a819baa0-8ccb-40d3-b8f1-0e5af5487c58','Update','无法找到对应表中数据'),(5533464,'juju_orders','id','99e7cd02-007c-475d-8938-db0688b74f4e','New','无法找到对应表中数据'),(5533465,'juju_orders_items','id','efef9f0c-7ad9-4c3d-be3e-3e984b0fe798','New','无法找到对应表中数据'),(5533466,'juju_orders_items','id','efef9f0c-7ad9-4c3d-be3e-3e984b0fe798','Update','无法找到对应表中数据'),(5533467,'juju_orders','id','fa47de45-9ad4-4d8f-81db-4f1f8bb27847','New','无法找到对应表中数据'),(5533468,'juju_orders_items','id','ac7c5e92-3d0b-48f4-b7e3-8f983fc3f864','New','无法找到对应表中数据'),(5533469,'juju_orders_items','id','ac7c5e92-3d0b-48f4-b7e3-8f983fc3f864','Update','无法找到对应表中数据'),(5533470,'juju_orders','id','68bc643d-1b39-4a7c-b600-002bedbbc1e6','New','无法找到对应表中数据'),(5533471,'juju_orders_items','id','464d7d49-2d6b-4c43-b33b-27d69156d971','New','无法找到对应表中数据'),(5533472,'juju_orders_items','id','464d7d49-2d6b-4c43-b33b-27d69156d971','Update','无法找到对应表中数据'),(5533473,'juju_orders','id','6f928034-7ff5-44d4-869a-c99dd1641122','New','无法找到对应表中数据'),(5533474,'juju_orders_items','id','f736d2c9-f964-4a0d-b2dd-74fd418aa944','New','无法找到对应表中数据'),(5533475,'juju_orders_items','id','f736d2c9-f964-4a0d-b2dd-74fd418aa944','Update','无法找到对应表中数据'),(5533476,'juju_orders','id','a9451b39-d38f-4076-8457-07f00f6dbed6','New','无法找到对应表中数据'),(5533477,'juju_orders_items','id','0b8d9161-e5bd-420c-9be6-54b9325c4a86','New','无法找到对应表中数据'),(5533478,'juju_orders_items','id','0b8d9161-e5bd-420c-9be6-54b9325c4a86','Update','无法找到对应表中数据'),(5533479,'juju_orders','id','40b50155-5308-4a62-907d-7b5ab9b8f838','New','无法找到对应表中数据'),(5533480,'juju_orders_items','id','6b512032-5cfd-4ab6-8fdb-5ada03a00db8','New','无法找到对应表中数据'),(5533481,'juju_orders_items','id','6b512032-5cfd-4ab6-8fdb-5ada03a00db8','Update','无法找到对应表中数据'),(5533482,'juju_orders','id','e313adc6-6f5a-4623-9689-0aac79b9812d','New','无法找到对应表中数据'),(5533483,'juju_orders_items','id','74faa9f3-a640-40c3-9d8c-84613b51e89f','New','无法找到对应表中数据'),(5533484,'juju_orders_items','id','74faa9f3-a640-40c3-9d8c-84613b51e89f','Update','无法找到对应表中数据'),(5533485,'juju_orders','id','6278ebd7-25ba-4c11-bf73-34b6e5f19ddd','New','无法找到对应表中数据'),(5533486,'juju_orders_items','id','4842c536-7fdf-4461-a58e-933a0567cfa7','New','无法找到对应表中数据'),(5533487,'juju_orders_items','id','4842c536-7fdf-4461-a58e-933a0567cfa7','Update','无法找到对应表中数据'),(5533488,'juju_orders','id','cd49199b-9318-4ff1-a99d-788b4cdc8a81','New','无法找到对应表中数据'),(5533489,'juju_orders_items','id','3325217b-f5f6-4c4e-923d-72bd58fb696d','New','无法找到对应表中数据'),(5533490,'juju_orders_items','id','3325217b-f5f6-4c4e-923d-72bd58fb696d','Update','无法找到对应表中数据'),(5533491,'juju_orders_items','id','045bf148-2f1b-4c98-969a-5c2e602a5da5','Update','无法找到对应表中数据'),(5533492,'juju_orders_items','id','0833b156-a4dd-4eea-b9b8-059a11b0c814','Update','无法找到对应表中数据'),(5533493,'juju_orders','id','d4cc53ef-a3fc-475a-91d2-2ac95e6f0c18','New','无法找到对应表中数据'),(5533494,'juju_orders_items','id','2944336a-5f0a-4991-8b7b-ed89e5560e5b','New','无法找到对应表中数据'),(5533495,'juju_orders_items','id','2944336a-5f0a-4991-8b7b-ed89e5560e5b','Update','无法找到对应表中数据'),(5533496,'juju_orders','id','09873cb7-28ff-42ef-9fdd-16e3d852bb43','New','无法找到对应表中数据'),(5533497,'juju_orders_items','id','d98d6a65-9b16-4651-99ee-dd52a7aaf693','New','无法找到对应表中数据'),(5533498,'juju_orders_items','id','d98d6a65-9b16-4651-99ee-dd52a7aaf693','Update','无法找到对应表中数据'),(5533499,'juju_orders','id','294d5049-f19f-421e-b462-cbe074ae897c','New','无法找到对应表中数据'),(5533500,'juju_orders_items','id','814712d6-0b6f-4255-bc4f-d03506070294','New','无法找到对应表中数据'),(5533501,'juju_orders_items','id','814712d6-0b6f-4255-bc4f-d03506070294','Update','无法找到对应表中数据'),(5533502,'juju_orders','id','4de6e04f-c49d-4ada-b380-09de093670ab','New','无法找到对应表中数据'),(5533503,'juju_orders_items','id','f0ef0cce-df78-468d-ba0b-cc4301e7d7d3','New','无法找到对应表中数据'),(5533504,'juju_orders_items','id','f0ef0cce-df78-468d-ba0b-cc4301e7d7d3','Update','无法找到对应表中数据'),(5533505,'juju_orders','id','6a3e3a87-afc2-4cf4-aa57-187be80d0d78','New','无法找到对应表中数据'),(5533506,'juju_orders_items','id','2c9ea86c-9539-4f52-beb9-2d3ca5e937e9','New','无法找到对应表中数据'),(5533507,'juju_orders_items','id','2c9ea86c-9539-4f52-beb9-2d3ca5e937e9','Update','无法找到对应表中数据'),(5533508,'juju_orders','id','500e2d51-0709-4df8-83ee-26096f60ba16','New','无法找到对应表中数据'),(5533509,'juju_orders_items','id','9dee8733-d979-48a1-8213-4cf5c36f1f78','New','无法找到对应表中数据'),(5533510,'juju_orders_items','id','9dee8733-d979-48a1-8213-4cf5c36f1f78','Update','无法找到对应表中数据'),(5533511,'juju_orders_items','id','2944336a-5f0a-4991-8b7b-ed89e5560e5b','Update','无法找到对应表中数据'),(5533512,'juju_orders_items','id','3325217b-f5f6-4c4e-923d-72bd58fb696d','Update','无法找到对应表中数据'),(5533513,'juju_orders_items','id','4842c536-7fdf-4461-a58e-933a0567cfa7','Update','无法找到对应表中数据'),(5533514,'juju_orders_items','id','74faa9f3-a640-40c3-9d8c-84613b51e89f','Update','无法找到对应表中数据'),(5533515,'juju_orders_items','id','6b512032-5cfd-4ab6-8fdb-5ada03a00db8','Update','无法找到对应表中数据'),(5533516,'juju_orders_items','id','0b8d9161-e5bd-420c-9be6-54b9325c4a86','Update','无法找到对应表中数据'),(5533517,'juju_orders_items','id','f736d2c9-f964-4a0d-b2dd-74fd418aa944','Update','无法找到对应表中数据'),(5533518,'juju_orders_items','id','464d7d49-2d6b-4c43-b33b-27d69156d971','Update','无法找到对应表中数据'),(5533519,'juju_orders_items','id','ac7c5e92-3d0b-48f4-b7e3-8f983fc3f864','Update','无法找到对应表中数据'),(5533520,'juju_orders','id','9cd7dc37-df8d-46c1-9aa3-a088e8ab6895','New','无法找到对应表中数据'),(5533521,'juju_orders_items','id','9dbb80de-d75d-487e-82bf-31278546bbd1','New','无法找到对应表中数据'),(5533522,'juju_orders_items','id','9dbb80de-d75d-487e-82bf-31278546bbd1','Update','无法找到对应表中数据'),(5533523,'juju_orders','id','921e5397-025d-4208-9561-cb04e3399b6e','New','无法找到对应表中数据'),(5533524,'juju_orders_items','id','d9c55c12-5a72-4d15-98e9-252e519a0801','New','无法找到对应表中数据'),(5533525,'juju_orders_items','id','d9c55c12-5a72-4d15-98e9-252e519a0801','Update','无法找到对应表中数据'),(5533526,'juju_orders','id','be078582-3e5b-41c4-b72b-b1244c866874','New','无法找到对应表中数据'),(5533527,'juju_orders_items','id','643c1efe-ff37-434e-9b74-e4dbadd7e548','New','无法找到对应表中数据'),(5533528,'juju_orders_items','id','643c1efe-ff37-434e-9b74-e4dbadd7e548','Update','无法找到对应表中数据'),(5533529,'juju_orders','id','56d252be-7294-46c4-9afe-733402480d16','New','无法找到对应表中数据'),(5533530,'juju_orders_items','id','f9eb7d53-bea7-46df-9410-6b7cbfac4c6c','New','无法找到对应表中数据'),(5533531,'juju_orders_items','id','f9eb7d53-bea7-46df-9410-6b7cbfac4c6c','Update','无法找到对应表中数据'),(5533532,'juju_orders','id','72580a79-0888-4ca3-8a94-bf8f2cfdeff2','New','无法找到对应表中数据'),(5533533,'juju_orders_items','id','456aa873-46e2-41bd-8c55-a548e42c6849','New','无法找到对应表中数据'),(5533534,'juju_orders_items','id','456aa873-46e2-41bd-8c55-a548e42c6849','Update','无法找到对应表中数据'),(5533535,'juju_orders','id','9bdbadc0-4b62-466c-8ac4-3ac31a6a0a4f','New','无法找到对应表中数据'),(5533536,'juju_orders_items','id','f3e3c54f-9b85-4857-97f9-8623da8f0984','New','无法找到对应表中数据'),(5533537,'juju_orders_items','id','f3e3c54f-9b85-4857-97f9-8623da8f0984','Update','无法找到对应表中数据'),(5533538,'juju_orders','id','0d08cdb9-0943-4234-aa89-f9c75d045726','New','无法找到对应表中数据'),(5533539,'juju_orders_items','id','9d77c73e-1c3c-4ac3-ae20-f8e4cdc6559c','New','无法找到对应表中数据'),(5533540,'juju_orders_items','id','9d77c73e-1c3c-4ac3-ae20-f8e4cdc6559c','Update','无法找到对应表中数据'),(5533541,'juju_orders','id','88134ff2-924c-4977-9544-06ea83a70476','New','无法找到对应表中数据'),(5533542,'juju_orders_items','id','fc30a314-7de9-4439-bbd8-0456c6ba1c16','New','无法找到对应表中数据'),(5533543,'juju_orders_items','id','fc30a314-7de9-4439-bbd8-0456c6ba1c16','Update','无法找到对应表中数据'),(5533544,'juju_orders','id','dca7225c-ec48-42d3-a9af-aa5e5e59244a','New','无法找到对应表中数据'),(5533545,'juju_orders_items','id','4903d138-9336-4769-a0e2-51db65bd5341','New','无法找到对应表中数据'),(5533546,'juju_orders_items','id','4903d138-9336-4769-a0e2-51db65bd5341','Update','无法找到对应表中数据'),(5533547,'juju_orders','id','172c702f-f8f7-4b0b-9b02-0872915df9d0','New','无法找到对应表中数据'),(5533548,'juju_orders_items','id','558358dd-2c65-4d54-934e-8023dd910150','New','无法找到对应表中数据'),(5533549,'juju_orders_items','id','558358dd-2c65-4d54-934e-8023dd910150','Update','无法找到对应表中数据'),(5635189,'juju_orders','id','5aab93f7-7026-40a9-8733-a99f3a2254bb','New','无法找到对应表中数据'),(5635190,'juju_orders_items','id','51bef7ef-9581-4dbc-8401-7f242556ac93','New','无法找到对应表中数据'),(5635191,'juju_orders_items','id','51bef7ef-9581-4dbc-8401-7f242556ac93','Update','无法找到对应表中数据'),(5635192,'juju_orders','id','f4a3a02f-ce23-4327-bd3e-c6a556c98825','New','无法找到对应表中数据'),(5635193,'juju_orders_items','id','2ac556ea-bfef-4135-8d07-a57ae7bac1c8','New','无法找到对应表中数据'),(5635194,'juju_orders_items','id','2ac556ea-bfef-4135-8d07-a57ae7bac1c8','Update','无法找到对应表中数据'),(5635195,'juju_orders','id','05444c4c-070e-41eb-b59c-89195d2cd527','New','无法找到对应表中数据'),(5635196,'juju_orders_items','id','26b18ec1-cc52-4bc0-a749-aebd53ba042b','New','无法找到对应表中数据'),(5635197,'juju_orders_items','id','26b18ec1-cc52-4bc0-a749-aebd53ba042b','Update','无法找到对应表中数据'),(5635198,'juju_orders','id','7afdafdd-2250-4f9c-943d-a8b187775058','New','无法找到对应表中数据'),(5635199,'juju_orders_items','id','543a7c51-f7a5-4aa1-96f5-2bca615cae61','New','无法找到对应表中数据'),(5635200,'juju_orders_items','id','543a7c51-f7a5-4aa1-96f5-2bca615cae61','Update','无法找到对应表中数据'),(5635201,'juju_orders','id','7a575ecc-9482-4dae-bd33-e09d43d5633c','New','无法找到对应表中数据'),(5635202,'juju_orders_items','id','d32bb534-9bf7-4f86-be56-dcb1c194da7d','New','无法找到对应表中数据'),(5635203,'juju_orders_items','id','d32bb534-9bf7-4f86-be56-dcb1c194da7d','Update','无法找到对应表中数据'),(5635204,'juju_orders','id','f1b246c9-100d-4927-a30b-3f0770842f9c','New','无法找到对应表中数据'),(5635205,'juju_orders_items','id','733507a8-2144-4f81-899d-74ba7c87c070','New','无法找到对应表中数据'),(5635206,'juju_orders_items','id','733507a8-2144-4f81-899d-74ba7c87c070','Update','无法找到对应表中数据'),(5635207,'juju_orders','id','ffb26df3-a485-4530-ad8b-801a94c72478','New','无法找到对应表中数据'),(5635208,'juju_orders_items','id','4bc4fd4a-1a1c-4f4e-8d70-8fff635f08f1','New','无法找到对应表中数据'),(5635209,'juju_orders_items','id','4bc4fd4a-1a1c-4f4e-8d70-8fff635f08f1','Update','无法找到对应表中数据'),(5635210,'juju_orders','id','2c26af32-3662-43ce-9156-6b7ef4965862','New','无法找到对应表中数据'),(5635211,'juju_orders_items','id','44b5f3fc-bf3c-4a26-8e20-46d4285d37f7','New','无法找到对应表中数据'),(5635212,'juju_orders_items','id','44b5f3fc-bf3c-4a26-8e20-46d4285d37f7','Update','无法找到对应表中数据'),(5635213,'juju_orders','id','0d6c2585-830e-40e7-a55a-4e84774fb102','New','无法找到对应表中数据'),(5635214,'juju_orders_items','id','487be7ed-e186-409b-9edd-cadcba963f53','New','无法找到对应表中数据'),(5635215,'juju_orders_items','id','487be7ed-e186-409b-9edd-cadcba963f53','Update','无法找到对应表中数据'),(5635216,'juju_orders','id','fe584c0a-168a-4aea-9577-799513b78654','New','无法找到对应表中数据'),(5635217,'juju_orders_items','id','84e82b8b-ade1-44d8-8c6c-f32dbc5dd097','New','无法找到对应表中数据'),(5635218,'juju_orders_items','id','84e82b8b-ade1-44d8-8c6c-f32dbc5dd097','Update','无法找到对应表中数据'),(5635219,'juju_orders','id','69b55ff0-466e-45fe-bd3f-d16b5e4a56e9','New','无法找到对应表中数据'),(5635220,'juju_orders_items','id','77ee2abc-4088-4cad-b99e-8c2fcc65ce1e','New','无法找到对应表中数据'),(5635221,'juju_orders_items','id','77ee2abc-4088-4cad-b99e-8c2fcc65ce1e','Update','无法找到对应表中数据'),(5635222,'juju_orders','id','fc592ada-7966-4292-8fde-511b7fe0cd70','Update','无法找到对应表中数据'),(5635223,'juju_orders','id','fc592ada-7966-4292-8fde-511b7fe0cd70','Update','无法找到对应表中数据'),(5635224,'juju_orders','id','a9451b39-d38f-4076-8457-07f00f6dbed6','Update','无法找到对应表中数据'),(5635225,'juju_orders','id','a9451b39-d38f-4076-8457-07f00f6dbed6','Update','无法找到对应表中数据'),(5635226,'juju_orders','id','a9451b39-d38f-4076-8457-07f00f6dbed6','Update','无法找到对应表中数据'),(5635227,'juju_orders','id','a9451b39-d38f-4076-8457-07f00f6dbed6','Update','无法找到对应表中数据'),(5635228,'juju_orders','id','f4a3a02f-ce23-4327-bd3e-c6a556c98825','Update','无法找到对应表中数据'),(5635229,'juju_orders','id','943d99e4-1eef-4603-9a64-87fa133bdd74','New','无法找到对应表中数据'),(5635230,'juju_orders_items','id','12b94fd5-dc2e-479d-864a-e9d5ba404bf0','New','无法找到对应表中数据'),(5635231,'juju_orders_items','id','12b94fd5-dc2e-479d-864a-e9d5ba404bf0','Update','无法找到对应表中数据'),(5635232,'juju_orders','id','00dce57a-6317-428b-a685-7710b5881127','New','无法找到对应表中数据'),(5635233,'juju_orders_items','id','6544bd1e-e729-4d4f-8697-0ab378ebee67','New','无法找到对应表中数据'),(5635234,'juju_orders_items','id','6544bd1e-e729-4d4f-8697-0ab378ebee67','Update','无法找到对应表中数据'),(5635235,'juju_orders','id','7ecc6bc9-9749-4337-9b8b-956edeff9731','New','无法找到对应表中数据'),(5635236,'juju_orders_items','id','dbfe7b19-a8d6-4e1a-8aff-b801ea8a5ecf','New','无法找到对应表中数据'),(5635237,'juju_orders_items','id','dbfe7b19-a8d6-4e1a-8aff-b801ea8a5ecf','Update','无法找到对应表中数据'),(6632516,'juju_orders','id','ea3ae682-e031-4d5b-8c53-6bdd39fc486f','Update','无法找到对应表中数据'),(6632517,'juju_orders','id','2584be26-22f1-4643-8df5-5b4844556007','Update','无法找到对应表中数据'),(6632518,'juju_orders','id','2584be26-22f1-4643-8df5-5b4844556007','Update','无法找到对应表中数据'),(6632519,'juju_orders','id','2584be26-22f1-4643-8df5-5b4844556007','Update','无法找到对应表中数据'),(6632520,'juju_orders','id','ea3ae682-e031-4d5b-8c53-6bdd39fc486f','Update','无法找到对应表中数据'),(6632521,'juju_orders','id','ea3ae682-e031-4d5b-8c53-6bdd39fc486f','Update','无法找到对应表中数据'),(6632522,'juju_orders','id','894bc279-4230-4e7e-86bd-d4e3cabaf636','Update','无法找到对应表中数据'),(6632523,'juju_orders','id','322e8734-3931-4c56-b1df-13935d126fb6','Update','无法找到对应表中数据'),(6632524,'juju_orders','id','662030a4-f316-4705-bf4a-fb9e1b30eddd','Update','无法找到对应表中数据'),(6632525,'juju_orders','id','4a7bda93-e844-4c46-9d63-3524ec980170','Update','无法找到对应表中数据'),(6632526,'juju_orders','id','f734f563-f828-48dd-a749-aa0fab6aee30','New','无法找到对应表中数据'),(6632527,'juju_orders_items','id','5b029779-314e-4753-b393-94ab306346b8','New','无法找到对应表中数据'),(6632528,'juju_orders_items','id','5b029779-314e-4753-b393-94ab306346b8','Update','无法找到对应表中数据'),(6632529,'juju_orders','id','00342fe9-81e2-4e84-86d5-abff220f4a28','New','无法找到对应表中数据'),(6632530,'juju_orders_items','id','3554da71-2da2-42d0-8491-9f689b6de7a9','New','无法找到对应表中数据'),(6632531,'juju_orders','id','1285853a-dc3f-4994-a088-7ea1cb95dd64','Update','无法找到对应表中数据'),(6632532,'juju_orders','id','322e8734-3931-4c56-b1df-13935d126fb6','Update','无法找到对应表中数据'),(6632533,'juju_orders','id','ec5f9527-064f-40aa-809f-b84eee403b0a','Update','无法找到对应表中数据'),(6632534,'juju_orders','id','ec5f9527-064f-40aa-809f-b84eee403b0a','Update','无法找到对应表中数据'),(6632535,'juju_orders','id','43dd5a67-e47b-4fad-a3b0-4429f6105eb3','Update','无法找到对应表中数据'),(6632536,'juju_orders','id','43dd5a67-e47b-4fad-a3b0-4429f6105eb3','Update','无法找到对应表中数据'),(6632537,'juju_orders','id','2584be26-22f1-4643-8df5-5b4844556007','Update','无法找到对应表中数据'),(6632538,'juju_orders','id','b731bcca-76ac-4f5c-ad6b-599b110f3d08','Update','无法找到对应表中数据'),(6632539,'juju_orders','id','4a3e37b9-f9d8-4fc7-aefe-f8f42c2d1bfc','Update','无法找到对应表中数据'),(6632540,'juju_orders','id','b55adb26-3291-4116-a908-1e13945d43bd','Update','无法找到对应表中数据'),(6632541,'juju_orders','id','b55adb26-3291-4116-a908-1e13945d43bd','Update','无法找到对应表中数据'),(6632542,'juju_orders','id','6636c47b-4a7b-4ec3-8199-ac2c3a7d4e62','New','无法找到对应表中数据'),(6632543,'juju_orders_items','id','bf412974-9319-4b62-b910-d413479b8b42','New','无法找到对应表中数据'),(6632544,'juju_orders_items','id','bf412974-9319-4b62-b910-d413479b8b42','Update','无法找到对应表中数据'),(6632545,'juju_orders','id','f6c4e719-8b84-45ea-98dd-c94f30ce1a36','New','无法找到对应表中数据'),(6632546,'juju_orders_items','id','ff54e4d0-d408-4c3e-895f-a8eeb39e6cb8','New','无法找到对应表中数据'),(6632547,'juju_orders','id','6b2b60a8-ccd4-4619-a512-77336c8fda67','New','无法找到对应表中数据'),(6632548,'juju_orders_items','id','249c9d4a-cfea-44fe-9777-633e6b228d3b','New','无法找到对应表中数据'),(6632549,'juju_orders','id','e6a2a74d-808c-4ddb-b999-dc8235dc9a69','New','无法找到对应表中数据'),(6632550,'juju_orders_items','id','f120142e-97ae-4cc9-ba16-20e20da21692','New','无法找到对应表中数据'),(6632551,'juju_orders','id','88dc35f8-8783-4787-830b-5c9472b67993','New','无法找到对应表中数据'),(6632552,'juju_orders_items','id','a5989688-3d4a-414d-98fa-c2bd030c661c','New','无法找到对应表中数据'),(6632553,'juju_orders','id','62dab5c7-17d1-42c3-9571-ec4b0af54655','New','无法找到对应表中数据'),(6632554,'juju_orders_items','id','2b06f922-86dc-42d1-a2a3-317b6482aebc','New','无法找到对应表中数据'),(6632555,'juju_orders','id','4568bdc1-b642-43d8-8d87-3f3118810fce','New','无法找到对应表中数据'),(6632556,'juju_orders_items','id','9556bb9d-4525-4c06-9c20-283925f20eee','New','无法找到对应表中数据'),(6632557,'juju_orders','id','097a7627-ea1a-41e0-9dc3-52110049b6c7','New','无法找到对应表中数据'),(6632558,'juju_orders_items','id','b1cc6f60-f753-4f2c-8a20-e0ffc0af77e4','New','无法找到对应表中数据'),(6632559,'juju_orders','id','b3651a17-891b-437f-bc02-4420756f0ab9','New','无法找到对应表中数据'),(6632560,'juju_orders_items','id','1efd1fda-fa64-4503-9676-c4aa0f39a81b','New','无法找到对应表中数据'),(6632561,'juju_orders','id','265bbcad-59b9-474c-84bd-767f24193d02','New','无法找到对应表中数据'),(6632562,'juju_orders_items','id','01e54d90-5419-4ca0-8c76-e05f2708a2b9','New','无法找到对应表中数据'),(6632563,'juju_orders_items','id','00000200-d691-11e4-8b5e-005056c00008','Update','无法找到对应表中数据'),(6632564,'juju_orders_items','id','00000200-d691-11e4-8b5e-005056c00008','Update','无法找到对应表中数据'),(6632565,'juju_orders_items','id','00000200-d691-11e4-8b5e-005056c00008','Update','无法找到对应表中数据'),(6632566,'juju_orders_items','id','00000200-d691-11e4-8b5e-005056c00008','Update','无法找到对应表中数据'),(6632567,'juju_orders_items','id','00000200-d691-11e4-8b5e-005056c00008','Update','无法找到对应表中数据'),(6632568,'juju_orders_items','id','00000200-d691-11e4-8b5e-005056c00008','Update','无法找到对应表中数据'),(6632569,'juju_orders','id','1dc9c717-a112-44e2-8868-002147e9af91','New','无法找到对应表中数据'),(6632570,'juju_orders_items','id','c96ea88b-7175-4d11-a947-140d87a2d1f5','New','无法找到对应表中数据'),(6632571,'juju_orders','id','fc0ec905-b907-48ae-9d75-6fcdc585572f','New','无法找到对应表中数据'),(6632572,'juju_orders_items','id','4fc6cac0-7440-43e8-9d92-a5878f396cad','New','无法找到对应表中数据'),(6632573,'juju_orders','id','187daa58-bd22-4208-8f78-2806d4bedaf7','New','无法找到对应表中数据'),(6632574,'juju_orders_items','id','bb1c5c38-211c-4e53-a203-479add9752e2','New','无法找到对应表中数据'),(6632575,'juju_orders','id','3932392c-ce75-4cd7-9294-a6c2a63e1c79','New','无法找到对应表中数据'),(6632576,'juju_orders_items','id','179ff438-252d-47c4-a068-ceeae601fcec','New','无法找到对应表中数据'),(6632577,'juju_orders','id','ba77414d-1124-489a-bbc7-80d80f5a4edc','New','无法找到对应表中数据'),(6632578,'juju_orders_items','id','a17cefaa-5715-421e-8148-001c6247a331','New','无法找到对应表中数据'),(6632579,'juju_orders','id','b88f0acb-4dba-42b7-8140-75db5ad25670','New','无法找到对应表中数据'),(6632580,'juju_orders_items','id','2c09fe2c-3b5d-4df0-a272-b0916b3f4c4b','New','无法找到对应表中数据'),(6632581,'juju_orders','id','9750f816-459e-47a8-ad0a-32e565f2d363','New','无法找到对应表中数据'),(6632582,'juju_orders_items','id','cd9b325b-8692-4eaa-9e40-bba906c8a543','New','无法找到对应表中数据'),(6632583,'juju_orders_items','id','00000200-d691-11e4-8b5e-005056c00008','Update','无法找到对应表中数据'),(6632584,'juju_orders','id','8c51f800-9ae9-4bc2-a107-291f8576bf16','Update','无法找到对应表中数据'),(6632585,'juju_orders_items','id','00000200-d691-11e4-8b5e-005056c00008','Update','无法找到对应表中数据'),(6632586,'juju_orders','id','6c4b3a81-7587-49fd-abe2-2e7c4177beb4','New','无法找到对应表中数据'),(6632587,'juju_orders_items','id','7cbd7985-b4d1-4b59-8e30-10080e4b0408','New','无法找到对应表中数据'),(6632588,'juju_orders_items','id','00000200-d691-11e4-8b5e-005056c00008','Update','无法找到对应表中数据'),(6632589,'juju_orders_items','id','00000200-d691-11e4-8b5e-005056c00008','Update','无法找到对应表中数据'),(6632590,'juju_orders','id','b347ddba-99e1-4732-b850-126a2d92fb68','New','无法找到对应表中数据'),(6632591,'juju_orders_items','id','babcaa63-2be1-48dd-8e15-df60e2041a15','New','无法找到对应表中数据'),(6632592,'juju_orders','id','fe9a2b65-504c-4623-80e7-6fa9b8e2de0f','New','无法找到对应表中数据'),(6632593,'juju_orders_items','id','aca27813-5d32-4630-9403-35a78c3f8448','New','无法找到对应表中数据'),(6632594,'juju_orders','id','a763ebc1-3ab7-49a8-afb7-dcca1e3ac5fb','New','无法找到对应表中数据'),(6632595,'juju_orders_items','id','dbe0ddff-988f-4667-a48e-4f40f58536e9','New','无法找到对应表中数据'),(6632596,'juju_orders','id','62468be3-3136-41ed-bf92-96ca79853c5d','New','无法找到对应表中数据'),(6632597,'juju_orders_items','id','1a6106c2-325d-4818-9926-7e91433d58e6','New','无法找到对应表中数据'),(6632598,'juju_orders','id','8d549fe8-7675-4034-a02e-49cdd8cf4a1b','New','无法找到对应表中数据'),(6632599,'juju_orders_items','id','22183908-148c-4fb7-beec-cea487b174cf','New','无法找到对应表中数据'),(6632600,'juju_orders','id','90e0109e-763e-4a0f-8b73-6e50dcd1177d','New','无法找到对应表中数据'),(6632601,'juju_orders_items','id','7c238068-977c-477e-ab39-460278fdccbb','New','无法找到对应表中数据'),(6632602,'juju_orders','id','d392ac9b-0167-4c26-be8f-e0bd9b1a4794','New','无法找到对应表中数据'),(6632603,'juju_orders_items','id','a2f15892-506a-4afb-928c-313420d995a1','New','无法找到对应表中数据'),(6632604,'juju_orders','id','fab9808f-3be7-4525-96b4-a29000b74c9f','New','无法找到对应表中数据'),(6632605,'juju_orders_items','id','e32fe6b4-db76-4067-b265-c0c749094b79','New','无法找到对应表中数据'),(6632606,'juju_orders','id','788cd588-5bfc-498c-88bf-a10460a7f707','New','无法找到对应表中数据'),(6632607,'juju_orders_items','id','a83bf9b3-9f91-4e4d-b97b-b88fcf0d8c0b','New','无法找到对应表中数据'),(6632608,'juju_orders','id','2113e9d0-9b00-426a-b9b4-944b4456d6a8','New','无法找到对应表中数据'),(6632609,'juju_orders_items','id','b23efe28-2790-4353-bced-96f8a8e8866b','New','无法找到对应表中数据'),(6632610,'juju_orders','id','202f92f2-7a05-4e6b-be42-abb3fddacc8d','New','无法找到对应表中数据'),(6632611,'juju_orders_items','id','e0b0c1a0-8b8d-41fd-b577-2c8edea05453','New','无法找到对应表中数据'),(6632612,'juju_orders','id','72e8c512-afa2-46e9-83f5-92944fc7d8b1','New','无法找到对应表中数据'),(6632613,'juju_orders_items','id','f7748d8a-29dd-4dd4-9de5-a9bbae491e50','New','无法找到对应表中数据'),(6632614,'juju_orders','id','0431f0f7-e4dd-4bb6-8535-60f484052664','New','无法找到对应表中数据'),(6632615,'juju_orders_items','id','073b6c4c-7591-4403-a08f-0065694989f0','New','无法找到对应表中数据');

/*!40101 SET SQL_MODE=@OLD_SQL_MODE */;
/*!40014 SET FOREIGN_KEY_CHECKS=@OLD_FOREIGN_KEY_CHECKS */;
/*!40014 SET UNIQUE_CHECKS=@OLD_UNIQUE_CHECKS */;
/*!40111 SET SQL_NOTES=@OLD_SQL_NOTES */;
